{
  "timestamp_utc": "2026-02-19T12:03:03.190031+00:00",
  "inputs": {
    "metrics_csv": "/home/fahbrain/projects/omnimind/reports_runtime/space_weather_merged_historical_20260209T154121Z.csv",
    "covariates_csv": "/home/fahbrain/projects/omnimind/reports_runtime/cosmic_covariates_20260219T021619Z.csv",
    "minute_col": "minute",
    "qdrant_url": "http://127.0.0.1:6333",
    "collection": "bio_aging_cellular_proxies_live",
    "downsample_step": 1,
    "limit": 0
  },
  "dataset_range": {
    "min_utc": "2025-12-25 00:59:00+00:00",
    "max_utc": "2026-01-24 23:59:00+00:00",
    "rows_used": 44581
  },
  "proxies": {
    "definitions": {
      "senescence_proxy": "abs(d15_rekh_proxy)",
      "mitophagy_proxy": "rolling_mean_300(moon_illum_frac)",
      "immune_reentry_proxy": "pow(diff2(sun_moon_sep_deg), 2)",
      "hsc_mielo_proxy": "rolling_std_1440(d15_seshet_proxy or d15_rekh_proxy)"
    },
    "correlations": {
      "senescence_vs_immune_reentry": {
        "n": 44581,
        "pearson_r": 0.0004583796528399714,
        "pearson_p": 0.922900671358522,
        "spearman_r": -0.012983926142223358,
        "spearman_p": 0.0061160751468510785
      },
      "mitophagy_vs_senescence": {
        "n": 44581,
        "pearson_r": -0.3411756832509929,
        "pearson_p": 0.0,
        "spearman_r": -0.31517013858165804,
        "spearman_p": 0.0
      },
      "d15_vs_immune_reentry": {
        "n": 44581,
        "pearson_r": 0.0004583796528399714,
        "pearson_p": 0.922900671358522,
        "spearman_r": -0.012983926142223358,
        "spearman_p": 0.0061160751468510785
      },
      "moonillum_vs_mitophagy": {
        "n": 44581,
        "pearson_r": 0.9997162722109603,
        "pearson_p": 0.0,
        "spearman_r": 0.9996723293609043,
        "spearman_p": 0.0
      },
      "house12_vs_senescence": {
        "n": 44581,
        "pearson_r": 0.30665979024325823,
        "pearson_p": 0.0,
        "spearman_r": 0.30082009630494383,
        "spearman_p": 0.0
      },
      "sector15_vs_senescence": {
        "n": 44581,
        "pearson_r": 0.3066597902432582,
        "pearson_p": 0.0,
        "spearman_r": 0.30082009630494383,
        "spearman_p": 0.0
      }
    },
    "senolytic_gate_analysis": {
      "q80_senescence_threshold": 0.24522238163558108,
      "pre_corr_d15_vs_immune_reentry": {
        "n": 44581,
        "pearson_r": 0.0004583796528399714,
        "pearson_p": 0.922900671358522,
        "spearman_r": -0.012983926142223358,
        "spearman_p": 0.0061160751468510785
      },
      "post_corr_d15_vs_immune_reentry": {
        "n": 36236,
        "pearson_r": -0.037245104529134904,
        "pearson_p": 1.3208902606194026e-12,
        "spearman_r": -0.05071182425243595,
        "spearman_p": 4.490923830055797e-22
      },
      "rows_post_gate": 36236
    },
    "clusters_k_used": 4,
    "cluster_stats": [
      {
        "aging_cluster": 0,
        "senescence_proxy_mean": 0.21362908154356033,
        "senescence_proxy_median": 0.21652797704447635,
        "senescence_proxy_count": 10831,
        "mitophagy_proxy_mean": 0.3156939779294576,
        "mitophagy_proxy_median": 0.30930782642571086,
        "mitophagy_proxy_count": 10831,
        "immune_reentry_proxy_mean": 0.0002921257776358506,
        "immune_reentry_proxy_median": 0.0002750915029716975,
        "immune_reentry_proxy_count": 10831,
        "hsc_mielo_proxy_mean": 0.029128028176302466,
        "hsc_mielo_proxy_median": 0.030373631444168877,
        "hsc_mielo_proxy_count": 10831
      },
      {
        "aging_cluster": 1,
        "senescence_proxy_mean": 0.1944634171576537,
        "senescence_proxy_median": 0.19738880918220947,
        "senescence_proxy_count": 12168,
        "mitophagy_proxy_mean": 0.9195121929918084,
        "mitophagy_proxy_median": 0.9357219398835511,
        "mitophagy_proxy_count": 12168,
        "immune_reentry_proxy_mean": 0.00033639951120397664,
        "immune_reentry_proxy_median": 0.00030197267425092675,
        "immune_reentry_proxy_count": 12168,
        "hsc_mielo_proxy_mean": 0.03246474850567599,
        "hsc_mielo_proxy_median": 0.028678339876219188,
        "hsc_mielo_proxy_count": 12168
      },
      {
        "aging_cluster": 2,
        "senescence_proxy_mean": 0.2054421629085607,
        "senescence_proxy_median": 0.19738880918220947,
        "senescence_proxy_count": 8691,
        "mitophagy_proxy_mean": 0.6237316407923728,
        "mitophagy_proxy_median": 0.6258672502643327,
        "mitophagy_proxy_count": 8691,
        "immune_reentry_proxy_mean": 0.00030515384761299234,
        "immune_reentry_proxy_median": 0.00027945626700654673,
        "immune_reentry_proxy_count": 8691,
        "hsc_mielo_proxy_mean": 0.02959867501006752,
        "hsc_mielo_proxy_median": 0.027658737357105063,
        "hsc_mielo_proxy_count": 8691
      },
      {
        "aging_cluster": 3,
        "senescence_proxy_mean": 0.24219727719064854,
        "senescence_proxy_median": 0.22678898408802442,
        "senescence_proxy_count": 12891,
        "mitophagy_proxy_mean": 0.06537407138642679,
        "mitophagy_proxy_median": 0.049720501326330144,
        "mitophagy_proxy_count": 12891,
        "immune_reentry_proxy_mean": 0.0002575081170534673,
        "immune_reentry_proxy_median": 0.00022698895791321383,
        "immune_reentry_proxy_count": 12891,
        "hsc_mielo_proxy_mean": 0.037549923636679056,
        "hsc_mielo_proxy_median": 0.03237471491363249,
        "hsc_mielo_proxy_count": 12891
      }
    ]
  },
  "qdrant_materialization": {
    "collection": "bio_aging_cellular_proxies_live",
    "vector_size": 8,
    "points_upserted": 44581,
    "vector_fields": [
      "senescence_proxy",
      "mitophagy_proxy",
      "immune_reentry_proxy",
      "hsc_mielo_proxy",
      "moon_illum_frac",
      "sun_moon_sep_deg",
      "d15_rekh_proxy",
      "tod_frac"
    ]
  },
  "disease_inventory": {
    "collections": [
      {
        "name": "bio_colorectal_activity_bmi_live",
        "labels": [
          "metabolic_microbiome"
        ],
        "points": 4545
      },
      {
        "name": "bio_hiv_acquisition_meta_15houses_live",
        "labels": [
          "hiv"
        ],
        "points": 1500
      },
      {
        "name": "bio_mosites_microbiome_kenya_live",
        "labels": [
          "metabolic_microbiome"
        ],
        "points": 602
      },
      {
        "name": "bio_16s_gut_microbiome_meta_live",
        "labels": [
          "metabolic_microbiome"
        ],
        "points": 458
      },
      {
        "name": "bio_lupus_wave_20260218",
        "labels": [
          "lupus"
        ],
        "points": 247
      },
      {
        "name": "bio_microbiome_ship_trend_glaucoma_live",
        "labels": [
          "metabolic_microbiome"
        ],
        "points": 80
      },
      {
        "name": "bio_hiv_gwas_ccr5_15houses_live",
        "labels": [
          "hiv"
        ],
        "points": 79
      },
      {
        "name": "bio_external_dm2_lupus_15houses_live",
        "labels": [
          "lupus",
          "metabolic_microbiome"
        ],
        "points": 27
      },
      {
        "name": "bio_diabetes_t2_15houses_live",
        "labels": [
          "metabolic_microbiome"
        ],
        "points": 15
      },
      {
        "name": "bio_hiv_dual_strain_sim_live",
        "labels": [
          "hiv"
        ],
        "points": 6
      },
      {
        "name": "bio_hiv_cohabitation_monthly_safe_live",
        "labels": [
          "hiv"
        ],
        "points": 6
      },
      {
        "name": "bio_hiv_sle_12m_extensions_live",
        "labels": [
          "hiv",
          "lupus"
        ],
        "points": 5
      },
      {
        "name": "bio_lupus_wrapper_tolerance_live",
        "labels": [
          "lupus"
        ],
        "points": 4
      },
      {
        "name": "bio_diabetes_t2_wave_20260218",
        "labels": [
          "metabolic_microbiome"
        ],
        "points": 3
      },
      {
        "name": "bio_hiv_wrapper_functional_cure_live",
        "labels": [
          "hiv"
        ],
        "points": 3
      },
      {
        "name": "bio_reproductive_obesity_microbiome_live",
        "labels": [
          "metabolic_microbiome"
        ],
        "points": 3
      },
      {
        "name": "omnimind_bio_nuclear_rich_nndc_endf_archives_analysis_20260217t210253z_0a419808_20260217",
        "labels": [
          "hiv"
        ],
        "points": 2
      },
      {
        "name": "omnimind_bio_hiv_lupus_phagocytosis_cephia_18635252_zip_analysis_20260217t184037z_bb0a4701_20260217",
        "labels": [
          "hiv",
          "lupus"
        ],
        "points": 2
      },
      {
        "name": "omnimind_bio_hiv_lupus_phagocytosis_hiv_18408552_zip_analysis_20260217t184039z_5865d023_20260217",
        "labels": [
          "hiv",
          "lupus"
        ],
        "points": 2
      },
      {
        "name": "omnimind_bio_hiv_lupus_phagocytosis_pbmc_18161013_zip_analysis_20260217t184036z_183559c2_20260217",
        "labels": [
          "hiv",
          "lupus"
        ],
        "points": 2
      },
      {
        "name": "omnimind_fagocitose_bridge_digital_phagocytosis_hiv_lupus_bridge_20260217t210713z_f0ed56cc_20260217",
        "labels": [
          "hiv",
          "lupus"
        ],
        "points": 2
      },
      {
        "name": "omnimind_bio_nuclear_rich_rojected_the_epidemiological_and_economic_impact_of_preference_driven_hiv_184085_dec083d6_20260217",
        "labels": [
          "hiv"
        ],
        "points": 2
      },
      {
        "name": "omnimind_bio_hiv_lupus_phagocytosis_shiv_song_zip_analysis_20260217t184042z_3dc20a04_20260217",
        "labels": [
          "hiv",
          "lupus"
        ],
        "points": 2
      },
      {
        "name": "omnimind_bio_hiv_lupus_phagocytosis_trimrepo_hiv_zip_analysis_20260217t184040z_93cb8a1c_20260217",
        "labels": [
          "hiv",
          "lupus"
        ],
        "points": 2
      },
      {
        "name": "omnimind_bio_hiv_lupus_phagocytosis_hiv_18408552_zip_analysis_20260217t184039z_e1cbe8e6_20260217",
        "labels": [
          "hiv",
          "lupus"
        ],
        "points": 1
      },
      {
        "name": "omnimind_bio_hiv_lupus_phagocytosis_cephia_18635252_zip_analysis_20260217t184037z_6d512280_20260217",
        "labels": [
          "hiv",
          "lupus"
        ],
        "points": 1
      },
      {
        "name": "omnimind_bio_hiv_lupus_phagocytosis_shiv_song_zip_analysis_20260217t184042z_9ac67db0_20260217",
        "labels": [
          "hiv",
          "lupus"
        ],
        "points": 1
      },
      {
        "name": "omnimind_fagocitose_bridge_digital_phagocytosis_hiv_lupus_bridge_20260217t210713z_9675262b_20260217",
        "labels": [
          "hiv",
          "lupus"
        ],
        "points": 1
      },
      {
        "name": "omnimind_bio_hiv_lupus_phagocytosis_trimrepo_hiv_zip_analysis_20260217t184040z_7bb76552_20260217",
        "labels": [
          "hiv",
          "lupus"
        ],
        "points": 1
      },
      {
        "name": "omnimind_triad_bio_local_20260217_shiv_song_v1_0_f5a5800c_20260217",
        "labels": [
          "hiv"
        ],
        "points": 1
      },
      {
        "name": "omnimind_bio_nuclear_rich_nndc_endf_archives_analysis_20260217t210253z_bd7202c1_20260217",
        "labels": [
          "hiv"
        ],
        "points": 1
      },
      {
        "name": "omnimind_bio_nuclear_rich_rojected_the_epidemiological_and_economic_impact_of_preference_driven_hiv_184085_0adfce1f_20260217",
        "labels": [
          "hiv"
        ],
        "points": 1
      },
      {
        "name": "omnimind_bio_hiv_lupus_phagocytosis_pbmc_18161013_zip_analysis_20260217t184036z_4fc6e5c7_20260217",
        "labels": [
          "hiv",
          "lupus"
        ],
        "points": 1
      },
      {
        "name": "omnimind_triad_bio_local_20260217_rojected_the_epidemiological_and_economic_impact_of_preference_driven_hiv_184085_4245679e_20260217",
        "labels": [
          "hiv"
        ],
        "points": 1
      }
    ],
    "points_by_label": {
      "hiv": 1625,
      "lupus": 301,
      "metabolic_microbiome": 5733
    }
  },
  "d12_d15_compatibility": {
    "house_d12_counts": {
      "1": 22397,
      "12": 22184
    },
    "sector_d15_counts": {
      "1": 22397,
      "15": 22184
    },
    "top_d12_d15_pairs": [
      {
        "house_d12": 1,
        "sector_d15": 1,
        "n": 22397
      },
      {
        "house_d12": 12,
        "sector_d15": 15,
        "n": 22184
      }
    ],
    "note": "Compatibility layer keeps historical D12 partition and current 15-sector partition over the same real phase reference."
  },
  "self_refinement_candidates": [
    {
      "from": "hsc_mielo_proxy",
      "to": "senescence_proxy",
      "pearson_r": 0.37238597482932667,
      "action_hint": "monitor_link"
    },
    {
      "from": "d15_rekh_proxy",
      "to": "hsc_mielo_proxy",
      "pearson_r": 0.3723859748293266,
      "action_hint": "monitor_link"
    },
    {
      "from": "mitophagy_proxy",
      "to": "senescence_proxy",
      "pearson_r": -0.3411756832510015,
      "action_hint": "monitor_link"
    },
    {
      "from": "d15_rekh_proxy",
      "to": "mitophagy_proxy",
      "pearson_r": -0.34117568325100145,
      "action_hint": "monitor_link"
    },
    {
      "from": "immune_reentry_proxy",
      "to": "mitophagy_proxy",
      "pearson_r": 0.1529978786977749,
      "action_hint": "monitor_link"
    },
    {
      "from": "hsc_mielo_proxy",
      "to": "mitophagy_proxy",
      "pearson_r": -0.11011652614908662,
      "action_hint": "monitor_link"
    },
    {
      "from": "hsc_mielo_proxy",
      "to": "immune_reentry_proxy",
      "pearson_r": -0.03884021911883633,
      "action_hint": "monitor_link"
    },
    {
      "from": "d15_rekh_proxy",
      "to": "immune_reentry_proxy",
      "pearson_r": 0.0004583796528346029,
      "action_hint": "monitor_link"
    },
    {
      "from": "immune_reentry_proxy",
      "to": "senescence_proxy",
      "pearson_r": 0.0004583796528345909,
      "action_hint": "monitor_link"
    }
  ],
  "figure": "/home/fahbrain/projects/omnimind/output/img/aging_studies_integration_realdata_20260219T120225Z.png",
  "status_candidate": "PASS_LOCAL",
  "no_simulation_note": "All outputs derive from local real datasets and deterministic transforms over observed rows. No synthetic time-series generation and no random payload injection."
}
