{
  "timestamp_utc": "2026-02-19T12:57:03.290951+00:00",
  "inputs": {
    "metrics_csv": "/home/fahbrain/projects/omnimind/reports_runtime/space_weather_merged_historical_20260209T154121Z.csv",
    "covariates_csv": "/home/fahbrain/projects/omnimind/reports_runtime/cosmic_covariates_20260219T021619Z.csv",
    "minute_col": "minute",
    "qdrant_url": "http://127.0.0.1:6333",
    "collection": "bio_aging_cellular_proxies_live",
    "downsample_step": 1,
    "limit": 0
  },
  "dataset_range": {
    "min_utc": "2025-12-25 00:59:00+00:00",
    "max_utc": "2026-01-24 23:59:00+00:00",
    "rows_used": 44581
  },
  "proxies": {
    "definitions": {
      "senescence_proxy": "abs(d15_rekh_proxy)",
      "mitophagy_proxy": "rolling_mean_300(moon_illum_frac)",
      "immune_reentry_proxy": "pow(diff2(sun_moon_sep_deg), 2)",
      "hsc_mielo_proxy": "rolling_std_1440(d15_seshet_proxy or d15_rekh_proxy)"
    },
    "correlations": {
      "senescence_vs_immune_reentry": {
        "n": 44581,
        "pearson_r": 0.0004583796528399714,
        "pearson_p": 0.922900671358522,
        "spearman_r": -0.012983926142223358,
        "spearman_p": 0.0061160751468510785
      },
      "mitophagy_vs_senescence": {
        "n": 44581,
        "pearson_r": -0.3411756832509929,
        "pearson_p": 0.0,
        "spearman_r": -0.31517013858165804,
        "spearman_p": 0.0
      },
      "d15_vs_immune_reentry": {
        "n": 44581,
        "pearson_r": 0.0004583796528399714,
        "pearson_p": 0.922900671358522,
        "spearman_r": -0.012983926142223358,
        "spearman_p": 0.0061160751468510785
      },
      "moonillum_vs_mitophagy": {
        "n": 44581,
        "pearson_r": 0.9997162722109603,
        "pearson_p": 0.0,
        "spearman_r": 0.9996723293609043,
        "spearman_p": 0.0
      },
      "house12_vs_senescence": {
        "n": 44581,
        "pearson_r": -0.13262815839355213,
        "pearson_p": 4.589248544308219e-174,
        "spearman_r": -0.033679706938834736,
        "spearman_p": 1.1352791394796467e-12
      },
      "sector15_vs_senescence": {
        "n": 44581,
        "pearson_r": -0.12188744867297707,
        "pearson_p": 3.9563778356732456e-147,
        "spearman_r": -0.01947889882607344,
        "spearman_p": 3.9039621707400266e-05
      },
      "mitophagy_orth_vs_senescence": {
        "n": 44581,
        "pearson_r": 0.019303711597662795,
        "pearson_p": 4.5798844197591265e-05,
        "spearman_r": 0.055813986669672834,
        "spearman_p": 4.214116100920448e-32
      }
    },
    "senolytic_gate_analysis": {
      "q80_senescence_threshold": 0.24522238163558108,
      "pre_corr_d15_vs_immune_reentry": {
        "n": 44581,
        "pearson_r": 0.0004583796528399714,
        "pearson_p": 0.922900671358522,
        "spearman_r": -0.012983926142223358,
        "spearman_p": 0.0061160751468510785
      },
      "post_corr_d15_vs_immune_reentry": {
        "n": 36236,
        "pearson_r": -0.037245104529134904,
        "pearson_p": 1.3208902606194026e-12,
        "spearman_r": -0.05071182425243595,
        "spearman_p": 4.490923830055797e-22
      },
      "rows_post_gate": 36236
    },
    "clusters_k_used": 4,
    "cluster_stats": [
      {
        "aging_cluster": 0,
        "senescence_proxy_mean": 0.21362908154356033,
        "senescence_proxy_median": 0.21652797704447635,
        "senescence_proxy_count": 10831,
        "mitophagy_proxy_mean": 0.3156939779294576,
        "mitophagy_proxy_median": 0.30930782642571086,
        "mitophagy_proxy_count": 10831,
        "immune_reentry_proxy_mean": 0.0002921257776358506,
        "immune_reentry_proxy_median": 0.0002750915029716975,
        "immune_reentry_proxy_count": 10831,
        "hsc_mielo_proxy_mean": 0.029128028176302466,
        "hsc_mielo_proxy_median": 0.030373631444168877,
        "hsc_mielo_proxy_count": 10831
      },
      {
        "aging_cluster": 1,
        "senescence_proxy_mean": 0.1944634171576537,
        "senescence_proxy_median": 0.19738880918220947,
        "senescence_proxy_count": 12168,
        "mitophagy_proxy_mean": 0.9195121929918084,
        "mitophagy_proxy_median": 0.9357219398835511,
        "mitophagy_proxy_count": 12168,
        "immune_reentry_proxy_mean": 0.00033639951120397664,
        "immune_reentry_proxy_median": 0.00030197267425092675,
        "immune_reentry_proxy_count": 12168,
        "hsc_mielo_proxy_mean": 0.03246474850567599,
        "hsc_mielo_proxy_median": 0.028678339876219188,
        "hsc_mielo_proxy_count": 12168
      },
      {
        "aging_cluster": 2,
        "senescence_proxy_mean": 0.2054421629085607,
        "senescence_proxy_median": 0.19738880918220947,
        "senescence_proxy_count": 8691,
        "mitophagy_proxy_mean": 0.6237316407923728,
        "mitophagy_proxy_median": 0.6258672502643327,
        "mitophagy_proxy_count": 8691,
        "immune_reentry_proxy_mean": 0.00030515384761299234,
        "immune_reentry_proxy_median": 0.00027945626700654673,
        "immune_reentry_proxy_count": 8691,
        "hsc_mielo_proxy_mean": 0.02959867501006752,
        "hsc_mielo_proxy_median": 0.027658737357105063,
        "hsc_mielo_proxy_count": 8691
      },
      {
        "aging_cluster": 3,
        "senescence_proxy_mean": 0.24219727719064854,
        "senescence_proxy_median": 0.22678898408802442,
        "senescence_proxy_count": 12891,
        "mitophagy_proxy_mean": 0.06537407138642679,
        "mitophagy_proxy_median": 0.049720501326330144,
        "mitophagy_proxy_count": 12891,
        "immune_reentry_proxy_mean": 0.0002575081170534673,
        "immune_reentry_proxy_median": 0.00022698895791321383,
        "immune_reentry_proxy_count": 12891,
        "hsc_mielo_proxy_mean": 0.037549923636679056,
        "hsc_mielo_proxy_median": 0.03237471491363249,
        "hsc_mielo_proxy_count": 12891
      }
    ],
    "orthogonalization": {
      "moon_to_mitophagy_r2": 0.9994326249233785,
      "method": "mitophagy_orthogonal = mitophagy_proxy - LinearRegression(moon_illum_frac->mitophagy_proxy)"
    },
    "granger_mitophagy_orth_vs_senescence": {
      "mitophagy_orthogonal_causes_senescence": [
        {
          "lag": 1,
          "F": 1.1807092807037476,
          "p": 0.277217522955359
        },
        {
          "lag": 2,
          "F": 5.397091916694633,
          "p": 0.0045326952722676795
        },
        {
          "lag": 3,
          "F": 1.8081423987753313,
          "p": 0.14324583955148504
        },
        {
          "lag": 4,
          "F": 0.8175458047088421,
          "p": 0.5136777249355329
        },
        {
          "lag": 5,
          "F": 0.45317930500519965,
          "p": 0.8112597717072852
        },
        {
          "lag": 6,
          "F": 0.276416604672631,
          "p": 0.9482767181772493
        },
        {
          "lag": 7,
          "F": 0.1854212790423209,
          "p": 0.9884926707918028
        },
        {
          "lag": 8,
          "F": 0.12653447043717542,
          "p": 0.9981692533341289
        },
        {
          "lag": 9,
          "F": 0.10131982839231665,
          "p": 0.9996150560062285
        },
        {
          "lag": 10,
          "F": 0.08165663596619632,
          "p": 0.9999325842177476
        }
      ],
      "senescence_causes_mitophagy_orthogonal": [
        {
          "lag": 1,
          "F": 366.7324113078026,
          "p": 2.0475051989200816e-81
        },
        {
          "lag": 2,
          "F": 4.926084391239169,
          "p": 0.007258804983777169
        },
        {
          "lag": 3,
          "F": 3.0175574369017646,
          "p": 0.028609336476294142
        },
        {
          "lag": 4,
          "F": 2.0662491142411583,
          "p": 0.08235864326987365
        },
        {
          "lag": 5,
          "F": 1.511035383648304,
          "p": 0.18253912027831334
        },
        {
          "lag": 6,
          "F": 1.1550958141542564,
          "p": 0.32733676655541366
        },
        {
          "lag": 7,
          "F": 0.9117585084606169,
          "p": 0.49589501652678025
        },
        {
          "lag": 8,
          "F": 0.7376418896744167,
          "p": 0.6583045738001996
        },
        {
          "lag": 9,
          "F": 0.6085513089058282,
          "p": 0.7908990940137782
        },
        {
          "lag": 10,
          "F": 0.510273518250364,
          "p": 0.8841988949537561
        }
      ]
    }
  },
  "qdrant_materialization": {
    "collection": "bio_aging_cellular_proxies_live",
    "vector_size": 8,
    "points_upserted": 44581,
    "vector_fields": [
      "senescence_proxy",
      "mitophagy_proxy",
      "immune_reentry_proxy",
      "hsc_mielo_proxy",
      "moon_illum_frac",
      "sun_moon_sep_deg",
      "d15_rekh_proxy",
      "tod_frac"
    ]
  },
  "disease_inventory": {
    "collections": [
      {
        "name": "bio_colorectal_activity_bmi_live",
        "labels": [
          "metabolic_microbiome"
        ],
        "points": 4545
      },
      {
        "name": "bio_hiv_acquisition_meta_15houses_live",
        "labels": [
          "hiv"
        ],
        "points": 1500
      },
      {
        "name": "bio_mosites_microbiome_kenya_live",
        "labels": [
          "metabolic_microbiome"
        ],
        "points": 602
      },
      {
        "name": "bio_16s_gut_microbiome_meta_live",
        "labels": [
          "metabolic_microbiome"
        ],
        "points": 458
      },
      {
        "name": "bio_lupus_wave_20260218",
        "labels": [
          "lupus"
        ],
        "points": 247
      },
      {
        "name": "bio_microbiome_ship_trend_glaucoma_live",
        "labels": [
          "metabolic_microbiome"
        ],
        "points": 80
      },
      {
        "name": "bio_hiv_gwas_ccr5_15houses_live",
        "labels": [
          "hiv"
        ],
        "points": 79
      },
      {
        "name": "bio_external_dm2_lupus_15houses_live",
        "labels": [
          "lupus",
          "metabolic_microbiome"
        ],
        "points": 27
      },
      {
        "name": "bio_diabetes_t2_15houses_live",
        "labels": [
          "metabolic_microbiome"
        ],
        "points": 15
      },
      {
        "name": "bio_hiv_dual_strain_sim_live",
        "labels": [
          "hiv"
        ],
        "points": 6
      },
      {
        "name": "bio_hiv_cohabitation_monthly_safe_live",
        "labels": [
          "hiv"
        ],
        "points": 6
      },
      {
        "name": "bio_hiv_sle_12m_extensions_live",
        "labels": [
          "hiv",
          "lupus"
        ],
        "points": 5
      },
      {
        "name": "bio_lupus_wrapper_tolerance_live",
        "labels": [
          "lupus"
        ],
        "points": 4
      },
      {
        "name": "bio_diabetes_t2_wave_20260218",
        "labels": [
          "metabolic_microbiome"
        ],
        "points": 3
      },
      {
        "name": "bio_hiv_wrapper_functional_cure_live",
        "labels": [
          "hiv"
        ],
        "points": 3
      },
      {
        "name": "bio_reproductive_obesity_microbiome_live",
        "labels": [
          "metabolic_microbiome"
        ],
        "points": 3
      },
      {
        "name": "omnimind_bio_nuclear_rich_nndc_endf_archives_analysis_20260217t210253z_0a419808_20260217",
        "labels": [
          "hiv"
        ],
        "points": 2
      },
      {
        "name": "omnimind_bio_hiv_lupus_phagocytosis_cephia_18635252_zip_analysis_20260217t184037z_bb0a4701_20260217",
        "labels": [
          "hiv",
          "lupus"
        ],
        "points": 2
      },
      {
        "name": "omnimind_bio_hiv_lupus_phagocytosis_hiv_18408552_zip_analysis_20260217t184039z_5865d023_20260217",
        "labels": [
          "hiv",
          "lupus"
        ],
        "points": 2
      },
      {
        "name": "omnimind_bio_hiv_lupus_phagocytosis_pbmc_18161013_zip_analysis_20260217t184036z_183559c2_20260217",
        "labels": [
          "hiv",
          "lupus"
        ],
        "points": 2
      },
      {
        "name": "omnimind_fagocitose_bridge_digital_phagocytosis_hiv_lupus_bridge_20260217t210713z_f0ed56cc_20260217",
        "labels": [
          "hiv",
          "lupus"
        ],
        "points": 2
      },
      {
        "name": "omnimind_bio_nuclear_rich_rojected_the_epidemiological_and_economic_impact_of_preference_driven_hiv_184085_dec083d6_20260217",
        "labels": [
          "hiv"
        ],
        "points": 2
      },
      {
        "name": "omnimind_bio_hiv_lupus_phagocytosis_shiv_song_zip_analysis_20260217t184042z_3dc20a04_20260217",
        "labels": [
          "hiv",
          "lupus"
        ],
        "points": 2
      },
      {
        "name": "omnimind_bio_hiv_lupus_phagocytosis_trimrepo_hiv_zip_analysis_20260217t184040z_93cb8a1c_20260217",
        "labels": [
          "hiv",
          "lupus"
        ],
        "points": 2
      },
      {
        "name": "omnimind_bio_hiv_lupus_phagocytosis_hiv_18408552_zip_analysis_20260217t184039z_e1cbe8e6_20260217",
        "labels": [
          "hiv",
          "lupus"
        ],
        "points": 1
      },
      {
        "name": "omnimind_bio_hiv_lupus_phagocytosis_cephia_18635252_zip_analysis_20260217t184037z_6d512280_20260217",
        "labels": [
          "hiv",
          "lupus"
        ],
        "points": 1
      },
      {
        "name": "omnimind_bio_hiv_lupus_phagocytosis_shiv_song_zip_analysis_20260217t184042z_9ac67db0_20260217",
        "labels": [
          "hiv",
          "lupus"
        ],
        "points": 1
      },
      {
        "name": "omnimind_fagocitose_bridge_digital_phagocytosis_hiv_lupus_bridge_20260217t210713z_9675262b_20260217",
        "labels": [
          "hiv",
          "lupus"
        ],
        "points": 1
      },
      {
        "name": "omnimind_bio_hiv_lupus_phagocytosis_trimrepo_hiv_zip_analysis_20260217t184040z_7bb76552_20260217",
        "labels": [
          "hiv",
          "lupus"
        ],
        "points": 1
      },
      {
        "name": "omnimind_triad_bio_local_20260217_shiv_song_v1_0_f5a5800c_20260217",
        "labels": [
          "hiv"
        ],
        "points": 1
      },
      {
        "name": "omnimind_bio_nuclear_rich_nndc_endf_archives_analysis_20260217t210253z_bd7202c1_20260217",
        "labels": [
          "hiv"
        ],
        "points": 1
      },
      {
        "name": "omnimind_bio_nuclear_rich_rojected_the_epidemiological_and_economic_impact_of_preference_driven_hiv_184085_0adfce1f_20260217",
        "labels": [
          "hiv"
        ],
        "points": 1
      },
      {
        "name": "omnimind_bio_hiv_lupus_phagocytosis_pbmc_18161013_zip_analysis_20260217t184036z_4fc6e5c7_20260217",
        "labels": [
          "hiv",
          "lupus"
        ],
        "points": 1
      },
      {
        "name": "omnimind_triad_bio_local_20260217_rojected_the_epidemiological_and_economic_impact_of_preference_driven_hiv_184085_4245679e_20260217",
        "labels": [
          "hiv"
        ],
        "points": 1
      }
    ],
    "points_by_label": {
      "hiv": 1625,
      "lupus": 301,
      "metabolic_microbiome": 5733
    }
  },
  "d12_d15_compatibility": {
    "house_d12_counts": {
      "1": 3446,
      "2": 4029,
      "3": 5130,
      "4": 3495,
      "5": 3177,
      "6": 3085,
      "7": 3105,
      "8": 3351,
      "9": 3943,
      "10": 3822,
      "11": 3977,
      "12": 4021
    },
    "sector_d15_counts": {
      "1": 2888,
      "2": 2837,
      "3": 4502,
      "4": 3197,
      "5": 2676,
      "6": 2359,
      "7": 2621,
      "8": 2415,
      "9": 2522,
      "10": 2801,
      "11": 2986,
      "12": 3136,
      "13": 3348,
      "14": 3233,
      "15": 3060
    },
    "top_d12_d15_pairs": [
      {
        "house_d12": 12,
        "sector_d15": 15,
        "n": 3060
      },
      {
        "house_d12": 9,
        "sector_d15": 11,
        "n": 2986
      },
      {
        "house_d12": 1,
        "sector_d15": 1,
        "n": 2888
      },
      {
        "house_d12": 8,
        "sector_d15": 10,
        "n": 2801
      },
      {
        "house_d12": 3,
        "sector_d15": 3,
        "n": 2752
      },
      {
        "house_d12": 4,
        "sector_d15": 5,
        "n": 2676
      },
      {
        "house_d12": 3,
        "sector_d15": 4,
        "n": 2378
      },
      {
        "house_d12": 5,
        "sector_d15": 6,
        "n": 2359
      },
      {
        "house_d12": 2,
        "sector_d15": 2,
        "n": 2279
      },
      {
        "house_d12": 11,
        "sector_d15": 14,
        "n": 2272
      },
      {
        "house_d12": 10,
        "sector_d15": 12,
        "n": 2179
      },
      {
        "house_d12": 7,
        "sector_d15": 9,
        "n": 1972
      },
      {
        "house_d12": 6,
        "sector_d15": 7,
        "n": 1803
      },
      {
        "house_d12": 2,
        "sector_d15": 3,
        "n": 1750
      },
      {
        "house_d12": 11,
        "sector_d15": 13,
        "n": 1705
      },
      {
        "house_d12": 10,
        "sector_d15": 13,
        "n": 1643
      },
      {
        "house_d12": 6,
        "sector_d15": 8,
        "n": 1282
      },
      {
        "house_d12": 7,
        "sector_d15": 8,
        "n": 1133
      },
      {
        "house_d12": 12,
        "sector_d15": 14,
        "n": 961
      },
      {
        "house_d12": 9,
        "sector_d15": 12,
        "n": 957
      }
    ],
    "note": "Compatibility layer keeps historical D12 partition and current 15-sector partition over the same real phase reference.",
    "phase_partition_diagnostics": {
      "requested_phase_source": "auto",
      "candidates": {
        "moon_phase_deg": {
          "rows": 44640,
          "house12_unique": 2,
          "sector15_unique": 2,
          "phase_min_deg": 0.0001034139856096,
          "phase_max_deg": 359.99997368232204
        },
        "illum_sep": {
          "rows": 44640,
          "house12_unique": 12,
          "sector15_unique": 15,
          "phase_min_deg": 2.771472982954588,
          "phase_max_deg": 357.22855859305486
        }
      },
      "selected_phase_source": "illum_sep",
      "selected": {
        "rows": 44640,
        "house12_unique": 12,
        "sector15_unique": 15,
        "phase_min_deg": 2.771472982954588,
        "phase_max_deg": 357.22855859305486
      }
    }
  },
  "fractal_metrics": {
    "hurst_rs": {
      "d15_rekh_proxy": {
        "n": 44581,
        "hurst_rs": 1.0364345590781683,
        "fit_intercept": -1.4740880846323148,
        "fit_points": [
          {
            "window": 16,
            "mean_rs": 4.631147140732552
          },
          {
            "window": 32,
            "mean_rs": 8.01493943785696
          },
          {
            "window": 64,
            "mean_rs": 15.202215867826766
          },
          {
            "window": 128,
            "mean_rs": 32.39516991942896
          },
          {
            "window": 256,
            "mean_rs": 72.17435814144035
          },
          {
            "window": 512,
            "mean_rs": 156.43262617692716
          },
          {
            "window": 1024,
            "mean_rs": 310.37887511327983
          }
        ]
      },
      "mitophagy_proxy": {
        "n": 44581,
        "hurst_rs": 0.9983478491168084,
        "fit_intercept": -0.8301103145591322,
        "fit_points": [
          {
            "window": 16,
            "mean_rs": 6.941570904304766
          },
          {
            "window": 32,
            "mean_rs": 13.861728926655182
          },
          {
            "window": 64,
            "mean_rs": 27.70956548510126
          },
          {
            "window": 128,
            "mean_rs": 55.40315248613039
          },
          {
            "window": 256,
            "mean_rs": 110.77019428882868
          },
          {
            "window": 512,
            "mean_rs": 221.22008930574208
          },
          {
            "window": 1024,
            "mean_rs": 440.37904321258077
          }
        ]
      }
    },
    "box_counting_return_map": {
      "d15_rekh_proxy_t_tplus1": {
        "n": 44580,
        "box_counting_dim": 1.4912734388730073,
        "fit_intercept": 0.7599798366137689,
        "fit_points": [
          {
            "epsilon": 0.25,
            "occupied_boxes": 15
          },
          {
            "epsilon": 0.125,
            "occupied_boxes": 51
          },
          {
            "epsilon": 0.0625,
            "occupied_boxes": 147
          },
          {
            "epsilon": 0.03125,
            "occupied_boxes": 404
          },
          {
            "epsilon": 0.015625,
            "occupied_boxes": 936
          }
        ]
      },
      "moon_illum_frac_t_tplus1": {
        "n": 44580,
        "box_counting_dim": 1.0591012259927512,
        "fit_intercept": 0.8660654445565639,
        "fit_points": [
          {
            "epsilon": 0.25,
            "occupied_boxes": 10
          },
          {
            "epsilon": 0.125,
            "occupied_boxes": 22
          },
          {
            "epsilon": 0.0625,
            "occupied_boxes": 46
          },
          {
            "epsilon": 0.03125,
            "occupied_boxes": 94
          },
          {
            "epsilon": 0.015625,
            "occupied_boxes": 190
          }
        ]
      }
    }
  },
  "self_refinement_candidates": [
    {
      "from": "hsc_mielo_proxy",
      "to": "senescence_proxy",
      "pearson_r": 0.37238597482932667,
      "action_hint": "monitor_link"
    },
    {
      "from": "d15_rekh_proxy",
      "to": "hsc_mielo_proxy",
      "pearson_r": 0.3723859748293266,
      "action_hint": "monitor_link"
    },
    {
      "from": "mitophagy_proxy",
      "to": "senescence_proxy",
      "pearson_r": -0.3411756832510015,
      "action_hint": "monitor_link"
    },
    {
      "from": "d15_rekh_proxy",
      "to": "mitophagy_proxy",
      "pearson_r": -0.34117568325100145,
      "action_hint": "monitor_link"
    },
    {
      "from": "immune_reentry_proxy",
      "to": "mitophagy_proxy",
      "pearson_r": 0.1529978786977749,
      "action_hint": "monitor_link"
    },
    {
      "from": "hsc_mielo_proxy",
      "to": "mitophagy_proxy",
      "pearson_r": -0.11011652614908662,
      "action_hint": "monitor_link"
    },
    {
      "from": "hsc_mielo_proxy",
      "to": "immune_reentry_proxy",
      "pearson_r": -0.03884021911883633,
      "action_hint": "monitor_link"
    },
    {
      "from": "d15_rekh_proxy",
      "to": "immune_reentry_proxy",
      "pearson_r": 0.0004583796528346029,
      "action_hint": "monitor_link"
    },
    {
      "from": "immune_reentry_proxy",
      "to": "senescence_proxy",
      "pearson_r": 0.0004583796528345909,
      "action_hint": "monitor_link"
    }
  ],
  "figure": "/home/fahbrain/projects/omnimind/output/img/aging_studies_integration_realdata_20260219T125603Z.png",
  "status_candidate": "PASS_LOCAL",
  "no_simulation_note": "All outputs derive from local real datasets and deterministic transforms over observed rows. No synthetic time-series generation and no random payload injection."
}
