{
  "timestamp_utc": "2026-02-19T12:06:25.880901+00:00",
  "method": "web_crosscheck_primary_sources_then-map_to_local_pipeline",
  "claims_reviewed": [
    {
      "claim": "Neuronal cell-cycle re-entry (G2/M) is linked to degeneration/apoptosis in aging/neurodegeneration contexts.",
      "status": "SUPPORTED_PRIMARY",
      "sources": [
        "https://pmc.ncbi.nlm.nih.gov/articles/PMC3366556/",
        "https://pmc.ncbi.nlm.nih.gov/articles/PMC7959760/",
        "https://pmc.ncbi.nlm.nih.gov/articles/PMC8039141/"
      ],
      "mapping_to_omnimind": "immune_reentry_proxy and lag diagnostics remain valid as operational proxy (not direct wet-lab biomarker)."
    },
    {
      "claim": "Brain aging/senescence is spatially heterogeneous (regional/cell-type mosaic), not globally uniform.",
      "status": "SUPPORTED_PRIMARY",
      "sources": [
        "https://www.nature.com/articles/s41467-025-66012-3"
      ],
      "mapping_to_omnimind": "D12 houses and current 15-sector partition can be treated as spatial compartment maps for hotspot diagnostics."
    },
    {
      "claim": "Immunosenescence can be profiled by lineage-specific programs; translation to CD4-Eomes-only statement is narrower than current evidence set.",
      "status": "PARTIAL_PRIMARY",
      "sources": [
        "https://www.nature.com/articles/s41423-024-01225-y"
      ],
      "mapping_to_omnimind": "Keep as immune-axis hypothesis; avoid overclaiming a single marker path without matched cohort evidence in local data."
    },
    {
      "claim": "TFEB/NAD+ and senolytic interventions are active areas; exact +30% lifetime effect is model/context-dependent.",
      "status": "PARTIAL_PRIMARY",
      "sources": [
        "https://pmc.ncbi.nlm.nih.gov/articles/PMC11037540/",
        "https://www.nature.com/articles/s12276-025-01480-7"
      ],
      "mapping_to_omnimind": "Treat NAD/senolytic blocks as intervention scenarios over real proxies, not as universal fixed effect size."
    }
  ],
  "non_primary_secondary_links_not_used_for_core_claims": [
    "https://www.cnnbrasil.com.br/saude/efeito-benjamin-button-cientistas-conseguem-reverter-o-envelhecimento-em-camundongos/",
    "https://g1.globo.com/saude/",
    "https://lifespan.com.br/2025/10/26/imunossenescencia-envelhecimento-saudavel/"
  ],
  "quality_gate": "Primary-source-supported claims only are promoted to pack core narrative.",
  "no_simulation_note": "Literature crosscheck only; no synthetic data generation."
}
