{
  "timestamp_utc": "2026-02-19T12:44:25.624996+00:00",
  "rows_used": 44581,
  "hotspot_cluster_id": 3,
  "cluster_senescence_means": {
    "3": 0.24219727719064854,
    "0": 0.21362908154356033,
    "2": 0.2054421629085607,
    "1": 0.1944634171576537
  },
  "mitophagy_raw_vs_senescence": {
    "pearson_r": -0.3411756832509929,
    "pearson_p": 0.0
  },
  "mitophagy_orthogonalization": {
    "moon_to_mitophagy_r2": 0.9994326249233785,
    "mitophagy_orth_vs_senescence_pearson_r": 0.019303711597662795,
    "mitophagy_orth_vs_senescence_pearson_p": 4.5798844197591265e-05,
    "mitophagy_orth_vs_senescence_spearman_r": 0.055813986669672834,
    "mitophagy_orth_vs_senescence_spearman_p": 4.214116100920448e-32
  },
  "granger_tests": {
    "mitophagy_orthogonal_causes_senescence": [
      {
        "lag": 1,
        "p": 0.277217522955359,
        "F": 1.1807092807037476
      },
      {
        "lag": 2,
        "p": 0.0045326952722676795,
        "F": 5.397091916694633
      },
      {
        "lag": 3,
        "p": 0.14324583955148504,
        "F": 1.8081423987753313
      },
      {
        "lag": 4,
        "p": 0.5136777249355329,
        "F": 0.8175458047088421
      },
      {
        "lag": 5,
        "p": 0.8112597717072852,
        "F": 0.45317930500519965
      },
      {
        "lag": 6,
        "p": 0.9482767181772493,
        "F": 0.276416604672631
      },
      {
        "lag": 7,
        "p": 0.9884926707918028,
        "F": 0.1854212790423209
      },
      {
        "lag": 8,
        "p": 0.9981692533341289,
        "F": 0.12653447043717542
      },
      {
        "lag": 9,
        "p": 0.9996150560062285,
        "F": 0.10131982839231665
      },
      {
        "lag": 10,
        "p": 0.9999325842177476,
        "F": 0.08165663596619632
      }
    ],
    "senescence_causes_mitophagy_orthogonal": [
      {
        "lag": 1,
        "p": 2.0475051989200816e-81,
        "F": 366.7324113078026
      },
      {
        "lag": 2,
        "p": 0.007258804983777169,
        "F": 4.926084391239169
      },
      {
        "lag": 3,
        "p": 0.028609336476294142,
        "F": 3.0175574369017646
      },
      {
        "lag": 4,
        "p": 0.08235864326987365,
        "F": 2.0662491142411583
      },
      {
        "lag": 5,
        "p": 0.18253912027831334,
        "F": 1.511035383648304
      },
      {
        "lag": 6,
        "p": 0.32733676655541366,
        "F": 1.1550958141542564
      },
      {
        "lag": 7,
        "p": 0.49589501652678025,
        "F": 0.9117585084606169
      },
      {
        "lag": 8,
        "p": 0.6583045738001996,
        "F": 0.7376418896744167
      },
      {
        "lag": 9,
        "p": 0.7908990940137782,
        "F": 0.6085513089058282
      },
      {
        "lag": 10,
        "p": 0.8841988949537561,
        "F": 0.510273518250364
      }
    ]
  },
  "house12_hotspot_fraction_top5": [
    {
      "house_d12": 12,
      "hotspot_fraction": 0.4962585647313379
    },
    {
      "house_d12": 1,
      "hotspot_fraction": 0.08402911104165736
    }
  ],
  "sector15_hotspot_fraction_top5": [
    {
      "sector_d15": 15,
      "hotspot_fraction": 0.4962585647313379
    },
    {
      "sector_d15": 1,
      "hotspot_fraction": 0.08402911104165736
    }
  ],
  "disease_cross_payload_scan": [
    {
      "group": "hiv",
      "collection": "bio_hiv_acquisition_meta_15houses_live",
      "points": 1500,
      "sampled": 1500,
      "has_house": false,
      "has_sector": false,
      "sample_keys_top": [
        "A1",
        "A2",
        "BETA",
        "BP",
        "CHR",
        "CHR_BP_hg19",
        "Direction",
        "HetChiSq",
        "HetDf",
        "HetISq",
        "HetPVal",
        "MAF_dbsnp151",
        "Neff",
        "P",
        "RSID",
        "SE",
        "Z",
        "house",
        "house_id",
        "kind"
      ],
      "house_mode": null,
      "sector_mode": null
    },
    {
      "group": "hiv",
      "collection": "bio_hiv_gwas_ccr5_15houses_live",
      "points": 79,
      "sampled": 79,
      "has_house": false,
      "has_sector": false,
      "sample_keys_top": [
        "95% CI (TEXT)",
        "CHR_ID",
        "CHR_POS",
        "CNV",
        "CONTEXT",
        "DATE",
        "DATE ADDED TO CATALOG",
        "DISEASE/TRAIT",
        "DOWNSTREAM_GENE_DISTANCE",
        "DOWNSTREAM_GENE_ID",
        "FIRST AUTHOR",
        "GENOTYPING TECHNOLOGY",
        "INITIAL SAMPLE SIZE",
        "INTERGENIC",
        "JOURNAL",
        "LINK",
        "MAPPED_GENE",
        "MAPPED_TRAIT",
        "MAPPED_TRAIT_URI",
        "MERGED"
      ],
      "house_mode": null,
      "sector_mode": null
    },
    {
      "group": "lupus",
      "collection": "bio_lupus_wave_20260218",
      "points": 247,
      "sampled": 247,
      "has_house": false,
      "has_sector": false,
      "sample_keys_top": [
        "basename",
        "chunk_index",
        "chunk_text_len",
        "chunk_text_preview",
        "chunk_type",
        "column",
        "column_kind",
        "columns",
        "dataset_id",
        "dataset_kind",
        "domain",
        "file_path",
        "hw_cpu_percent",
        "hw_cpu_temp_c_max",
        "hw_cpu_temp_c_mean",
        "hw_disk_home_free_gb",
        "hw_disk_home_used_percent",
        "hw_disk_root_free_gb",
        "hw_disk_root_used_percent",
        "hw_disk_var_free_gb"
      ],
      "house_mode": null,
      "sector_mode": null
    },
    {
      "group": "lupus",
      "collection": "bio_lupus_wrapper_tolerance_live",
      "points": 4,
      "sampled": 4,
      "has_house": false,
      "has_sector": false,
      "sample_keys_top": [
        "fail_count_by_house",
        "fail_rate_by_house",
        "kind",
        "materialized_at_utc",
        "mean_final",
        "monthly_mean",
        "months",
        "runs",
        "scenario",
        "source_report",
        "top_fail_houses"
      ],
      "house_mode": null,
      "sector_mode": null
    },
    {
      "group": "metabolic",
      "collection": "bio_colorectal_activity_bmi_live",
      "points": 4545,
      "sampled": 4545,
      "has_house": false,
      "has_sector": false,
      "sample_keys_top": [
        "dataset_tag",
        "entry",
        "record_type",
        "row",
        "row_index",
        "size_bytes",
        "source_zip"
      ],
      "house_mode": null,
      "sector_mode": null
    },
    {
      "group": "metabolic",
      "collection": "bio_16s_gut_microbiome_meta_live",
      "points": 458,
      "sampled": 458,
      "has_house": false,
      "has_sector": false,
      "sample_keys_top": [
        "dataset_tag",
        "entry",
        "record_type",
        "row",
        "row_index",
        "sheet",
        "size_bytes",
        "source_zip"
      ],
      "house_mode": null,
      "sector_mode": null
    },
    {
      "group": "glaucoma",
      "collection": "bio_microbiome_ship_trend_glaucoma_live",
      "points": 80,
      "sampled": 80,
      "has_house": false,
      "has_sector": false,
      "sample_keys_top": [
        "dataset_tag",
        "entry",
        "record_type",
        "row",
        "row_index",
        "sheet",
        "size_bytes",
        "source_zip"
      ],
      "house_mode": null,
      "sector_mode": null
    }
  ],
  "no_simulation_note": "All computations from local real merged data and existing Qdrant collections."
}
