{
  "timestamp_utc": "2026-02-19T13:05:25.479740+00:00",
  "inputs": {
    "metrics_csv": "/home/fahbrain/projects/omnimind/reports_runtime/space_weather_merged_historical_20260209T154121Z.csv",
    "covariates_csv": "/home/fahbrain/projects/omnimind/reports_runtime/cosmic_covariates_20260219T021619Z.csv",
    "minute_col": "minute",
    "phase_source": "illum_sep",
    "qdrant_url": "http://127.0.0.1:6333",
    "collections": [
      "bio_hiv_acquisition_meta_15houses_live",
      "bio_hiv_gwas_ccr5_15houses_live",
      "bio_diabetes_t2_15houses_live",
      "bio_external_dm2_lupus_15houses_live",
      "bio_lupus_wave_20260218",
      "bio_colorectal_activity_bmi_live",
      "bio_16s_gut_microbiome_meta_live",
      "bio_microbiome_ship_trend_glaucoma_live"
    ]
  },
  "aging_side": {
    "rows_used": 44581,
    "hotspot_cluster": 3,
    "cluster_senescence_mean": {
      "3": 0.24219727719064854,
      "0": 0.21362908154356033,
      "2": 0.2054421629085607,
      "1": 0.1944634171576537
    },
    "hotspot_baseline_rate": 0.289159058791862,
    "hotspot_rate_by_sector15": {
      "1": 1.0,
      "2": 1.0,
      "3": 0.12616614837849843,
      "4": 0.0,
      "5": 0.0,
      "6": 0.0,
      "7": 0.0,
      "8": 0.0,
      "9": 0.0,
      "10": 0.0,
      "11": 0.0,
      "12": 0.0,
      "13": 0.09109916367980884,
      "14": 1.0,
      "15": 1.0
    },
    "rows_by_sector15": {
      "1": 2888,
      "2": 2837,
      "3": 4502,
      "4": 3197,
      "5": 2676,
      "6": 2359,
      "7": 2621,
      "8": 2415,
      "9": 2522,
      "10": 2801,
      "11": 2986,
      "12": 3136,
      "13": 3348,
      "14": 3233,
      "15": 3060
    },
    "dominant_cluster_by_sector15": {
      "1": 3,
      "2": 3,
      "3": 0,
      "4": 0,
      "5": 2,
      "6": 1,
      "7": 1,
      "8": 1,
      "9": 1,
      "10": 1,
      "11": 2,
      "12": 0,
      "13": 0,
      "14": 3,
      "15": 3
    }
  },
  "disease_join_results": [
    {
      "collection": "bio_hiv_acquisition_meta_15houses_live",
      "points_total": 1500,
      "mapped_points": 1500,
      "map_rate": 1.0,
      "join_methods": {
        "house_id:0_based": 1500
      },
      "sector_histogram": {
        "1": 115,
        "2": 113,
        "3": 105,
        "4": 106,
        "5": 104,
        "6": 90,
        "7": 80,
        "8": 90,
        "9": 96,
        "10": 94,
        "11": 89,
        "12": 103,
        "13": 109,
        "14": 90,
        "15": 116
      },
      "predicted_hotspot_mean": 0.304784836280561,
      "hotspot_baseline": 0.289159058791862,
      "hotspot_uplift_vs_baseline": 0.015625777488699033,
      "assigned_cluster_histogram": {
        "0": 423,
        "1": 450,
        "2": 193,
        "3": 434
      }
    },
    {
      "collection": "bio_hiv_gwas_ccr5_15houses_live",
      "points_total": 79,
      "mapped_points": 79,
      "map_rate": 1.0,
      "join_methods": {
        "house_id:0_based": 79
      },
      "sector_histogram": {
        "1": 6,
        "2": 5,
        "3": 5,
        "4": 7,
        "5": 7,
        "6": 4,
        "7": 5,
        "8": 6,
        "9": 3,
        "10": 4,
        "11": 7,
        "12": 3,
        "13": 7,
        "14": 5,
        "15": 5
      },
      "predicted_hotspot_mean": 0.28188006186900194,
      "hotspot_baseline": 0.289159058791862,
      "hotspot_uplift_vs_baseline": -0.007278996922860048,
      "assigned_cluster_histogram": {
        "0": 22,
        "1": 22,
        "2": 14,
        "3": 21
      }
    },
    {
      "collection": "bio_diabetes_t2_15houses_live",
      "points_total": 15,
      "mapped_points": 15,
      "map_rate": 1.0,
      "join_methods": {
        "house:name_map": 15
      },
      "sector_histogram": {
        "1": 1,
        "2": 1,
        "3": 1,
        "4": 1,
        "5": 1,
        "6": 1,
        "7": 1,
        "8": 1,
        "9": 1,
        "10": 1,
        "11": 1,
        "12": 1,
        "13": 1,
        "14": 1,
        "15": 1
      },
      "predicted_hotspot_mean": 0.28115102080388715,
      "hotspot_baseline": 0.289159058791862,
      "hotspot_uplift_vs_baseline": -0.008008037987974836,
      "assigned_cluster_histogram": {
        "0": 4,
        "1": 5,
        "2": 2,
        "3": 4
      }
    },
    {
      "collection": "bio_external_dm2_lupus_15houses_live",
      "points_total": 27,
      "mapped_points": 27,
      "map_rate": 1.0,
      "join_methods": {
        "house_id:0_based": 27
      },
      "sector_histogram": {
        "2": 5,
        "3": 1,
        "4": 3,
        "5": 1,
        "6": 4,
        "8": 1,
        "10": 4,
        "11": 2,
        "12": 1,
        "13": 2,
        "14": 1,
        "15": 2
      },
      "predicted_hotspot_mean": 0.30771720280511544,
      "hotspot_baseline": 0.289159058791862,
      "hotspot_uplift_vs_baseline": 0.018558144013253453,
      "assigned_cluster_histogram": {
        "0": 7,
        "1": 9,
        "2": 3,
        "3": 8
      }
    },
    {
      "collection": "bio_lupus_wave_20260218",
      "points_total": 247,
      "mapped_points": 0,
      "map_rate": 0.0,
      "join_methods": {
        "unmapped": 247
      },
      "sector_histogram": {},
      "predicted_hotspot_mean": null,
      "hotspot_baseline": 0.289159058791862,
      "hotspot_uplift_vs_baseline": null,
      "assigned_cluster_histogram": {}
    },
    {
      "collection": "bio_colorectal_activity_bmi_live",
      "points_total": 4545,
      "mapped_points": 0,
      "map_rate": 0.0,
      "join_methods": {
        "unmapped": 4545
      },
      "sector_histogram": {},
      "predicted_hotspot_mean": null,
      "hotspot_baseline": 0.289159058791862,
      "hotspot_uplift_vs_baseline": null,
      "assigned_cluster_histogram": {}
    },
    {
      "collection": "bio_16s_gut_microbiome_meta_live",
      "points_total": 458,
      "mapped_points": 0,
      "map_rate": 0.0,
      "join_methods": {
        "unmapped": 458
      },
      "sector_histogram": {},
      "predicted_hotspot_mean": null,
      "hotspot_baseline": 0.289159058791862,
      "hotspot_uplift_vs_baseline": null,
      "assigned_cluster_histogram": {}
    },
    {
      "collection": "bio_microbiome_ship_trend_glaucoma_live",
      "points_total": 80,
      "mapped_points": 0,
      "map_rate": 0.0,
      "join_methods": {
        "unmapped": 80
      },
      "sector_histogram": {},
      "predicted_hotspot_mean": null,
      "hotspot_baseline": 0.289159058791862,
      "hotspot_uplift_vs_baseline": null,
      "assigned_cluster_histogram": {}
    }
  ],
  "figure": "/home/fahbrain/projects/omnimind/output/img/aging_cross_disease_phase_join_20260219T130512Z.png",
  "status_candidate": "PASS_LOCAL",
  "no_simulation_note": "All joins are computed from local real CSVs and local Qdrant payloads. No synthetic series or random injections were used."
}
