{
  "timestamp_utc": "2026-02-18T21:47:29.765047+00:00",
  "inputs": {
    "d15_report": "/home/fahbrain/projects/omnimind/reports_runtime/d15_extended_correlation_validation_20260218T184552Z.json",
    "dm2_report": "/home/fahbrain/projects/omnimind/reports_runtime/dm2_gut_immune_realdata_validation_20260218T204707Z.json",
    "multi_disease_report": "/home/fahbrain/projects/omnimind/reports_runtime/multi_disease_pack_validation_20260218T211252Z.json",
    "horizon_review_report": "/home/fahbrain/projects/omnimind/reports_runtime/accelerated_structure_horizon_thermo_review_20260218T205849Z.json",
    "antigravity_report": "/home/fahbrain/projects/omnimind/reports_runtime/antigravity_theory_validation_20260209T194118Z.json",
    "desi_lya_report": "/home/fahbrain/projects/omnimind/reports_runtime/desi_lya_sample_materialization_20260218T170112Z.json",
    "cosmic_resonance_report": "/home/fahbrain/projects/omnimind/reports_runtime/cosmic_resonance_candidates_20260217T002406Z.json",
    "cosmo_registry_report": "/home/fahbrain/projects/omnimind/reports_runtime/cosmo_objects_registry_internal_20260211T202630Z.json",
    "sdss17_fallback_report": "/home/fahbrain/projects/omnimind/reports_runtime/sdss17_service_qdrant_fallback_recheck_20260216T233933Z.json",
    "orbit_multihorizon_report": "/home/fahbrain/projects/omnimind/reports_runtime/orbit_queue_priority_c_multihorizon_20260216T220416Z.json",
    "metrics_csv": "/home/fahbrain/projects/omnimind/reports_runtime/space_weather_merged_20260209T104949Z.csv",
    "covariates_csv": "/home/fahbrain/projects/omnimind/reports_runtime/cosmic_covariates_20260210T205330Z.csv"
  },
  "realdata_counts": {
    "rows_metrics": 5400,
    "rows_covariates": 5400,
    "rows_merged": 5400,
    "d15_pairs_validated": 63,
    "dm2_microbiome_external_points_total": 1143,
    "multi_disease_pack_data_json_count": 25
  },
  "top10_d15_pairs_from_real_validation": [
    {
      "proxy": "d15_rekh_proxy",
      "covariate": "moon_illum_frac",
      "best_lag_min": 300,
      "n": 5100,
      "pearson_r": -0.8323412104628806,
      "abs_r": 0.8323412104628806,
      "bootstrap": {
        "bootstrap_n": 12000,
        "ci_low": -0.8848940359995666,
        "ci_high": -0.7555366432077367,
        "mean": -0.8305901064859506,
        "std": 0.03280275886390245
      },
      "permutation": {
        "permutation_n": 6000,
        "p_abs": 0.00016663889351774705
      }
    },
    {
      "proxy": "d15_rekh_proxy",
      "covariate": "moon_sep_mercury_deg",
      "best_lag_min": 300,
      "n": 5100,
      "pearson_r": -0.8145994173009531,
      "abs_r": 0.8145994173009531,
      "bootstrap": {
        "bootstrap_n": 12000,
        "ci_low": -0.8713802372493867,
        "ci_high": -0.7350681982141379,
        "mean": -0.8137319601757387,
        "std": 0.03500048247598053
      },
      "permutation": {
        "permutation_n": 6000,
        "p_abs": 0.00016663889351774705
      }
    },
    {
      "proxy": "d15_rekh_proxy",
      "covariate": "sun_moon_sep_deg",
      "best_lag_min": 300,
      "n": 5100,
      "pearson_r": -0.8143294458749104,
      "abs_r": 0.8143294458749104,
      "bootstrap": {
        "bootstrap_n": 12000,
        "ci_low": -0.8721950339823402,
        "ci_high": -0.7368322061939993,
        "mean": -0.8138481039925973,
        "std": 0.03485177805161487
      },
      "permutation": {
        "permutation_n": 6000,
        "p_abs": 0.00016663889351774705
      }
    },
    {
      "proxy": "d15_rekh_proxy",
      "covariate": "moon_sep_venus_deg",
      "best_lag_min": 300,
      "n": 5100,
      "pearson_r": -0.8142240391032082,
      "abs_r": 0.8142240391032082,
      "bootstrap": {
        "bootstrap_n": 12000,
        "ci_low": -0.8712556539616585,
        "ci_high": -0.738572968502642,
        "mean": -0.8143553402534599,
        "std": 0.03380940287708272
      },
      "permutation": {
        "permutation_n": 6000,
        "p_abs": 0.00016663889351774705
      }
    },
    {
      "proxy": "d15_rekh_proxy",
      "covariate": "moon_sep_mars_deg",
      "best_lag_min": 300,
      "n": 5100,
      "pearson_r": -0.8142012744221134,
      "abs_r": 0.8142012744221134,
      "bootstrap": {
        "bootstrap_n": 12000,
        "ci_low": -0.8715663228260262,
        "ci_high": -0.7312098340565709,
        "mean": -0.8132559677631411,
        "std": 0.035668882010416784
      },
      "permutation": {
        "permutation_n": 6000,
        "p_abs": 0.00016663889351774705
      }
    },
    {
      "proxy": "d15_rekh_proxy",
      "covariate": "moon_sep_beehive_m44_deg",
      "best_lag_min": 300,
      "n": 5100,
      "pearson_r": 0.8140174518322222,
      "abs_r": 0.8140174518322222,
      "bootstrap": {
        "bootstrap_n": 12000,
        "ci_low": 0.7342912701621902,
        "ci_high": 0.8704193050580117,
        "mean": 0.8129241091357968,
        "std": 0.034662787287492926
      },
      "permutation": {
        "permutation_n": 6000,
        "p_abs": 0.00016663889351774705
      }
    },
    {
      "proxy": "d15_rekh_proxy",
      "covariate": "moon_sep_regulus_deg",
      "best_lag_min": 300,
      "n": 5100,
      "pearson_r": 0.813970961560631,
      "abs_r": 0.813970961560631,
      "bootstrap": {
        "bootstrap_n": 12000,
        "ci_low": 0.7340873948296092,
        "ci_high": 0.8704009127469445,
        "mean": 0.8130155671211456,
        "std": 0.03496445875936033
      },
      "permutation": {
        "permutation_n": 6000,
        "p_abs": 0.00016663889351774705
      }
    },
    {
      "proxy": "d15_rekh_proxy",
      "covariate": "moon_sep_antares_deg",
      "best_lag_min": 300,
      "n": 5100,
      "pearson_r": -0.8139685358841802,
      "abs_r": 0.8139685358841802,
      "bootstrap": {
        "bootstrap_n": 12000,
        "ci_low": -0.8715614238383329,
        "ci_high": -0.7344608314281509,
        "mean": -0.8136043930432609,
        "std": 0.03501542354719887
      },
      "permutation": {
        "permutation_n": 6000,
        "p_abs": 0.00016663889351774705
      }
    },
    {
      "proxy": "d15_rekh_proxy",
      "covariate": "moon_sep_spica_deg",
      "best_lag_min": -300,
      "n": 5100,
      "pearson_r": 0.7593676129013773,
      "abs_r": 0.7593676129013773,
      "bootstrap": {
        "bootstrap_n": 12000,
        "ci_low": 0.6281712932788373,
        "ci_high": 0.8399208108240408,
        "mean": 0.7546177763922134,
        "std": 0.05432840642805789
      },
      "permutation": {
        "permutation_n": 6000,
        "p_abs": 0.00016663889351774705
      }
    },
    {
      "proxy": "d15_rekh_proxy",
      "covariate": "moon_phase_deg",
      "best_lag_min": 300,
      "n": 5100,
      "pearson_r": -0.7526725897919015,
      "abs_r": 0.7526725897919015,
      "bootstrap": {
        "bootstrap_n": 12000,
        "ci_low": -0.8252891597209429,
        "ci_high": -0.6661585157905979,
        "mean": -0.7545805387333785,
        "std": 0.040614992822202774
      },
      "permutation": {
        "permutation_n": 6000,
        "p_abs": 0.00016663889351774705
      }
    }
  ],
  "lag_scan_core_pair": {
    "lag_min": 300,
    "r": -0.8323412104628806,
    "n": 5100
  },
  "granger_d15_to_moonillum": [
    {
      "lag_min": 60,
      "f_stat": 0.03888048757826912,
      "p_value": 0.9999999999999999,
      "df_denom": 5219.0,
      "df_num": 60.0
    },
    {
      "lag_min": 120,
      "f_stat": 0.034696153424447894,
      "p_value": 0.9999999999999999,
      "df_denom": 5039.0,
      "df_num": 120.0
    },
    {
      "lag_min": 180,
      "f_stat": 0.01566541723966353,
      "p_value": 0.9999999999999999,
      "df_denom": 4859.0,
      "df_num": 180.0
    },
    {
      "lag_min": 240,
      "f_stat": 0.019952479265416025,
      "p_value": 0.9999999999999999,
      "df_denom": 4679.0,
      "df_num": 240.0
    },
    {
      "lag_min": 300,
      "f_stat": 0.003179162665284002,
      "p_value": 0.9999999999999999,
      "df_denom": 4499.0,
      "df_num": 300.0
    }
  ],
  "astro_experimental_track": {
    "scope_note": "Astrophysical experiments (objects/asteroids/SDSS17/Horizon/antigravity/LYA) are tracked as their own runtime line, not as 'astro of disease'.",
    "horizon_review_file": "/home/fahbrain/projects/omnimind/reports_runtime/accelerated_structure_horizon_thermo_review_20260218T205849Z.json",
    "horizon_files_count": 3,
    "desi_lya_file": "/home/fahbrain/projects/omnimind/reports_runtime/desi_lya_sample_materialization_20260218T170112Z.json",
    "desi_lya_files_count": 11,
    "desi_lya_total_size_bytes": 1799354,
    "antigravity_validation_file": "/home/fahbrain/projects/omnimind/reports_runtime/antigravity_theory_validation_20260209T194118Z.json",
    "antigravity_keys": [
      "timestamp",
      "input",
      "baseline_counts",
      "models",
      "core_correlations",
      "ranking_by_roc_auc",
      "theory_reading",
      "verdict",
      "note"
    ],
    "cosmic_resonance_file": "/home/fahbrain/projects/omnimind/reports_runtime/cosmic_resonance_candidates_20260217T002406Z.json",
    "cosmic_resonance_top_covariates_count": 12,
    "cosmo_registry_file": "/home/fahbrain/projects/omnimind/reports_runtime/cosmo_objects_registry_internal_20260211T202630Z.json",
    "cosmo_registry_confirmed_objects": 4,
    "sdss17_fallback_file": "/home/fahbrain/projects/omnimind/reports_runtime/sdss17_service_qdrant_fallback_recheck_20260216T233933Z.json",
    "sdss17_fallback_keys": [
      "generated_at",
      "service_status",
      "asteroid_refresh_log_tail",
      "fallback_demo",
      "latest_sessions",
      "files_changed"
    ],
    "orbit_multihorizon_file": "/home/fahbrain/projects/omnimind/reports_runtime/orbit_queue_priority_c_multihorizon_20260216T220416Z.json",
    "orbit_multihorizon_keys": [
      "timestamp_utc",
      "inputs",
      "summary",
      "horizons",
      "priority_c_multihorizon",
      "operational_recommendation"
    ]
  },
  "simulated_components_flagged_in_pack_check": [
    "hiv_wrapper_sim",
    "hiv_cohab_sim",
    "hiv_sle_sim",
    "lupus_sim"
  ],
  "real_components_flagged_in_pack_check": [
    "diabetes_15houses",
    "hiv_gwas",
    "hiv_acquisition_meta",
    "dm2_lupus_external_wave",
    "m18_rebound_assessment",
    "heatmap_validation",
    "wrapper_gene_panel",
    "wrapper_ensembl_mapping"
  ],
  "pid_monitor": {
    "pid": 3983215,
    "exists": false
  },
  "figures": {
    "heatmap": "/home/fahbrain/projects/omnimind/output/img/all_gaps_realdata_20260218T214503Z/all_gaps_realdata_heatmap.png",
    "lag_curve": "/home/fahbrain/projects/omnimind/output/img/all_gaps_realdata_20260218T214503Z/lag_ccf_d15rekh_moonillum.png",
    "acf_pacf": "/home/fahbrain/projects/omnimind/output/img/all_gaps_realdata_20260218T214503Z/acf_pacf_d15rekh_moonillum.png"
  },
  "method_note": "No synthetic/mock arrays were generated. All statistics and figures were computed from local runtime CSV/JSON artifacts produced by the pipeline."
}
