{
  "timestamp_utc": "2026-02-19T02:04:25.869399+00:00",
  "inputs": {
    "qdrant_url": "http://127.0.0.1:6333",
    "sdss_collection": "sdss_structures_objectlevel_live_v2",
    "desi_collection": "astro_desi_lya_objectlevel_live",
    "z_floor": 1.4,
    "ra_center": 2.695,
    "dec_center": 0.4945,
    "radius_deg": 12.0
  },
  "mission_context": {
    "name": "Artemis_II_2026",
    "mode": "readiness_scan_only",
    "note": "No synthetic orbital payloads were created or written."
  },
  "counts": {
    "sdss_structures_objectlevel_live_v2": {
      "all_points": {
        "status": "ok",
        "count": 405000
      },
      "z_floor": {
        "status": "ok",
        "count": 31399
      },
      "z_floor_geo_radius": {
        "status": "ok",
        "count": 813
      }
    },
    "astro_desi_lya_objectlevel_live": {
      "all_points": {
        "status": "ok",
        "count": 24724
      },
      "z_floor": {
        "status": "ok",
        "count": 24724
      },
      "z_floor_geo_radius": {
        "status": "ok",
        "count": 24724
      }
    }
  },
  "no_simulation_note": "Only local real collection scans were executed; no upsert performed.",
  "combined": {
    "all_points_total": 429724,
    "z_floor_total": 56123,
    "z_floor_geo_radius_total": 25537
  }
}
