{
  "timestamp_utc": "2026-02-18T23:15:52.574414+00:00",
  "sdss_collection": "sdss_structures_objectlevel_live_v2",
  "desi_collection": "astro_desi_lya_objectlevel_live",
  "footprint_box_from_desi": {
    "ra_min": 0.609455490700004,
    "ra_max": 4.780916314410538,
    "dec_min": -0.48710844319695334,
    "dec_max": 1.476222449051552
  },
  "sdss_total_points": 405000,
  "sdss_points_inside_desi_box": 41,
  "sdss_inside_box_redshift_stats": {
    "median": 0.7153790593147278,
    "p75": 0.9156617522239684,
    "p95": 1.6224417686462402,
    "max": 1.6224417686462402
  },
  "desi_redshift_floor": 1.9875929980594196,
  "sdss_inside_box_points_with_z_ge_desi_floor": 0,
  "sdss_inside_box_points_with_z_ge_2_4": 0,
  "diagnosis": "Strict SDSS×DESI object matches are blocked by joint footprint+redshift support: very few SDSS points lie in DESI sky box and none reaches DESI redshift floor in this local SDSS subset."
}
