{
  "timestamp_utc": "2026-02-19T00:11:07.844740+00:00",
  "collection": "sdss_structures_objectlevel_live_v2",
  "sdss_total_nonzero": 227381,
  "desi_box": {
    "ra_min": 0.609,
    "ra_max": 4.781,
    "dec_min": -0.487,
    "dec_max": 1.476
  },
  "sdss_in_box_total": 41,
  "sdss_in_box_by_z": {
    "z_gte_1.99": 0,
    "z_gte_1.5": 5,
    "z_gte_1.0": 5,
    "z_gte_0.7": 23,
    "z_gte_0.0": 36
  },
  "z_median_box": 0.7153790593147278,
  "z_median_global": 0.5191498398780823,
  "diagnosis": "Strict DESI footprint explains sparse SDSS overlap (41 in-box; 0 with z>=1.99).",
  "next_step": "Use 15-house sector + broader angular radius + progressive z-threshold, then refine."
}
