{
  "timestamp_utc": "2026-02-18T23:57:32.062039+00:00",
  "runtime_anchor_max_ts": "2026-02-18T13:55:22.344000+00:00",
  "daemon_windows": [
    {
      "hours": 24,
      "n_logs": 2417,
      "phi_mean": 2.030699213901531,
      "sigma_mean": 0.9726065370293753,
      "epsilon_mean": 0.5207736863880844,
      "phi_std": 0.28796154751266007,
      "sigma_std": 0.08219269269593604,
      "epsilon_std": 0.06298811285445673
    },
    {
      "hours": 48,
      "n_logs": 4816,
      "phi_mean": 2.0270556478405317,
      "sigma_mean": 0.9720473421926911,
      "epsilon_mean": 0.5213870431893688,
      "phi_std": 0.30005005433976834,
      "sigma_std": 0.08357240331548503,
      "epsilon_std": 0.06623120706231836
    },
    {
      "hours": 72,
      "n_logs": 7266,
      "phi_mean": 2.014382053399395,
      "sigma_mean": 0.9686650151390035,
      "epsilon_mean": 0.523776493256262,
      "phi_std": 0.3215250345493665,
      "sigma_std": 0.08859708064286148,
      "epsilon_std": 0.07133076308911032
    }
  ],
  "orbit_windows": {
    "24h_records": 81,
    "48h_records": 145,
    "72h_records": 209,
    "priority_c_summary": {
      "priority_c_codes": 9,
      "all_horizons_missing_codes": [
        "C19DCG5",
        "C45RW41",
        "CE5LGG2",
        "CE5V9J2",
        "P22liAW",
        "P22lnpr",
        "P22lp4E",
        "ST26B07"
      ],
      "codes_with_any_records": [
        "A11y70v"
      ]
    }
  },
  "note": "Alignment uses real daemon logs (dodecatiad_metrics_dynamic_logs_live) and real orbit schedules; no synthetic fusion."
}
