{
  "timestamp_utc": "2026-02-18T23:56:42.118324+00:00",
  "collections": {
    "sdss": "sdss_structures_objectlevel_live_v2",
    "desi": "astro_desi_lya_objectlevel_live"
  },
  "counts": {
    "sdss_loaded": 227381,
    "desi_loaded": 24724
  },
  "d15_mode": "15-house sky sectors by RA (360/15), no synthetic data",
  "results_broadened_filters": [
    {
      "z_floor": 1.99,
      "sdss_n": 24338,
      "desi_n": 24637,
      "nn_distance_deg_mean": 103.51974070650682,
      "nn_distance_deg_median": 115.15788782576075,
      "abs_dz_mean": 0.7617199767013287,
      "abs_dz_median": 0.358294941246488,
      "matches": {
        "r0.2_dz0.05": 0,
        "r0.2_dz0.2": 0,
        "r0.2_dz0.5": 0,
        "r1.0_dz0.05": 0,
        "r1.0_dz0.2": 0,
        "r1.0_dz0.5": 0,
        "r3.0_dz0.05": 5,
        "r3.0_dz0.2": 14,
        "r3.0_dz0.5": 27,
        "r6.0_dz0.05": 45,
        "r6.0_dz0.2": 120,
        "r6.0_dz0.5": 219,
        "r12.0_dz0.05": 102,
        "r12.0_dz0.2": 260,
        "r12.0_dz0.5": 522
      }
    },
    {
      "z_floor": 1.5,
      "sdss_n": 30452,
      "desi_n": 24724,
      "nn_distance_deg_mean": 102.23935049672023,
      "nn_distance_deg_median": 114.94832421202362,
      "abs_dz_mean": 0.7312674251346999,
      "abs_dz_median": 0.4244309272557305,
      "matches": {
        "r0.2_dz0.05": 0,
        "r0.2_dz0.2": 0,
        "r0.2_dz0.5": 0,
        "r1.0_dz0.05": 0,
        "r1.0_dz0.2": 0,
        "r1.0_dz0.5": 5,
        "r3.0_dz0.05": 5,
        "r3.0_dz0.2": 14,
        "r3.0_dz0.5": 38,
        "r6.0_dz0.05": 45,
        "r6.0_dz0.2": 120,
        "r6.0_dz0.5": 260,
        "r12.0_dz0.05": 102,
        "r12.0_dz0.2": 263,
        "r12.0_dz0.5": 617
      }
    },
    {
      "z_floor": 1.0,
      "sdss_n": 39114,
      "desi_n": 24724,
      "nn_distance_deg_mean": 100.80863842843014,
      "nn_distance_deg_median": 113.92903946877799,
      "abs_dz_mean": 0.8181481574637831,
      "abs_dz_median": 0.6035619341962484,
      "matches": {
        "r0.2_dz0.05": 0,
        "r0.2_dz0.2": 0,
        "r0.2_dz0.5": 0,
        "r1.0_dz0.05": 0,
        "r1.0_dz0.2": 0,
        "r1.0_dz0.5": 5,
        "r3.0_dz0.05": 5,
        "r3.0_dz0.2": 14,
        "r3.0_dz0.5": 38,
        "r6.0_dz0.05": 45,
        "r6.0_dz0.2": 120,
        "r6.0_dz0.5": 260,
        "r12.0_dz0.05": 102,
        "r12.0_dz0.2": 263,
        "r12.0_dz0.5": 617
      }
    },
    {
      "z_floor": 0.7,
      "sdss_n": 51633,
      "desi_n": 24724,
      "nn_distance_deg_mean": 99.75086312395815,
      "nn_distance_deg_median": 113.61621086836003,
      "abs_dz_mean": 0.9919131911825178,
      "abs_dz_median": 0.9024456515883856,
      "matches": {
        "r0.2_dz0.05": 0,
        "r0.2_dz0.2": 0,
        "r0.2_dz0.5": 0,
        "r1.0_dz0.05": 0,
        "r1.0_dz0.2": 0,
        "r1.0_dz0.5": 5,
        "r3.0_dz0.05": 5,
        "r3.0_dz0.2": 14,
        "r3.0_dz0.5": 38,
        "r6.0_dz0.05": 45,
        "r6.0_dz0.2": 120,
        "r6.0_dz0.5": 260,
        "r12.0_dz0.05": 102,
        "r12.0_dz0.2": 263,
        "r12.0_dz0.5": 617
      }
    }
  ],
  "house15_counts": {
    "sdss": {
      "1": 19233,
      "2": 20334,
      "5": 21059,
      "6": 32539,
      "7": 16218,
      "8": 23151,
      "9": 32100,
      "10": 14869,
      "11": 18303,
      "14": 17493,
      "15": 12082
    },
    "desi": {
      "1": 24724
    }
  },
  "desi_center_median": {
    "ra": 3.6657942962547136,
    "dec": 0.554105818237961
  },
  "box_counts": [
    {
      "radius_deg": 2,
      "z_floor": 1.99,
      "sdss_candidates": 0
    },
    {
      "radius_deg": 2,
      "z_floor": 1.5,
      "sdss_candidates": 10
    },
    {
      "radius_deg": 2,
      "z_floor": 1.0,
      "sdss_candidates": 21
    },
    {
      "radius_deg": 2,
      "z_floor": 0.7,
      "sdss_candidates": 35
    },
    {
      "radius_deg": 4,
      "z_floor": 1.99,
      "sdss_candidates": 54
    },
    {
      "radius_deg": 4,
      "z_floor": 1.5,
      "sdss_candidates": 88
    },
    {
      "radius_deg": 4,
      "z_floor": 1.0,
      "sdss_candidates": 146
    },
    {
      "radius_deg": 4,
      "z_floor": 0.7,
      "sdss_candidates": 229
    },
    {
      "radius_deg": 8,
      "z_floor": 1.99,
      "sdss_candidates": 482
    },
    {
      "radius_deg": 8,
      "z_floor": 1.5,
      "sdss_candidates": 643
    },
    {
      "radius_deg": 8,
      "z_floor": 1.0,
      "sdss_candidates": 839
    },
    {
      "radius_deg": 8,
      "z_floor": 0.7,
      "sdss_candidates": 1204
    },
    {
      "radius_deg": 12,
      "z_floor": 1.99,
      "sdss_candidates": 789
    },
    {
      "radius_deg": 12,
      "z_floor": 1.5,
      "sdss_candidates": 1033
    },
    {
      "radius_deg": 12,
      "z_floor": 1.0,
      "sdss_candidates": 1357
    },
    {
      "radius_deg": 12,
      "z_floor": 0.7,
      "sdss_candidates": 2001
    }
  ],
  "figures": [
    "output/img/astro_d15_15houses_20260218T235601Z/matches_heatmap_z1p5.png",
    "output/img/astro_d15_15houses_20260218T235601Z/house15_distribution_sdss_desi.png"
  ],
  "notes": [
    "Análise real sobre payloads existentes em Qdrant; sem simulação ad hoc.",
    "Coleções não possuem obs_time homogêneo, então janela 48/72h é tratada na trilha de ephemerides/runtime, não no objeto estático SDSS/DESI."
  ]
}
