{
  "timestamp_utc": "2026-02-19T20:39:41.664759+00:00",
  "inputs": {
    "qdrant_url": "http://127.0.0.1:6333",
    "batch": 1500,
    "max_points": 0,
    "bio_target": [
      "bio_aging_cellular_proxies_live",
      "bio_hiv_acquisition_meta_15houses_live",
      "bio_hiv_gwas_ccr5_15houses_live",
      "bio_diabetes_t2_15houses_live",
      "bio_external_dm2_lupus_15houses_live",
      "bio_lupus_wave_20260218",
      "bio_16s_gut_microbiome_meta_live",
      "bio_colorectal_activity_bmi_live",
      "bio_gemini_multimorbidity_codes_14824760_live"
    ],
    "log_target": [
      "dodecatiad_metrics_dynamic_logs_live"
    ],
    "scenarios": {
      "baseline": {
        "use_explicit": true,
        "use_coords": true,
        "use_time": true,
        "use_dodec": true,
        "time_only": false,
        "exclude_hw": false
      },
      "exclude_hw": {
        "use_explicit": true,
        "use_coords": true,
        "use_time": true,
        "use_dodec": true,
        "time_only": false,
        "exclude_hw": true
      },
      "semantic_strict": {
        "use_explicit": true,
        "use_coords": true,
        "use_time": false,
        "use_dodec": true,
        "time_only": false,
        "exclude_hw": false
      },
      "semantic_strict_exclude_hw": {
        "use_explicit": true,
        "use_coords": true,
        "use_time": false,
        "use_dodec": true,
        "time_only": false,
        "exclude_hw": true
      },
      "time_only": {
        "use_explicit": false,
        "use_coords": false,
        "use_time": true,
        "use_dodec": false,
        "time_only": true,
        "exclude_hw": false
      },
      "time_only_exclude_hw": {
        "use_explicit": false,
        "use_coords": false,
        "use_time": true,
        "use_dodec": false,
        "time_only": true,
        "exclude_hw": true
      }
    }
  },
  "collections_scanned": [
    {
      "name": "bio_aging_cellular_proxies_live",
      "group": "bio",
      "points_total": 44581,
      "scanned_points": 44581,
      "has_hw_keys": false,
      "sample_keys_head": [
        "aging_cluster",
        "d15_rekh_proxy",
        "hsc_mielo_proxy",
        "immune_reentry_proxy",
        "minute",
        "mitophagy_proxy",
        "moon_illum_frac",
        "senescence_proxy",
        "source_covariates_csv",
        "source_metrics_csv",
        "sun_moon_sep_deg",
        "tod_frac"
      ]
    },
    {
      "name": "bio_hiv_acquisition_meta_15houses_live",
      "group": "bio",
      "points_total": 1500,
      "scanned_points": 1500,
      "has_hw_keys": false,
      "sample_keys_head": [
        "A1",
        "A2",
        "BETA",
        "BP",
        "CHR",
        "CHR_BP_hg19",
        "Direction",
        "HetChiSq",
        "HetDf",
        "HetISq",
        "HetPVal",
        "MAF_dbsnp151",
        "Neff",
        "P",
        "RSID",
        "SE",
        "Z",
        "house",
        "house_id",
        "kind",
        "materialized_at_utc",
        "source_member",
        "source_zip"
      ]
    },
    {
      "name": "bio_hiv_gwas_ccr5_15houses_live",
      "group": "bio",
      "points_total": 79,
      "scanned_points": 79,
      "has_hw_keys": false,
      "sample_keys_head": [
        "95% CI (TEXT)",
        "CHR_ID",
        "CHR_POS",
        "CNV",
        "CONTEXT",
        "DATE",
        "DATE ADDED TO CATALOG",
        "DISEASE/TRAIT",
        "DOWNSTREAM_GENE_DISTANCE",
        "DOWNSTREAM_GENE_ID",
        "FIRST AUTHOR",
        "GENOTYPING TECHNOLOGY",
        "INITIAL SAMPLE SIZE",
        "INTERGENIC",
        "JOURNAL",
        "LINK",
        "MAPPED_GENE",
        "MAPPED_TRAIT",
        "MAPPED_TRAIT_URI",
        "MERGED",
        "OR or BETA",
        "P-VALUE",
        "P-VALUE (TEXT)",
        "PLATFORM [SNPS PASSING QC]",
        "PUBMEDID",
        "PVALUE_MLOG",
        "REGION",
        "REPLICATION SAMPLE SIZE",
        "REPORTED GENE(S)",
        "RISK ALLELE FREQUENCY",
        "SNPS",
        "SNP_GENE_IDS",
        "SNP_ID_CURRENT",
        "STRONGEST SNP-RISK ALLELE",
        "STUDY",
        "STUDY ACCESSION",
        "UPSTREAM_GENE_DISTANCE",
        "UPSTREAM_GENE_ID",
        "delta32_detected_grch38",
        "grch38_found",
        "house",
        "house_id",
        "kind",
        "materialized_at_utc",
        "refsnp_id",
        "row_index",
        "source_path",
        "variant_type",
        "{"
      ]
    },
    {
      "name": "bio_diabetes_t2_15houses_live",
      "group": "bio",
      "points_total": 15,
      "scanned_points": 15,
      "has_hw_keys": false,
      "sample_keys_head": [
        "category_counts",
        "dataset_count",
        "datasets",
        "house",
        "kind",
        "materialized_at_utc",
        "sample_fields",
        "source_datasets",
        "total_fields"
      ]
    },
    {
      "name": "bio_external_dm2_lupus_15houses_live",
      "group": "bio",
      "points_total": 27,
      "scanned_points": 27,
      "has_hw_keys": false,
      "sample_keys_head": [
        "count",
        "delimiter",
        "field",
        "field_category",
        "field_summary",
        "house",
        "house_id",
        "image_total",
        "keyword_counts",
        "keyword_total",
        "kind",
        "label",
        "materialized_at_utc",
        "source_member",
        "source_zip",
        "split",
        "text_extracted",
        "token_count"
      ]
    },
    {
      "name": "bio_lupus_wave_20260218",
      "group": "bio",
      "points_total": 247,
      "scanned_points": 247,
      "has_hw_keys": true,
      "sample_keys_head": [
        "basename",
        "chunk_index",
        "chunk_text_len",
        "chunk_text_preview",
        "chunk_type",
        "column",
        "column_kind",
        "columns",
        "dataset_id",
        "dataset_kind",
        "domain",
        "file_path",
        "hw_cpu_percent",
        "hw_cpu_temp_c_max",
        "hw_cpu_temp_c_mean",
        "hw_disk_home_free_gb",
        "hw_disk_home_used_percent",
        "hw_disk_root_free_gb",
        "hw_disk_root_used_percent",
        "hw_disk_var_free_gb",
        "hw_disk_var_used_percent",
        "hw_gpu_count",
        "hw_gpu_mem_used_mb_total",
        "hw_gpu_temp_c_max",
        "hw_gpu_util_percent_max",
        "hw_loadavg_1m",
        "hw_ram_available_gb",
        "hw_ram_percent",
        "hw_ram_used_gb",
        "hw_swap_percent",
        "hw_swap_used_gb",
        "inventory_source",
        "line_end",
        "line_start",
        "mtime_utc",
        "qdrant_collection",
        "qdrant_endpoint",
        "row_end",
        "row_start",
        "runtime_hw_snapshot",
        "size_bytes",
        "suffix",
        "track",
        "vectorization_ts",
        "zip_files",
        "zip_top_files"
      ]
    },
    {
      "name": "bio_16s_gut_microbiome_meta_live",
      "group": "bio",
      "points_total": 458,
      "scanned_points": 458,
      "has_hw_keys": false,
      "sample_keys_head": [
        "dataset_tag",
        "entry",
        "record_type",
        "row",
        "row_index",
        "sheet",
        "size_bytes",
        "source_zip"
      ]
    },
    {
      "name": "bio_colorectal_activity_bmi_live",
      "group": "bio",
      "points_total": 4545,
      "scanned_points": 4545,
      "has_hw_keys": false,
      "sample_keys_head": [
        "dataset_tag",
        "entry",
        "record_type",
        "row",
        "row_index",
        "size_bytes",
        "source_zip"
      ]
    },
    {
      "name": "bio_gemini_multimorbidity_codes_14824760_live",
      "group": "bio",
      "points_total": 23970,
      "scanned_points": 23970,
      "has_hw_keys": false,
      "sample_keys_head": [
        "code",
        "condition",
        "dataset_tag",
        "description",
        "entry",
        "inner_zip",
        "record_type",
        "row_index",
        "source_zip",
        "vocab_id"
      ]
    },
    {
      "name": "dodecatiad_metrics_dynamic_logs_live",
      "group": "logs",
      "points_total": 10536,
      "scanned_points": 10536,
      "has_hw_keys": false,
      "sample_keys_head": [
        "aleph",
        "axiom",
        "c_plit",
        "epsilon",
        "gamma",
        "lambda_",
        "minute",
        "mu",
        "omega",
        "phi",
        "psi",
        "sigma",
        "source",
        "ts",
        "zeta"
      ]
    }
  ],
  "scenario_results": {
    "baseline": {
      "sector15": {
        "bio": {
          "collections_used": [
            "bio_aging_cellular_proxies_live",
            "bio_hiv_acquisition_meta_15houses_live",
            "bio_hiv_gwas_ccr5_15houses_live",
            "bio_diabetes_t2_15houses_live",
            "bio_external_dm2_lupus_15houses_live"
          ],
          "mapped_points_total": 46073,
          "weighted_distribution": [
            0.06841317040349013,
            0.06676361426431966,
            0.06459314566014802,
            0.06704577518286199,
            0.06459314566014802,
            0.06713259392702885,
            0.06459314566014802,
            0.06672020489223623,
            0.06895578755453301,
            0.06672020489223623,
            0.0687821500661993,
            0.06715429861307055,
            0.06667679552015279,
            0.06793566731057234,
            0.06392030039285482
          ],
          "source_breakdown": {
            "tod_frac": 44581,
            "house_id": 767,
            "house_named_12to15": 725,
            "unmapped": 29349
          }
        },
        "logs": {
          "collections_used": [
            "dodecatiad_metrics_dynamic_logs_live"
          ],
          "mapped_points_total": 10536,
          "weighted_distribution": [
            0.06520501138952164,
            0.04973424449506454,
            0.06387623386484434,
            0.06605922551252848,
            0.07175398633257403,
            0.07137433561123765,
            0.06454062262718299,
            0.06596431283219438,
            0.08978739559605163,
            0.07839787395596051,
            0.0695709946848899,
            0.05922551252847381,
            0.05144267274107821,
            0.058561123766135155,
            0.07450645406226272
          ],
          "source_breakdown": {
            "minute": 10536
          }
        },
        "bio_vs_logs": {
          "cosine": 0.989391502860876,
          "pearson_r": 0.09491255221648853,
          "pearson_p": 0.7365201897432926,
          "spearman_r": 0.035874800166708756,
          "spearman_p": 0.8989971930520153
        }
      },
      "house12": {
        "bio": {
          "collections_used": [
            "bio_aging_cellular_proxies_live",
            "bio_hiv_acquisition_meta_15houses_live",
            "bio_hiv_gwas_ccr5_15houses_live",
            "bio_diabetes_t2_15houses_live",
            "bio_external_dm2_lupus_15houses_live"
          ],
          "mapped_points_total": 45854,
          "weighted_distribution": [
            0.08496532472630523,
            0.08330789026039168,
            0.08112705543682122,
            0.08359139878745583,
            0.08367863218039866,
            0.08112705543682122,
            0.08326427356392027,
            0.08328608191215599,
            0.08522702490513369,
            0.08326427356392027,
            0.0834605486980416,
            0.08370044052863436
          ],
          "source_breakdown": {
            "tod_frac": 44581,
            "house_id": 548,
            "house_named": 725,
            "unmapped": 29568
          }
        },
        "logs": {
          "collections_used": [
            "dodecatiad_metrics_dynamic_logs_live"
          ],
          "mapped_points_total": 10536,
          "weighted_distribution": [
            0.07782839787395596,
            0.06919134396355353,
            0.08105542900531511,
            0.08855353075170842,
            0.08836370539104024,
            0.07697418375094912,
            0.10639711465451784,
            0.09832953682611997,
            0.08466211085801063,
            0.0709946848899013,
            0.06786256643887624,
            0.08978739559605163
          ],
          "source_breakdown": {
            "minute": 10536
          }
        },
        "bio_vs_logs": {
          "cosine": 0.9910821224213545,
          "pearson_r": 0.09508516575956011,
          "pearson_p": 0.768799329824517,
          "spearman_r": 0.12280777351893819,
          "spearman_p": 0.7037732307139831
        }
      }
    },
    "exclude_hw": {
      "sector15": {
        "bio": {
          "collections_used": [
            "bio_aging_cellular_proxies_live",
            "bio_hiv_acquisition_meta_15houses_live",
            "bio_hiv_gwas_ccr5_15houses_live",
            "bio_diabetes_t2_15houses_live",
            "bio_external_dm2_lupus_15houses_live"
          ],
          "mapped_points_total": 46073,
          "weighted_distribution": [
            0.06841317040349013,
            0.06676361426431966,
            0.06459314566014802,
            0.06704577518286199,
            0.06459314566014802,
            0.06713259392702885,
            0.06459314566014802,
            0.06672020489223623,
            0.06895578755453301,
            0.06672020489223623,
            0.0687821500661993,
            0.06715429861307055,
            0.06667679552015279,
            0.06793566731057234,
            0.06392030039285482
          ],
          "source_breakdown": {
            "tod_frac": 44581,
            "house_id": 767,
            "house_named_12to15": 725,
            "unmapped": 29102
          }
        },
        "logs": {
          "collections_used": [
            "dodecatiad_metrics_dynamic_logs_live"
          ],
          "mapped_points_total": 10536,
          "weighted_distribution": [
            0.06520501138952164,
            0.04973424449506454,
            0.06387623386484434,
            0.06605922551252848,
            0.07175398633257403,
            0.07137433561123765,
            0.06454062262718299,
            0.06596431283219438,
            0.08978739559605163,
            0.07839787395596051,
            0.0695709946848899,
            0.05922551252847381,
            0.05144267274107821,
            0.058561123766135155,
            0.07450645406226272
          ],
          "source_breakdown": {
            "minute": 10536
          }
        },
        "bio_vs_logs": {
          "cosine": 0.989391502860876,
          "pearson_r": 0.09491255221648853,
          "pearson_p": 0.7365201897432926,
          "spearman_r": 0.035874800166708756,
          "spearman_p": 0.8989971930520153
        }
      },
      "house12": {
        "bio": {
          "collections_used": [
            "bio_aging_cellular_proxies_live",
            "bio_hiv_acquisition_meta_15houses_live",
            "bio_hiv_gwas_ccr5_15houses_live",
            "bio_diabetes_t2_15houses_live",
            "bio_external_dm2_lupus_15houses_live"
          ],
          "mapped_points_total": 45854,
          "weighted_distribution": [
            0.08496532472630523,
            0.08330789026039168,
            0.08112705543682122,
            0.08359139878745583,
            0.08367863218039866,
            0.08112705543682122,
            0.08326427356392027,
            0.08328608191215599,
            0.08522702490513369,
            0.08326427356392027,
            0.0834605486980416,
            0.08370044052863436
          ],
          "source_breakdown": {
            "tod_frac": 44581,
            "house_id": 548,
            "house_named": 725,
            "unmapped": 29321
          }
        },
        "logs": {
          "collections_used": [
            "dodecatiad_metrics_dynamic_logs_live"
          ],
          "mapped_points_total": 10536,
          "weighted_distribution": [
            0.07782839787395596,
            0.06919134396355353,
            0.08105542900531511,
            0.08855353075170842,
            0.08836370539104024,
            0.07697418375094912,
            0.10639711465451784,
            0.09832953682611997,
            0.08466211085801063,
            0.0709946848899013,
            0.06786256643887624,
            0.08978739559605163
          ],
          "source_breakdown": {
            "minute": 10536
          }
        },
        "bio_vs_logs": {
          "cosine": 0.9910821224213545,
          "pearson_r": 0.09508516575956011,
          "pearson_p": 0.768799329824517,
          "spearman_r": 0.12280777351893819,
          "spearman_p": 0.7037732307139831
        }
      }
    },
    "semantic_strict": {
      "sector15": {
        "bio": {
          "collections_used": [
            "bio_hiv_acquisition_meta_15houses_live",
            "bio_hiv_gwas_ccr5_15houses_live",
            "bio_diabetes_t2_15houses_live",
            "bio_external_dm2_lupus_15houses_live"
          ],
          "mapped_points_total": 1492,
          "weighted_distribution": [
            0.15750670241286863,
            0.06702412868632708,
            0.0,
            0.0757372654155496,
            0.0,
            0.07841823056300269,
            0.0,
            0.06568364611260052,
            0.13471849865951743,
            0.06568364611260054,
            0.12935656836461126,
            0.07908847184986595,
            0.06434316353887398,
            0.0824396782841823,
            0.0
          ],
          "source_breakdown": {
            "unmapped": 73930,
            "house_id": 767,
            "house_named_12to15": 725
          }
        },
        "logs": {
          "collections_used": [
            "dodecatiad_metrics_dynamic_logs_live"
          ],
          "mapped_points_total": 10536,
          "weighted_distribution": [
            1.0,
            0.0,
            0.0,
            0.0,
            0.0,
            0.0,
            0.0,
            0.0,
            0.0,
            0.0,
            0.0,
            0.0,
            0.0,
            0.0,
            0.0
          ],
          "source_breakdown": {
            "dodec_dominant": 10536
          }
        },
        "bio_vs_logs": {
          "cosine": 0.4934427392924649,
          "pearson_r": 0.5010185672581007,
          "pearson_p": 0.05711030672886525,
          "spearman_r": 0.4369314487526515,
          "spearman_p": 0.10341820232525248
        }
      },
      "house12": {
        "bio": {
          "collections_used": [
            "bio_hiv_acquisition_meta_15houses_live",
            "bio_hiv_gwas_ccr5_15houses_live",
            "bio_diabetes_t2_15houses_live",
            "bio_external_dm2_lupus_15houses_live"
          ],
          "mapped_points_total": 1273,
          "weighted_distribution": [
            0.18460329929300862,
            0.07855459544383346,
            0.0,
            0.08876669285153181,
            0.09190887666928514,
            0.0,
            0.0769835035349568,
            0.07776904948939514,
            0.1476826394344069,
            0.07698350353495678,
            0.0840534171249018,
            0.09269442262372347
          ],
          "source_breakdown": {
            "unmapped": 74149,
            "house_id": 548,
            "house_named": 725
          }
        },
        "logs": {
          "collections_used": [
            "dodecatiad_metrics_dynamic_logs_live"
          ],
          "mapped_points_total": 10536,
          "weighted_distribution": [
            1.0,
            0.0,
            0.0,
            0.0,
            0.0,
            0.0,
            0.0,
            0.0,
            0.0,
            0.0,
            0.0,
            0.0
          ],
          "source_breakdown": {
            "dodec_dominant": 10536
          }
        },
        "bio_vs_logs": {
          "cosine": 0.551745052599663,
          "pearson_r": 0.6253290525748615,
          "pearson_p": 0.029664886138079213,
          "spearman_r": 0.48122650318578786,
          "spearman_p": 0.11321339846933902
        }
      }
    },
    "semantic_strict_exclude_hw": {
      "sector15": {
        "bio": {
          "collections_used": [
            "bio_hiv_acquisition_meta_15houses_live",
            "bio_hiv_gwas_ccr5_15houses_live",
            "bio_diabetes_t2_15houses_live",
            "bio_external_dm2_lupus_15houses_live"
          ],
          "mapped_points_total": 1492,
          "weighted_distribution": [
            0.15750670241286863,
            0.06702412868632708,
            0.0,
            0.0757372654155496,
            0.0,
            0.07841823056300269,
            0.0,
            0.06568364611260052,
            0.13471849865951743,
            0.06568364611260054,
            0.12935656836461126,
            0.07908847184986595,
            0.06434316353887398,
            0.0824396782841823,
            0.0
          ],
          "source_breakdown": {
            "unmapped": 73683,
            "house_id": 767,
            "house_named_12to15": 725
          }
        },
        "logs": {
          "collections_used": [
            "dodecatiad_metrics_dynamic_logs_live"
          ],
          "mapped_points_total": 10536,
          "weighted_distribution": [
            1.0,
            0.0,
            0.0,
            0.0,
            0.0,
            0.0,
            0.0,
            0.0,
            0.0,
            0.0,
            0.0,
            0.0,
            0.0,
            0.0,
            0.0
          ],
          "source_breakdown": {
            "dodec_dominant": 10536
          }
        },
        "bio_vs_logs": {
          "cosine": 0.4934427392924649,
          "pearson_r": 0.5010185672581007,
          "pearson_p": 0.05711030672886525,
          "spearman_r": 0.4369314487526515,
          "spearman_p": 0.10341820232525248
        }
      },
      "house12": {
        "bio": {
          "collections_used": [
            "bio_hiv_acquisition_meta_15houses_live",
            "bio_hiv_gwas_ccr5_15houses_live",
            "bio_diabetes_t2_15houses_live",
            "bio_external_dm2_lupus_15houses_live"
          ],
          "mapped_points_total": 1273,
          "weighted_distribution": [
            0.18460329929300862,
            0.07855459544383346,
            0.0,
            0.08876669285153181,
            0.09190887666928514,
            0.0,
            0.0769835035349568,
            0.07776904948939514,
            0.1476826394344069,
            0.07698350353495678,
            0.0840534171249018,
            0.09269442262372347
          ],
          "source_breakdown": {
            "unmapped": 73902,
            "house_id": 548,
            "house_named": 725
          }
        },
        "logs": {
          "collections_used": [
            "dodecatiad_metrics_dynamic_logs_live"
          ],
          "mapped_points_total": 10536,
          "weighted_distribution": [
            1.0,
            0.0,
            0.0,
            0.0,
            0.0,
            0.0,
            0.0,
            0.0,
            0.0,
            0.0,
            0.0,
            0.0
          ],
          "source_breakdown": {
            "dodec_dominant": 10536
          }
        },
        "bio_vs_logs": {
          "cosine": 0.551745052599663,
          "pearson_r": 0.6253290525748615,
          "pearson_p": 0.029664886138079213,
          "spearman_r": 0.48122650318578786,
          "spearman_p": 0.11321339846933902
        }
      }
    },
    "time_only": {
      "sector15": {
        "bio": {
          "collections_used": [
            "bio_aging_cellular_proxies_live"
          ],
          "mapped_points_total": 44581,
          "weighted_distribution": [
            0.06543146183351652,
            0.06675489558332025,
            0.06675489558332025,
            0.06675489558332025,
            0.06675489558332025,
            0.06675489558332025,
            0.06675489558332025,
            0.06675489558332025,
            0.06675489558332025,
            0.06675489558332025,
            0.06675489558332025,
            0.06675489558332025,
            0.06675489558332025,
            0.06745025907897984,
            0.06605953208766066
          ],
          "source_breakdown": {
            "tod_frac": 44581,
            "unmapped": 30841
          }
        },
        "logs": {
          "collections_used": [
            "dodecatiad_metrics_dynamic_logs_live"
          ],
          "mapped_points_total": 10536,
          "weighted_distribution": [
            0.06520501138952164,
            0.04973424449506454,
            0.06387623386484434,
            0.06605922551252848,
            0.07175398633257403,
            0.07137433561123765,
            0.06454062262718299,
            0.06596431283219438,
            0.08978739559605163,
            0.07839787395596051,
            0.0695709946848899,
            0.05922551252847381,
            0.05144267274107821,
            0.058561123766135155,
            0.07450645406226272
          ],
          "source_breakdown": {
            "minute": 10536
          }
        },
        "bio_vs_logs": {
          "cosine": 0.9891805424981348,
          "pearson_r": -0.14928505320882374,
          "pearson_p": 0.5954115380738065,
          "spearman_r": -0.29358140559326074,
          "spearman_p": 0.2882250675985943
        }
      },
      "house12": {
        "bio": {
          "collections_used": [
            "bio_aging_cellular_proxies_live"
          ],
          "mapped_points_total": 44581,
          "weighted_distribution": [
            0.08212018572934658,
            0.08344361947915031,
            0.08344361947915031,
            0.08344361947915031,
            0.08344361947915031,
            0.08344361947915031,
            0.08344361947915031,
            0.08344361947915031,
            0.08344361947915031,
            0.08344361947915031,
            0.08344361947915031,
            0.08344361947915031
          ],
          "source_breakdown": {
            "tod_frac": 44581,
            "unmapped": 30841
          }
        },
        "logs": {
          "collections_used": [
            "dodecatiad_metrics_dynamic_logs_live"
          ],
          "mapped_points_total": 10536,
          "weighted_distribution": [
            0.07782839787395596,
            0.06919134396355353,
            0.08105542900531511,
            0.08855353075170842,
            0.08836370539104024,
            0.07697418375094912,
            0.10639711465451784,
            0.09832953682611997,
            0.08466211085801063,
            0.0709946848899013,
            0.06786256643887624,
            0.08978739559605163
          ],
          "source_breakdown": {
            "minute": 10536
          }
        },
        "bio_vs_logs": {
          "cosine": 0.9910781497165723,
          "pearson_r": 0.14746188984979547,
          "pearson_p": 0.6474232423815508,
          "spearman_r": 0.13101394402234404,
          "spearman_p": 0.6848487144273757
        }
      }
    },
    "time_only_exclude_hw": {
      "sector15": {
        "bio": {
          "collections_used": [
            "bio_aging_cellular_proxies_live"
          ],
          "mapped_points_total": 44581,
          "weighted_distribution": [
            0.06543146183351652,
            0.06675489558332025,
            0.06675489558332025,
            0.06675489558332025,
            0.06675489558332025,
            0.06675489558332025,
            0.06675489558332025,
            0.06675489558332025,
            0.06675489558332025,
            0.06675489558332025,
            0.06675489558332025,
            0.06675489558332025,
            0.06675489558332025,
            0.06745025907897984,
            0.06605953208766066
          ],
          "source_breakdown": {
            "tod_frac": 44581,
            "unmapped": 30594
          }
        },
        "logs": {
          "collections_used": [
            "dodecatiad_metrics_dynamic_logs_live"
          ],
          "mapped_points_total": 10536,
          "weighted_distribution": [
            0.06520501138952164,
            0.04973424449506454,
            0.06387623386484434,
            0.06605922551252848,
            0.07175398633257403,
            0.07137433561123765,
            0.06454062262718299,
            0.06596431283219438,
            0.08978739559605163,
            0.07839787395596051,
            0.0695709946848899,
            0.05922551252847381,
            0.05144267274107821,
            0.058561123766135155,
            0.07450645406226272
          ],
          "source_breakdown": {
            "minute": 10536
          }
        },
        "bio_vs_logs": {
          "cosine": 0.9891805424981348,
          "pearson_r": -0.14928505320882374,
          "pearson_p": 0.5954115380738065,
          "spearman_r": -0.29358140559326074,
          "spearman_p": 0.2882250675985943
        }
      },
      "house12": {
        "bio": {
          "collections_used": [
            "bio_aging_cellular_proxies_live"
          ],
          "mapped_points_total": 44581,
          "weighted_distribution": [
            0.08212018572934658,
            0.08344361947915031,
            0.08344361947915031,
            0.08344361947915031,
            0.08344361947915031,
            0.08344361947915031,
            0.08344361947915031,
            0.08344361947915031,
            0.08344361947915031,
            0.08344361947915031,
            0.08344361947915031,
            0.08344361947915031
          ],
          "source_breakdown": {
            "tod_frac": 44581,
            "unmapped": 30594
          }
        },
        "logs": {
          "collections_used": [
            "dodecatiad_metrics_dynamic_logs_live"
          ],
          "mapped_points_total": 10536,
          "weighted_distribution": [
            0.07782839787395596,
            0.06919134396355353,
            0.08105542900531511,
            0.08855353075170842,
            0.08836370539104024,
            0.07697418375094912,
            0.10639711465451784,
            0.09832953682611997,
            0.08466211085801063,
            0.0709946848899013,
            0.06786256643887624,
            0.08978739559605163
          ],
          "source_breakdown": {
            "minute": 10536
          }
        },
        "bio_vs_logs": {
          "cosine": 0.9910781497165723,
          "pearson_r": 0.14746188984979547,
          "pearson_p": 0.6474232423815508,
          "spearman_r": 0.13101394402234404,
          "spearman_p": 0.6848487144273757
        }
      }
    }
  },
  "cause_ranking": {
    "baseline_cos_sector15": 0.989391502860876,
    "exclude_hw_cos_sector15": 0.989391502860876,
    "semantic_strict_cos_sector15": 0.4934427392924649,
    "time_only_cos_sector15": 0.9891805424981348,
    "delta_drop_exclude_hw": 0.0,
    "delta_drop_semantic_strict": 0.49594876356841106,
    "ranking": [
      {
        "hypothesis": "alinhamento_temporal_distribucional",
        "score": 0.4943389945972517
      },
      {
        "hypothesis": "acoplamento_estrutural_genuino_ou_coincidencia",
        "score": 0.4934427392924649
      },
      {
        "hypothesis": "origem_comum_hw",
        "score": 0.0
      }
    ]
  },
  "figure": "/home/fahbrain/projects/omnimind/output/img/bio_logs_cosine_contamination_diagnosis_20260219T203902Z/bio_logs_cosine_by_scenario.png",
  "classification": "real-data-local",
  "no_simulation_note": "Only real Qdrant payloads were scanned; scenario toggles alter mapping rules/collection filters only."
}
