{
  "timestamp_utc": "2026-02-19T23:12:33.549794+00:00",
  "status": "continuing_with_historical_ab_and_download_monitor",
  "historical_memory_ab_report": "/home/fahbrain/projects/omnimind/reports_runtime/historical_memory_ab_superposition_20260219T230033Z.json",
  "historical_memory_ab_extract": {
    "baseline": {
      "sector15_base": 0.9889072998458155,
      "sector15_plus_hist": 0.5491731730533558,
      "sector15_delta": -0.4397341267924597,
      "house12_base": 0.9910990986118698,
      "house12_plus_hist": 0.5960633061951528,
      "house12_delta": -0.39503579241671705
    },
    "semantic_strict": {
      "sector15_base": 0.9889072998458155,
      "sector15_plus_hist": 0.278417178861183,
      "sector15_delta": -0.7104901209846325,
      "house12_base": 0.9910990986118698,
      "house12_plus_hist": 0.310689293177468,
      "house12_delta": -0.6804098054344019
    },
    "time_only": {
      "sector15_base": 0.9891805424981348,
      "sector15_plus_hist": 0.6006875415074324,
      "sector15_delta": -0.3884930009907024,
      "house12_base": 0.9910781497165723,
      "house12_plus_hist": 0.6036542934769864,
      "house12_delta": -0.38742385623958586
    }
  },
  "synchronized_window_results": {
    "24h": {
      "bio_vs_log_base_anchor": {
        "available": true,
        "window_hours": 24,
        "start_ts_unix": 1771336522.344,
        "end_ts_unix": 1771422922.344,
        "start_utc": "2026-02-17T13:55:22.344000+00:00",
        "end_utc": "2026-02-18T13:55:22.344000+00:00",
        "lag_hours_max": 32.16224485079447,
        "overlap_hours_total": 2.623114593625069
      },
      "bio_vs_logs_plus_historical_anchor": {
        "available": true,
        "window_hours": 24,
        "start_ts_unix": 1771336522.344,
        "end_ts_unix": 1771422922.344,
        "start_utc": "2026-02-17T13:55:22.344000+00:00",
        "end_utc": "2026-02-18T13:55:22.344000+00:00",
        "lag_hours_max": 32.16224485079447,
        "overlap_hours_total": 2.623114593625069
      },
      "scenarios": {
        "baseline": {
          "sector15": {
            "bio_vs_log_base": {
              "bio_window": {
                "collections_used": [
                  "bio_hiv_gwas_ccr5_15houses_live"
                ],
                "mapped_points_total": 57,
                "weighted_distribution": [
                  0.10526315789473684,
                  0.017543859649122806,
                  0.0,
                  0.10526315789473684,
                  0.0,
                  0.12280701754385964,
                  0.0,
                  0.07017543859649122,
                  0.14035087719298245,
                  0.12280701754385964,
                  0.08771929824561403,
                  0.07017543859649122,
                  0.07017543859649122,
                  0.08771929824561403,
                  0.0
                ],
                "window_hours": 24,
                "start_utc": "2026-02-17T13:55:22.344000+00:00",
                "end_utc": "2026-02-18T13:55:22.344000+00:00"
              },
              "logs_window": {
                "collections_used": [
                  "dodecatiad_metrics_dynamic_logs_live"
                ],
                "mapped_points_total": 2523,
                "weighted_distribution": [
                  0.06539833531510107,
                  0.05786761791518034,
                  0.06619104240982956,
                  0.07213634562029331,
                  0.07055093143083631,
                  0.06183115338882283,
                  0.055489496630994846,
                  0.054696789536266346,
                  0.10503369005152596,
                  0.06738010305192231,
                  0.06500198176773682,
                  0.06064209274673008,
                  0.056282203725723345,
                  0.07015457788347206,
                  0.0713436385255648
                ],
                "window_hours": 24,
                "start_utc": "2026-02-17T13:55:22.344000+00:00",
                "end_utc": "2026-02-18T13:55:22.344000+00:00"
              },
              "metrics": {
                "cosine": 0.8340048464091702,
                "pearson_r": 0.3873202728681444,
                "pearson_p": 0.1537695114861086,
                "spearman_r": 0.28289851650248266,
                "spearman_p": 0.30693487309248146
              }
            },
            "bio_vs_logs_plus_historical": {
              "bio_window": {
                "collections_used": [
                  "bio_hiv_gwas_ccr5_15houses_live"
                ],
                "mapped_points_total": 57,
                "weighted_distribution": [
                  0.10526315789473684,
                  0.017543859649122806,
                  0.0,
                  0.10526315789473684,
                  0.0,
                  0.12280701754385964,
                  0.0,
                  0.07017543859649122,
                  0.14035087719298245,
                  0.12280701754385964,
                  0.08771929824561403,
                  0.07017543859649122,
                  0.07017543859649122,
                  0.08771929824561403,
                  0.0
                ],
                "window_hours": 24,
                "start_utc": "2026-02-17T13:55:22.344000+00:00",
                "end_utc": "2026-02-18T13:55:22.344000+00:00"
              },
              "logs_base_window": {
                "collections_used": [
                  "dodecatiad_metrics_dynamic_logs_live"
                ],
                "mapped_points_total": 2523,
                "weighted_distribution": [
                  0.06539833531510107,
                  0.05786761791518034,
                  0.06619104240982956,
                  0.07213634562029331,
                  0.07055093143083631,
                  0.06183115338882283,
                  0.055489496630994846,
                  0.054696789536266346,
                  0.10503369005152596,
                  0.06738010305192231,
                  0.06500198176773682,
                  0.06064209274673008,
                  0.056282203725723345,
                  0.07015457788347206,
                  0.0713436385255648
                ],
                "window_hours": 24,
                "start_utc": "2026-02-17T13:55:22.344000+00:00",
                "end_utc": "2026-02-18T13:55:22.344000+00:00"
              },
              "historical_window": {
                "collections_used": [],
                "mapped_points_total": 0,
                "weighted_distribution": [
                  0.0,
                  0.0,
                  0.0,
                  0.0,
                  0.0,
                  0.0,
                  0.0,
                  0.0,
                  0.0,
                  0.0,
                  0.0,
                  0.0,
                  0.0,
                  0.0,
                  0.0
                ],
                "window_hours": 24,
                "start_utc": "2026-02-17T13:55:22.344000+00:00",
                "end_utc": "2026-02-18T13:55:22.344000+00:00"
              },
              "logs_plus_window": {
                "mapped_points_total": 2523,
                "weighted_distribution": [
                  0.06539833531510107,
                  0.05786761791518034,
                  0.06619104240982956,
                  0.07213634562029331,
                  0.07055093143083631,
                  0.06183115338882283,
                  0.055489496630994846,
                  0.054696789536266346,
                  0.10503369005152596,
                  0.06738010305192231,
                  0.06500198176773682,
                  0.06064209274673008,
                  0.056282203725723345,
                  0.07015457788347206,
                  0.0713436385255648
                ]
              },
              "metrics": {
                "cosine": 0.8340048464091702,
                "pearson_r": 0.3873202728681444,
                "pearson_p": 0.1537695114861086,
                "spearman_r": 0.28289851650248266,
                "spearman_p": 0.30693487309248146
              }
            },
            "delta_cosine_plus_minus_base": 0.0,
            "closure_score": 0.0
          },
          "house12": {
            "bio_vs_log_base": {
              "bio_window": {
                "collections_used": [
                  "bio_hiv_gwas_ccr5_15houses_live"
                ],
                "mapped_points_total": 48,
                "weighted_distribution": [
                  0.125,
                  0.020833333333333332,
                  0.0,
                  0.125,
                  0.14583333333333334,
                  0.0,
                  0.08333333333333333,
                  0.08333333333333333,
                  0.16666666666666666,
                  0.14583333333333334,
                  0.020833333333333332,
                  0.08333333333333333
                ],
                "window_hours": 24,
                "start_utc": "2026-02-17T13:55:22.344000+00:00",
                "end_utc": "2026-02-18T13:55:22.344000+00:00"
              },
              "logs_window": {
                "collections_used": [
                  "dodecatiad_metrics_dynamic_logs_live"
                ],
                "mapped_points_total": 2523,
                "weighted_distribution": [
                  0.07966706302021404,
                  0.07768529528339278,
                  0.08600871977804202,
                  0.08878319460959176,
                  0.07530717399920729,
                  0.06856916369401506,
                  0.11732065001981767,
                  0.08323424494649227,
                  0.08085612366230678,
                  0.07570352754657154,
                  0.07728894173602854,
                  0.08957590170432025
                ],
                "window_hours": 24,
                "start_utc": "2026-02-17T13:55:22.344000+00:00",
                "end_utc": "2026-02-18T13:55:22.344000+00:00"
              },
              "metrics": {
                "cosine": 0.8202905354505978,
                "pearson_r": 0.07709040788928949,
                "pearson_p": 0.811780588187251,
                "spearman_r": -0.014185824308426838,
                "spearman_p": 0.9650989383492281
              }
            },
            "bio_vs_logs_plus_historical": {
              "bio_window": {
                "collections_used": [
                  "bio_hiv_gwas_ccr5_15houses_live"
                ],
                "mapped_points_total": 48,
                "weighted_distribution": [
                  0.125,
                  0.020833333333333332,
                  0.0,
                  0.125,
                  0.14583333333333334,
                  0.0,
                  0.08333333333333333,
                  0.08333333333333333,
                  0.16666666666666666,
                  0.14583333333333334,
                  0.020833333333333332,
                  0.08333333333333333
                ],
                "window_hours": 24,
                "start_utc": "2026-02-17T13:55:22.344000+00:00",
                "end_utc": "2026-02-18T13:55:22.344000+00:00"
              },
              "logs_base_window": {
                "collections_used": [
                  "dodecatiad_metrics_dynamic_logs_live"
                ],
                "mapped_points_total": 2523,
                "weighted_distribution": [
                  0.07966706302021404,
                  0.07768529528339278,
                  0.08600871977804202,
                  0.08878319460959176,
                  0.07530717399920729,
                  0.06856916369401506,
                  0.11732065001981767,
                  0.08323424494649227,
                  0.08085612366230678,
                  0.07570352754657154,
                  0.07728894173602854,
                  0.08957590170432025
                ],
                "window_hours": 24,
                "start_utc": "2026-02-17T13:55:22.344000+00:00",
                "end_utc": "2026-02-18T13:55:22.344000+00:00"
              },
              "historical_window": {
                "collections_used": [],
                "mapped_points_total": 0,
                "weighted_distribution": [
                  0.0,
                  0.0,
                  0.0,
                  0.0,
                  0.0,
                  0.0,
                  0.0,
                  0.0,
                  0.0,
                  0.0,
                  0.0,
                  0.0
                ],
                "window_hours": 24,
                "start_utc": "2026-02-17T13:55:22.344000+00:00",
                "end_utc": "2026-02-18T13:55:22.344000+00:00"
              },
              "logs_plus_window": {
                "mapped_points_total": 2523,
                "weighted_distribution": [
                  0.07966706302021404,
                  0.07768529528339278,
                  0.08600871977804202,
                  0.08878319460959176,
                  0.07530717399920729,
                  0.06856916369401506,
                  0.11732065001981767,
                  0.08323424494649227,
                  0.08085612366230678,
                  0.07570352754657154,
                  0.07728894173602854,
                  0.08957590170432025
                ]
              },
              "metrics": {
                "cosine": 0.8202905354505978,
                "pearson_r": 0.07709040788928949,
                "pearson_p": 0.811780588187251,
                "spearman_r": -0.014185824308426838,
                "spearman_p": 0.9650989383492281
              }
            },
            "delta_cosine_plus_minus_base": 0.0,
            "closure_score": 0.0
          }
        },
        "semantic_strict": {
          "sector15": {
            "bio_vs_log_base": {
              "bio_window": {
                "collections_used": [
                  "bio_hiv_gwas_ccr5_15houses_live"
                ],
                "mapped_points_total": 57,
                "weighted_distribution": [
                  0.10526315789473684,
                  0.017543859649122806,
                  0.0,
                  0.10526315789473684,
                  0.0,
                  0.12280701754385964,
                  0.0,
                  0.07017543859649122,
                  0.14035087719298245,
                  0.12280701754385964,
                  0.08771929824561403,
                  0.07017543859649122,
                  0.07017543859649122,
                  0.08771929824561403,
                  0.0
                ],
                "window_hours": 24,
                "start_utc": "2026-02-17T13:55:22.344000+00:00",
                "end_utc": "2026-02-18T13:55:22.344000+00:00"
              },
              "logs_window": {
                "collections_used": [
                  "dodecatiad_metrics_dynamic_logs_live"
                ],
                "mapped_points_total": 2523,
                "weighted_distribution": [
                  0.06539833531510107,
                  0.05786761791518034,
                  0.06619104240982956,
                  0.07213634562029331,
                  0.07055093143083631,
                  0.06183115338882283,
                  0.055489496630994846,
                  0.054696789536266346,
                  0.10503369005152596,
                  0.06738010305192231,
                  0.06500198176773682,
                  0.06064209274673008,
                  0.056282203725723345,
                  0.07015457788347206,
                  0.0713436385255648
                ],
                "window_hours": 24,
                "start_utc": "2026-02-17T13:55:22.344000+00:00",
                "end_utc": "2026-02-18T13:55:22.344000+00:00"
              },
              "metrics": {
                "cosine": 0.8340048464091702,
                "pearson_r": 0.3873202728681444,
                "pearson_p": 0.1537695114861086,
                "spearman_r": 0.28289851650248266,
                "spearman_p": 0.30693487309248146
              }
            },
            "bio_vs_logs_plus_historical": {
              "bio_window": {
                "collections_used": [
                  "bio_hiv_gwas_ccr5_15houses_live"
                ],
                "mapped_points_total": 57,
                "weighted_distribution": [
                  0.10526315789473684,
                  0.017543859649122806,
                  0.0,
                  0.10526315789473684,
                  0.0,
                  0.12280701754385964,
                  0.0,
                  0.07017543859649122,
                  0.14035087719298245,
                  0.12280701754385964,
                  0.08771929824561403,
                  0.07017543859649122,
                  0.07017543859649122,
                  0.08771929824561403,
                  0.0
                ],
                "window_hours": 24,
                "start_utc": "2026-02-17T13:55:22.344000+00:00",
                "end_utc": "2026-02-18T13:55:22.344000+00:00"
              },
              "logs_base_window": {
                "collections_used": [
                  "dodecatiad_metrics_dynamic_logs_live"
                ],
                "mapped_points_total": 2523,
                "weighted_distribution": [
                  0.06539833531510107,
                  0.05786761791518034,
                  0.06619104240982956,
                  0.07213634562029331,
                  0.07055093143083631,
                  0.06183115338882283,
                  0.055489496630994846,
                  0.054696789536266346,
                  0.10503369005152596,
                  0.06738010305192231,
                  0.06500198176773682,
                  0.06064209274673008,
                  0.056282203725723345,
                  0.07015457788347206,
                  0.0713436385255648
                ],
                "window_hours": 24,
                "start_utc": "2026-02-17T13:55:22.344000+00:00",
                "end_utc": "2026-02-18T13:55:22.344000+00:00"
              },
              "historical_window": {
                "collections_used": [],
                "mapped_points_total": 0,
                "weighted_distribution": [
                  0.0,
                  0.0,
                  0.0,
                  0.0,
                  0.0,
                  0.0,
                  0.0,
                  0.0,
                  0.0,
                  0.0,
                  0.0,
                  0.0,
                  0.0,
                  0.0,
                  0.0
                ],
                "window_hours": 24,
                "start_utc": "2026-02-17T13:55:22.344000+00:00",
                "end_utc": "2026-02-18T13:55:22.344000+00:00"
              },
              "logs_plus_window": {
                "mapped_points_total": 2523,
                "weighted_distribution": [
                  0.06539833531510107,
                  0.05786761791518034,
                  0.06619104240982956,
                  0.07213634562029331,
                  0.07055093143083631,
                  0.06183115338882283,
                  0.055489496630994846,
                  0.054696789536266346,
                  0.10503369005152596,
                  0.06738010305192231,
                  0.06500198176773682,
                  0.06064209274673008,
                  0.056282203725723345,
                  0.07015457788347206,
                  0.0713436385255648
                ]
              },
              "metrics": {
                "cosine": 0.8340048464091702,
                "pearson_r": 0.3873202728681444,
                "pearson_p": 0.1537695114861086,
                "spearman_r": 0.28289851650248266,
                "spearman_p": 0.30693487309248146
              }
            },
            "delta_cosine_plus_minus_base": 0.0,
            "closure_score": 0.0
          },
          "house12": {
            "bio_vs_log_base": {
              "bio_window": {
                "collections_used": [
                  "bio_hiv_gwas_ccr5_15houses_live"
                ],
                "mapped_points_total": 48,
                "weighted_distribution": [
                  0.125,
                  0.020833333333333332,
                  0.0,
                  0.125,
                  0.14583333333333334,
                  0.0,
                  0.08333333333333333,
                  0.08333333333333333,
                  0.16666666666666666,
                  0.14583333333333334,
                  0.020833333333333332,
                  0.08333333333333333
                ],
                "window_hours": 24,
                "start_utc": "2026-02-17T13:55:22.344000+00:00",
                "end_utc": "2026-02-18T13:55:22.344000+00:00"
              },
              "logs_window": {
                "collections_used": [
                  "dodecatiad_metrics_dynamic_logs_live"
                ],
                "mapped_points_total": 2523,
                "weighted_distribution": [
                  0.07966706302021404,
                  0.07768529528339278,
                  0.08600871977804202,
                  0.08878319460959176,
                  0.07530717399920729,
                  0.06856916369401506,
                  0.11732065001981767,
                  0.08323424494649227,
                  0.08085612366230678,
                  0.07570352754657154,
                  0.07728894173602854,
                  0.08957590170432025
                ],
                "window_hours": 24,
                "start_utc": "2026-02-17T13:55:22.344000+00:00",
                "end_utc": "2026-02-18T13:55:22.344000+00:00"
              },
              "metrics": {
                "cosine": 0.8202905354505978,
                "pearson_r": 0.07709040788928949,
                "pearson_p": 0.811780588187251,
                "spearman_r": -0.014185824308426838,
                "spearman_p": 0.9650989383492281
              }
            },
            "bio_vs_logs_plus_historical": {
              "bio_window": {
                "collections_used": [
                  "bio_hiv_gwas_ccr5_15houses_live"
                ],
                "mapped_points_total": 48,
                "weighted_distribution": [
                  0.125,
                  0.020833333333333332,
                  0.0,
                  0.125,
                  0.14583333333333334,
                  0.0,
                  0.08333333333333333,
                  0.08333333333333333,
                  0.16666666666666666,
                  0.14583333333333334,
                  0.020833333333333332,
                  0.08333333333333333
                ],
                "window_hours": 24,
                "start_utc": "2026-02-17T13:55:22.344000+00:00",
                "end_utc": "2026-02-18T13:55:22.344000+00:00"
              },
              "logs_base_window": {
                "collections_used": [
                  "dodecatiad_metrics_dynamic_logs_live"
                ],
                "mapped_points_total": 2523,
                "weighted_distribution": [
                  0.07966706302021404,
                  0.07768529528339278,
                  0.08600871977804202,
                  0.08878319460959176,
                  0.07530717399920729,
                  0.06856916369401506,
                  0.11732065001981767,
                  0.08323424494649227,
                  0.08085612366230678,
                  0.07570352754657154,
                  0.07728894173602854,
                  0.08957590170432025
                ],
                "window_hours": 24,
                "start_utc": "2026-02-17T13:55:22.344000+00:00",
                "end_utc": "2026-02-18T13:55:22.344000+00:00"
              },
              "historical_window": {
                "collections_used": [],
                "mapped_points_total": 0,
                "weighted_distribution": [
                  0.0,
                  0.0,
                  0.0,
                  0.0,
                  0.0,
                  0.0,
                  0.0,
                  0.0,
                  0.0,
                  0.0,
                  0.0,
                  0.0
                ],
                "window_hours": 24,
                "start_utc": "2026-02-17T13:55:22.344000+00:00",
                "end_utc": "2026-02-18T13:55:22.344000+00:00"
              },
              "logs_plus_window": {
                "mapped_points_total": 2523,
                "weighted_distribution": [
                  0.07966706302021404,
                  0.07768529528339278,
                  0.08600871977804202,
                  0.08878319460959176,
                  0.07530717399920729,
                  0.06856916369401506,
                  0.11732065001981767,
                  0.08323424494649227,
                  0.08085612366230678,
                  0.07570352754657154,
                  0.07728894173602854,
                  0.08957590170432025
                ]
              },
              "metrics": {
                "cosine": 0.8202905354505978,
                "pearson_r": 0.07709040788928949,
                "pearson_p": 0.811780588187251,
                "spearman_r": -0.014185824308426838,
                "spearman_p": 0.9650989383492281
              }
            },
            "delta_cosine_plus_minus_base": 0.0,
            "closure_score": 0.0
          }
        },
        "time_only": {
          "sector15": {
            "bio_vs_log_base": {
              "bio_window": {
                "collections_used": [],
                "mapped_points_total": 0,
                "weighted_distribution": [
                  0.0,
                  0.0,
                  0.0,
                  0.0,
                  0.0,
                  0.0,
                  0.0,
                  0.0,
                  0.0,
                  0.0,
                  0.0,
                  0.0,
                  0.0,
                  0.0,
                  0.0
                ],
                "window_hours": 24,
                "start_utc": "2026-02-17T13:55:22.344000+00:00",
                "end_utc": "2026-02-18T13:55:22.344000+00:00"
              },
              "logs_window": {
                "collections_used": [
                  "dodecatiad_metrics_dynamic_logs_live"
                ],
                "mapped_points_total": 2523,
                "weighted_distribution": [
                  0.06539833531510107,
                  0.05786761791518034,
                  0.06619104240982956,
                  0.07213634562029331,
                  0.07055093143083631,
                  0.06183115338882283,
                  0.055489496630994846,
                  0.054696789536266346,
                  0.10503369005152596,
                  0.06738010305192231,
                  0.06500198176773682,
                  0.06064209274673008,
                  0.056282203725723345,
                  0.07015457788347206,
                  0.0713436385255648
                ],
                "window_hours": 24,
                "start_utc": "2026-02-17T13:55:22.344000+00:00",
                "end_utc": "2026-02-18T13:55:22.344000+00:00"
              },
              "metrics": {
                "cosine": null,
                "pearson_r": null,
                "pearson_p": null,
                "spearman_r": null,
                "spearman_p": null
              }
            },
            "bio_vs_logs_plus_historical": {
              "bio_window": {
                "collections_used": [],
                "mapped_points_total": 0,
                "weighted_distribution": [
                  0.0,
                  0.0,
                  0.0,
                  0.0,
                  0.0,
                  0.0,
                  0.0,
                  0.0,
                  0.0,
                  0.0,
                  0.0,
                  0.0,
                  0.0,
                  0.0,
                  0.0
                ],
                "window_hours": 24,
                "start_utc": "2026-02-17T13:55:22.344000+00:00",
                "end_utc": "2026-02-18T13:55:22.344000+00:00"
              },
              "logs_base_window": {
                "collections_used": [
                  "dodecatiad_metrics_dynamic_logs_live"
                ],
                "mapped_points_total": 2523,
                "weighted_distribution": [
                  0.06539833531510107,
                  0.05786761791518034,
                  0.06619104240982956,
                  0.07213634562029331,
                  0.07055093143083631,
                  0.06183115338882283,
                  0.055489496630994846,
                  0.054696789536266346,
                  0.10503369005152596,
                  0.06738010305192231,
                  0.06500198176773682,
                  0.06064209274673008,
                  0.056282203725723345,
                  0.07015457788347206,
                  0.0713436385255648
                ],
                "window_hours": 24,
                "start_utc": "2026-02-17T13:55:22.344000+00:00",
                "end_utc": "2026-02-18T13:55:22.344000+00:00"
              },
              "historical_window": {
                "collections_used": [],
                "mapped_points_total": 0,
                "weighted_distribution": [
                  0.0,
                  0.0,
                  0.0,
                  0.0,
                  0.0,
                  0.0,
                  0.0,
                  0.0,
                  0.0,
                  0.0,
                  0.0,
                  0.0,
                  0.0,
                  0.0,
                  0.0
                ],
                "window_hours": 24,
                "start_utc": "2026-02-17T13:55:22.344000+00:00",
                "end_utc": "2026-02-18T13:55:22.344000+00:00"
              },
              "logs_plus_window": {
                "mapped_points_total": 2523,
                "weighted_distribution": [
                  0.06539833531510107,
                  0.05786761791518034,
                  0.06619104240982956,
                  0.07213634562029331,
                  0.07055093143083631,
                  0.06183115338882283,
                  0.055489496630994846,
                  0.054696789536266346,
                  0.10503369005152596,
                  0.06738010305192231,
                  0.06500198176773682,
                  0.06064209274673008,
                  0.056282203725723345,
                  0.07015457788347206,
                  0.0713436385255648
                ]
              },
              "metrics": {
                "cosine": null,
                "pearson_r": null,
                "pearson_p": null,
                "spearman_r": null,
                "spearman_p": null
              }
            },
            "delta_cosine_plus_minus_base": null,
            "closure_score": null
          },
          "house12": {
            "bio_vs_log_base": {
              "bio_window": {
                "collections_used": [],
                "mapped_points_total": 0,
                "weighted_distribution": [
                  0.0,
                  0.0,
                  0.0,
                  0.0,
                  0.0,
                  0.0,
                  0.0,
                  0.0,
                  0.0,
                  0.0,
                  0.0,
                  0.0
                ],
                "window_hours": 24,
                "start_utc": "2026-02-17T13:55:22.344000+00:00",
                "end_utc": "2026-02-18T13:55:22.344000+00:00"
              },
              "logs_window": {
                "collections_used": [
                  "dodecatiad_metrics_dynamic_logs_live"
                ],
                "mapped_points_total": 2523,
                "weighted_distribution": [
                  0.07966706302021404,
                  0.07768529528339278,
                  0.08600871977804202,
                  0.08878319460959176,
                  0.07530717399920729,
                  0.06856916369401506,
                  0.11732065001981767,
                  0.08323424494649227,
                  0.08085612366230678,
                  0.07570352754657154,
                  0.07728894173602854,
                  0.08957590170432025
                ],
                "window_hours": 24,
                "start_utc": "2026-02-17T13:55:22.344000+00:00",
                "end_utc": "2026-02-18T13:55:22.344000+00:00"
              },
              "metrics": {
                "cosine": null,
                "pearson_r": null,
                "pearson_p": null,
                "spearman_r": null,
                "spearman_p": null
              }
            },
            "bio_vs_logs_plus_historical": {
              "bio_window": {
                "collections_used": [],
                "mapped_points_total": 0,
                "weighted_distribution": [
                  0.0,
                  0.0,
                  0.0,
                  0.0,
                  0.0,
                  0.0,
                  0.0,
                  0.0,
                  0.0,
                  0.0,
                  0.0,
                  0.0
                ],
                "window_hours": 24,
                "start_utc": "2026-02-17T13:55:22.344000+00:00",
                "end_utc": "2026-02-18T13:55:22.344000+00:00"
              },
              "logs_base_window": {
                "collections_used": [
                  "dodecatiad_metrics_dynamic_logs_live"
                ],
                "mapped_points_total": 2523,
                "weighted_distribution": [
                  0.07966706302021404,
                  0.07768529528339278,
                  0.08600871977804202,
                  0.08878319460959176,
                  0.07530717399920729,
                  0.06856916369401506,
                  0.11732065001981767,
                  0.08323424494649227,
                  0.08085612366230678,
                  0.07570352754657154,
                  0.07728894173602854,
                  0.08957590170432025
                ],
                "window_hours": 24,
                "start_utc": "2026-02-17T13:55:22.344000+00:00",
                "end_utc": "2026-02-18T13:55:22.344000+00:00"
              },
              "historical_window": {
                "collections_used": [],
                "mapped_points_total": 0,
                "weighted_distribution": [
                  0.0,
                  0.0,
                  0.0,
                  0.0,
                  0.0,
                  0.0,
                  0.0,
                  0.0,
                  0.0,
                  0.0,
                  0.0,
                  0.0
                ],
                "window_hours": 24,
                "start_utc": "2026-02-17T13:55:22.344000+00:00",
                "end_utc": "2026-02-18T13:55:22.344000+00:00"
              },
              "logs_plus_window": {
                "mapped_points_total": 2523,
                "weighted_distribution": [
                  0.07966706302021404,
                  0.07768529528339278,
                  0.08600871977804202,
                  0.08878319460959176,
                  0.07530717399920729,
                  0.06856916369401506,
                  0.11732065001981767,
                  0.08323424494649227,
                  0.08085612366230678,
                  0.07570352754657154,
                  0.07728894173602854,
                  0.08957590170432025
                ]
              },
              "metrics": {
                "cosine": null,
                "pearson_r": null,
                "pearson_p": null,
                "spearman_r": null,
                "spearman_p": null
              }
            },
            "delta_cosine_plus_minus_base": null,
            "closure_score": null
          }
        }
      }
    },
    "72h": {
      "bio_vs_log_base_anchor": {
        "available": true,
        "window_hours": 72,
        "start_ts_unix": 1771163722.344,
        "end_ts_unix": 1771422922.344,
        "start_utc": "2026-02-15T13:55:22.344000+00:00",
        "end_utc": "2026-02-18T13:55:22.344000+00:00",
        "lag_hours_max": 32.16224485079447,
        "overlap_hours_total": 2.623114593625069
      },
      "bio_vs_logs_plus_historical_anchor": {
        "available": true,
        "window_hours": 72,
        "start_ts_unix": 1771163722.344,
        "end_ts_unix": 1771422922.344,
        "start_utc": "2026-02-15T13:55:22.344000+00:00",
        "end_utc": "2026-02-18T13:55:22.344000+00:00",
        "lag_hours_max": 32.16224485079447,
        "overlap_hours_total": 2.623114593625069
      },
      "scenarios": {
        "baseline": {
          "sector15": {
            "bio_vs_log_base": {
              "bio_window": {
                "collections_used": [
                  "bio_hiv_gwas_ccr5_15houses_live"
                ],
                "mapped_points_total": 57,
                "weighted_distribution": [
                  0.10526315789473684,
                  0.017543859649122806,
                  0.0,
                  0.10526315789473684,
                  0.0,
                  0.12280701754385964,
                  0.0,
                  0.07017543859649122,
                  0.14035087719298245,
                  0.12280701754385964,
                  0.08771929824561403,
                  0.07017543859649122,
                  0.07017543859649122,
                  0.08771929824561403,
                  0.0
                ],
                "window_hours": 72,
                "start_utc": "2026-02-15T13:55:22.344000+00:00",
                "end_utc": "2026-02-18T13:55:22.344000+00:00"
              },
              "logs_window": {
                "collections_used": [
                  "dodecatiad_metrics_dynamic_logs_live"
                ],
                "mapped_points_total": 7364,
                "weighted_distribution": [
                  0.06776208582292233,
                  0.058935361216730035,
                  0.06884845192829983,
                  0.07237914177077676,
                  0.07197175448126018,
                  0.06721890277023357,
                  0.05594785442694188,
                  0.047800108636610536,
                  0.08147745790331341,
                  0.06789788158609451,
                  0.06667571971754481,
                  0.06640412819120044,
                  0.061651276480173815,
                  0.07129277566539924,
                  0.07373709940249865
                ],
                "window_hours": 72,
                "start_utc": "2026-02-15T13:55:22.344000+00:00",
                "end_utc": "2026-02-18T13:55:22.344000+00:00"
              },
              "metrics": {
                "cosine": 0.8201418497877488,
                "pearson_r": 0.2778505143210351,
                "pearson_p": 0.31601571082201213,
                "spearman_r": 0.2321218596943447,
                "spearman_p": 0.40514243502908054
              }
            },
            "bio_vs_logs_plus_historical": {
              "bio_window": {
                "collections_used": [
                  "bio_hiv_gwas_ccr5_15houses_live"
                ],
                "mapped_points_total": 57,
                "weighted_distribution": [
                  0.10526315789473684,
                  0.017543859649122806,
                  0.0,
                  0.10526315789473684,
                  0.0,
                  0.12280701754385964,
                  0.0,
                  0.07017543859649122,
                  0.14035087719298245,
                  0.12280701754385964,
                  0.08771929824561403,
                  0.07017543859649122,
                  0.07017543859649122,
                  0.08771929824561403,
                  0.0
                ],
                "window_hours": 72,
                "start_utc": "2026-02-15T13:55:22.344000+00:00",
                "end_utc": "2026-02-18T13:55:22.344000+00:00"
              },
              "logs_base_window": {
                "collections_used": [
                  "dodecatiad_metrics_dynamic_logs_live"
                ],
                "mapped_points_total": 7364,
                "weighted_distribution": [
                  0.06776208582292233,
                  0.058935361216730035,
                  0.06884845192829983,
                  0.07237914177077676,
                  0.07197175448126018,
                  0.06721890277023357,
                  0.05594785442694188,
                  0.047800108636610536,
                  0.08147745790331341,
                  0.06789788158609451,
                  0.06667571971754481,
                  0.06640412819120044,
                  0.061651276480173815,
                  0.07129277566539924,
                  0.07373709940249865
                ],
                "window_hours": 72,
                "start_utc": "2026-02-15T13:55:22.344000+00:00",
                "end_utc": "2026-02-18T13:55:22.344000+00:00"
              },
              "historical_window": {
                "collections_used": [],
                "mapped_points_total": 0,
                "weighted_distribution": [
                  0.0,
                  0.0,
                  0.0,
                  0.0,
                  0.0,
                  0.0,
                  0.0,
                  0.0,
                  0.0,
                  0.0,
                  0.0,
                  0.0,
                  0.0,
                  0.0,
                  0.0
                ],
                "window_hours": 72,
                "start_utc": "2026-02-15T13:55:22.344000+00:00",
                "end_utc": "2026-02-18T13:55:22.344000+00:00"
              },
              "logs_plus_window": {
                "mapped_points_total": 7364,
                "weighted_distribution": [
                  0.06776208582292233,
                  0.058935361216730035,
                  0.06884845192829983,
                  0.07237914177077676,
                  0.07197175448126018,
                  0.06721890277023357,
                  0.05594785442694188,
                  0.047800108636610536,
                  0.08147745790331341,
                  0.06789788158609451,
                  0.06667571971754481,
                  0.06640412819120044,
                  0.061651276480173815,
                  0.07129277566539924,
                  0.07373709940249865
                ]
              },
              "metrics": {
                "cosine": 0.8201418497877488,
                "pearson_r": 0.2778505143210351,
                "pearson_p": 0.31601571082201213,
                "spearman_r": 0.2321218596943447,
                "spearman_p": 0.40514243502908054
              }
            },
            "delta_cosine_plus_minus_base": 0.0,
            "closure_score": 0.0025865816407906494
          },
          "house12": {
            "bio_vs_log_base": {
              "bio_window": {
                "collections_used": [
                  "bio_hiv_gwas_ccr5_15houses_live"
                ],
                "mapped_points_total": 48,
                "weighted_distribution": [
                  0.125,
                  0.020833333333333332,
                  0.0,
                  0.125,
                  0.14583333333333334,
                  0.0,
                  0.08333333333333333,
                  0.08333333333333333,
                  0.16666666666666666,
                  0.14583333333333334,
                  0.020833333333333332,
                  0.08333333333333333
                ],
                "window_hours": 72,
                "start_utc": "2026-02-15T13:55:22.344000+00:00",
                "end_utc": "2026-02-18T13:55:22.344000+00:00"
              },
              "logs_window": {
                "collections_used": [
                  "dodecatiad_metrics_dynamic_logs_live"
                ],
                "mapped_points_total": 7364,
                "weighted_distribution": [
                  0.08269961977186312,
                  0.07848995111352526,
                  0.08826724606192286,
                  0.0904399782726779,
                  0.0828354155350353,
                  0.06151548071700163,
                  0.09111895708853884,
                  0.08487235198261814,
                  0.08392178164041282,
                  0.08134166214014123,
                  0.08215643671917436,
                  0.09234111895708853
                ],
                "window_hours": 72,
                "start_utc": "2026-02-15T13:55:22.344000+00:00",
                "end_utc": "2026-02-18T13:55:22.344000+00:00"
              },
              "metrics": {
                "cosine": 0.837795585281339,
                "pearson_r": 0.36180325175594813,
                "pearson_p": 0.24783088733943676,
                "spearman_r": 0.1489511552384818,
                "spearman_p": 0.6440698090584721
              }
            },
            "bio_vs_logs_plus_historical": {
              "bio_window": {
                "collections_used": [
                  "bio_hiv_gwas_ccr5_15houses_live"
                ],
                "mapped_points_total": 48,
                "weighted_distribution": [
                  0.125,
                  0.020833333333333332,
                  0.0,
                  0.125,
                  0.14583333333333334,
                  0.0,
                  0.08333333333333333,
                  0.08333333333333333,
                  0.16666666666666666,
                  0.14583333333333334,
                  0.020833333333333332,
                  0.08333333333333333
                ],
                "window_hours": 72,
                "start_utc": "2026-02-15T13:55:22.344000+00:00",
                "end_utc": "2026-02-18T13:55:22.344000+00:00"
              },
              "logs_base_window": {
                "collections_used": [
                  "dodecatiad_metrics_dynamic_logs_live"
                ],
                "mapped_points_total": 7364,
                "weighted_distribution": [
                  0.08269961977186312,
                  0.07848995111352526,
                  0.08826724606192286,
                  0.0904399782726779,
                  0.0828354155350353,
                  0.06151548071700163,
                  0.09111895708853884,
                  0.08487235198261814,
                  0.08392178164041282,
                  0.08134166214014123,
                  0.08215643671917436,
                  0.09234111895708853
                ],
                "window_hours": 72,
                "start_utc": "2026-02-15T13:55:22.344000+00:00",
                "end_utc": "2026-02-18T13:55:22.344000+00:00"
              },
              "historical_window": {
                "collections_used": [],
                "mapped_points_total": 0,
                "weighted_distribution": [
                  0.0,
                  0.0,
                  0.0,
                  0.0,
                  0.0,
                  0.0,
                  0.0,
                  0.0,
                  0.0,
                  0.0,
                  0.0,
                  0.0
                ],
                "window_hours": 72,
                "start_utc": "2026-02-15T13:55:22.344000+00:00",
                "end_utc": "2026-02-18T13:55:22.344000+00:00"
              },
              "logs_plus_window": {
                "mapped_points_total": 7364,
                "weighted_distribution": [
                  0.08269961977186312,
                  0.07848995111352526,
                  0.08826724606192286,
                  0.0904399782726779,
                  0.0828354155350353,
                  0.06151548071700163,
                  0.09111895708853884,
                  0.08487235198261814,
                  0.08392178164041282,
                  0.08134166214014123,
                  0.08215643671917436,
                  0.09234111895708853
                ]
              },
              "metrics": {
                "cosine": 0.837795585281339,
                "pearson_r": 0.36180325175594813,
                "pearson_p": 0.24783088733943676,
                "spearman_r": 0.1489511552384818,
                "spearman_p": 0.6440698090584721
              }
            },
            "delta_cosine_plus_minus_base": 0.0,
            "closure_score": 0.002225059692768221
          }
        },
        "semantic_strict": {
          "sector15": {
            "bio_vs_log_base": {
              "bio_window": {
                "collections_used": [
                  "bio_hiv_gwas_ccr5_15houses_live"
                ],
                "mapped_points_total": 57,
                "weighted_distribution": [
                  0.10526315789473684,
                  0.017543859649122806,
                  0.0,
                  0.10526315789473684,
                  0.0,
                  0.12280701754385964,
                  0.0,
                  0.07017543859649122,
                  0.14035087719298245,
                  0.12280701754385964,
                  0.08771929824561403,
                  0.07017543859649122,
                  0.07017543859649122,
                  0.08771929824561403,
                  0.0
                ],
                "window_hours": 72,
                "start_utc": "2026-02-15T13:55:22.344000+00:00",
                "end_utc": "2026-02-18T13:55:22.344000+00:00"
              },
              "logs_window": {
                "collections_used": [
                  "dodecatiad_metrics_dynamic_logs_live"
                ],
                "mapped_points_total": 7364,
                "weighted_distribution": [
                  0.06776208582292233,
                  0.058935361216730035,
                  0.06884845192829983,
                  0.07237914177077676,
                  0.07197175448126018,
                  0.06721890277023357,
                  0.05594785442694188,
                  0.047800108636610536,
                  0.08147745790331341,
                  0.06789788158609451,
                  0.06667571971754481,
                  0.06640412819120044,
                  0.061651276480173815,
                  0.07129277566539924,
                  0.07373709940249865
                ],
                "window_hours": 72,
                "start_utc": "2026-02-15T13:55:22.344000+00:00",
                "end_utc": "2026-02-18T13:55:22.344000+00:00"
              },
              "metrics": {
                "cosine": 0.8201418497877488,
                "pearson_r": 0.2778505143210351,
                "pearson_p": 0.31601571082201213,
                "spearman_r": 0.2321218596943447,
                "spearman_p": 0.40514243502908054
              }
            },
            "bio_vs_logs_plus_historical": {
              "bio_window": {
                "collections_used": [
                  "bio_hiv_gwas_ccr5_15houses_live"
                ],
                "mapped_points_total": 57,
                "weighted_distribution": [
                  0.10526315789473684,
                  0.017543859649122806,
                  0.0,
                  0.10526315789473684,
                  0.0,
                  0.12280701754385964,
                  0.0,
                  0.07017543859649122,
                  0.14035087719298245,
                  0.12280701754385964,
                  0.08771929824561403,
                  0.07017543859649122,
                  0.07017543859649122,
                  0.08771929824561403,
                  0.0
                ],
                "window_hours": 72,
                "start_utc": "2026-02-15T13:55:22.344000+00:00",
                "end_utc": "2026-02-18T13:55:22.344000+00:00"
              },
              "logs_base_window": {
                "collections_used": [
                  "dodecatiad_metrics_dynamic_logs_live"
                ],
                "mapped_points_total": 7364,
                "weighted_distribution": [
                  0.06776208582292233,
                  0.058935361216730035,
                  0.06884845192829983,
                  0.07237914177077676,
                  0.07197175448126018,
                  0.06721890277023357,
                  0.05594785442694188,
                  0.047800108636610536,
                  0.08147745790331341,
                  0.06789788158609451,
                  0.06667571971754481,
                  0.06640412819120044,
                  0.061651276480173815,
                  0.07129277566539924,
                  0.07373709940249865
                ],
                "window_hours": 72,
                "start_utc": "2026-02-15T13:55:22.344000+00:00",
                "end_utc": "2026-02-18T13:55:22.344000+00:00"
              },
              "historical_window": {
                "collections_used": [],
                "mapped_points_total": 0,
                "weighted_distribution": [
                  0.0,
                  0.0,
                  0.0,
                  0.0,
                  0.0,
                  0.0,
                  0.0,
                  0.0,
                  0.0,
                  0.0,
                  0.0,
                  0.0,
                  0.0,
                  0.0,
                  0.0
                ],
                "window_hours": 72,
                "start_utc": "2026-02-15T13:55:22.344000+00:00",
                "end_utc": "2026-02-18T13:55:22.344000+00:00"
              },
              "logs_plus_window": {
                "mapped_points_total": 7364,
                "weighted_distribution": [
                  0.06776208582292233,
                  0.058935361216730035,
                  0.06884845192829983,
                  0.07237914177077676,
                  0.07197175448126018,
                  0.06721890277023357,
                  0.05594785442694188,
                  0.047800108636610536,
                  0.08147745790331341,
                  0.06789788158609451,
                  0.06667571971754481,
                  0.06640412819120044,
                  0.061651276480173815,
                  0.07129277566539924,
                  0.07373709940249865
                ]
              },
              "metrics": {
                "cosine": 0.8201418497877488,
                "pearson_r": 0.2778505143210351,
                "pearson_p": 0.31601571082201213,
                "spearman_r": 0.2321218596943447,
                "spearman_p": 0.40514243502908054
              }
            },
            "delta_cosine_plus_minus_base": 0.0,
            "closure_score": 0.0025865816407906494
          },
          "house12": {
            "bio_vs_log_base": {
              "bio_window": {
                "collections_used": [
                  "bio_hiv_gwas_ccr5_15houses_live"
                ],
                "mapped_points_total": 48,
                "weighted_distribution": [
                  0.125,
                  0.020833333333333332,
                  0.0,
                  0.125,
                  0.14583333333333334,
                  0.0,
                  0.08333333333333333,
                  0.08333333333333333,
                  0.16666666666666666,
                  0.14583333333333334,
                  0.020833333333333332,
                  0.08333333333333333
                ],
                "window_hours": 72,
                "start_utc": "2026-02-15T13:55:22.344000+00:00",
                "end_utc": "2026-02-18T13:55:22.344000+00:00"
              },
              "logs_window": {
                "collections_used": [
                  "dodecatiad_metrics_dynamic_logs_live"
                ],
                "mapped_points_total": 7364,
                "weighted_distribution": [
                  0.08269961977186312,
                  0.07848995111352526,
                  0.08826724606192286,
                  0.0904399782726779,
                  0.0828354155350353,
                  0.06151548071700163,
                  0.09111895708853884,
                  0.08487235198261814,
                  0.08392178164041282,
                  0.08134166214014123,
                  0.08215643671917436,
                  0.09234111895708853
                ],
                "window_hours": 72,
                "start_utc": "2026-02-15T13:55:22.344000+00:00",
                "end_utc": "2026-02-18T13:55:22.344000+00:00"
              },
              "metrics": {
                "cosine": 0.837795585281339,
                "pearson_r": 0.36180325175594813,
                "pearson_p": 0.24783088733943676,
                "spearman_r": 0.1489511552384818,
                "spearman_p": 0.6440698090584721
              }
            },
            "bio_vs_logs_plus_historical": {
              "bio_window": {
                "collections_used": [
                  "bio_hiv_gwas_ccr5_15houses_live"
                ],
                "mapped_points_total": 48,
                "weighted_distribution": [
                  0.125,
                  0.020833333333333332,
                  0.0,
                  0.125,
                  0.14583333333333334,
                  0.0,
                  0.08333333333333333,
                  0.08333333333333333,
                  0.16666666666666666,
                  0.14583333333333334,
                  0.020833333333333332,
                  0.08333333333333333
                ],
                "window_hours": 72,
                "start_utc": "2026-02-15T13:55:22.344000+00:00",
                "end_utc": "2026-02-18T13:55:22.344000+00:00"
              },
              "logs_base_window": {
                "collections_used": [
                  "dodecatiad_metrics_dynamic_logs_live"
                ],
                "mapped_points_total": 7364,
                "weighted_distribution": [
                  0.08269961977186312,
                  0.07848995111352526,
                  0.08826724606192286,
                  0.0904399782726779,
                  0.0828354155350353,
                  0.06151548071700163,
                  0.09111895708853884,
                  0.08487235198261814,
                  0.08392178164041282,
                  0.08134166214014123,
                  0.08215643671917436,
                  0.09234111895708853
                ],
                "window_hours": 72,
                "start_utc": "2026-02-15T13:55:22.344000+00:00",
                "end_utc": "2026-02-18T13:55:22.344000+00:00"
              },
              "historical_window": {
                "collections_used": [],
                "mapped_points_total": 0,
                "weighted_distribution": [
                  0.0,
                  0.0,
                  0.0,
                  0.0,
                  0.0,
                  0.0,
                  0.0,
                  0.0,
                  0.0,
                  0.0,
                  0.0,
                  0.0
                ],
                "window_hours": 72,
                "start_utc": "2026-02-15T13:55:22.344000+00:00",
                "end_utc": "2026-02-18T13:55:22.344000+00:00"
              },
              "logs_plus_window": {
                "mapped_points_total": 7364,
                "weighted_distribution": [
                  0.08269961977186312,
                  0.07848995111352526,
                  0.08826724606192286,
                  0.0904399782726779,
                  0.0828354155350353,
                  0.06151548071700163,
                  0.09111895708853884,
                  0.08487235198261814,
                  0.08392178164041282,
                  0.08134166214014123,
                  0.08215643671917436,
                  0.09234111895708853
                ]
              },
              "metrics": {
                "cosine": 0.837795585281339,
                "pearson_r": 0.36180325175594813,
                "pearson_p": 0.24783088733943676,
                "spearman_r": 0.1489511552384818,
                "spearman_p": 0.6440698090584721
              }
            },
            "delta_cosine_plus_minus_base": 0.0,
            "closure_score": 0.002225059692768221
          }
        },
        "time_only": {
          "sector15": {
            "bio_vs_log_base": {
              "bio_window": {
                "collections_used": [],
                "mapped_points_total": 0,
                "weighted_distribution": [
                  0.0,
                  0.0,
                  0.0,
                  0.0,
                  0.0,
                  0.0,
                  0.0,
                  0.0,
                  0.0,
                  0.0,
                  0.0,
                  0.0,
                  0.0,
                  0.0,
                  0.0
                ],
                "window_hours": 72,
                "start_utc": "2026-02-15T13:55:22.344000+00:00",
                "end_utc": "2026-02-18T13:55:22.344000+00:00"
              },
              "logs_window": {
                "collections_used": [
                  "dodecatiad_metrics_dynamic_logs_live"
                ],
                "mapped_points_total": 7364,
                "weighted_distribution": [
                  0.06776208582292233,
                  0.058935361216730035,
                  0.06884845192829983,
                  0.07237914177077676,
                  0.07197175448126018,
                  0.06721890277023357,
                  0.05594785442694188,
                  0.047800108636610536,
                  0.08147745790331341,
                  0.06789788158609451,
                  0.06667571971754481,
                  0.06640412819120044,
                  0.061651276480173815,
                  0.07129277566539924,
                  0.07373709940249865
                ],
                "window_hours": 72,
                "start_utc": "2026-02-15T13:55:22.344000+00:00",
                "end_utc": "2026-02-18T13:55:22.344000+00:00"
              },
              "metrics": {
                "cosine": null,
                "pearson_r": null,
                "pearson_p": null,
                "spearman_r": null,
                "spearman_p": null
              }
            },
            "bio_vs_logs_plus_historical": {
              "bio_window": {
                "collections_used": [],
                "mapped_points_total": 0,
                "weighted_distribution": [
                  0.0,
                  0.0,
                  0.0,
                  0.0,
                  0.0,
                  0.0,
                  0.0,
                  0.0,
                  0.0,
                  0.0,
                  0.0,
                  0.0,
                  0.0,
                  0.0,
                  0.0
                ],
                "window_hours": 72,
                "start_utc": "2026-02-15T13:55:22.344000+00:00",
                "end_utc": "2026-02-18T13:55:22.344000+00:00"
              },
              "logs_base_window": {
                "collections_used": [
                  "dodecatiad_metrics_dynamic_logs_live"
                ],
                "mapped_points_total": 7364,
                "weighted_distribution": [
                  0.06776208582292233,
                  0.058935361216730035,
                  0.06884845192829983,
                  0.07237914177077676,
                  0.07197175448126018,
                  0.06721890277023357,
                  0.05594785442694188,
                  0.047800108636610536,
                  0.08147745790331341,
                  0.06789788158609451,
                  0.06667571971754481,
                  0.06640412819120044,
                  0.061651276480173815,
                  0.07129277566539924,
                  0.07373709940249865
                ],
                "window_hours": 72,
                "start_utc": "2026-02-15T13:55:22.344000+00:00",
                "end_utc": "2026-02-18T13:55:22.344000+00:00"
              },
              "historical_window": {
                "collections_used": [],
                "mapped_points_total": 0,
                "weighted_distribution": [
                  0.0,
                  0.0,
                  0.0,
                  0.0,
                  0.0,
                  0.0,
                  0.0,
                  0.0,
                  0.0,
                  0.0,
                  0.0,
                  0.0,
                  0.0,
                  0.0,
                  0.0
                ],
                "window_hours": 72,
                "start_utc": "2026-02-15T13:55:22.344000+00:00",
                "end_utc": "2026-02-18T13:55:22.344000+00:00"
              },
              "logs_plus_window": {
                "mapped_points_total": 7364,
                "weighted_distribution": [
                  0.06776208582292233,
                  0.058935361216730035,
                  0.06884845192829983,
                  0.07237914177077676,
                  0.07197175448126018,
                  0.06721890277023357,
                  0.05594785442694188,
                  0.047800108636610536,
                  0.08147745790331341,
                  0.06789788158609451,
                  0.06667571971754481,
                  0.06640412819120044,
                  0.061651276480173815,
                  0.07129277566539924,
                  0.07373709940249865
                ]
              },
              "metrics": {
                "cosine": null,
                "pearson_r": null,
                "pearson_p": null,
                "spearman_r": null,
                "spearman_p": null
              }
            },
            "delta_cosine_plus_minus_base": null,
            "closure_score": null
          },
          "house12": {
            "bio_vs_log_base": {
              "bio_window": {
                "collections_used": [],
                "mapped_points_total": 0,
                "weighted_distribution": [
                  0.0,
                  0.0,
                  0.0,
                  0.0,
                  0.0,
                  0.0,
                  0.0,
                  0.0,
                  0.0,
                  0.0,
                  0.0,
                  0.0
                ],
                "window_hours": 72,
                "start_utc": "2026-02-15T13:55:22.344000+00:00",
                "end_utc": "2026-02-18T13:55:22.344000+00:00"
              },
              "logs_window": {
                "collections_used": [
                  "dodecatiad_metrics_dynamic_logs_live"
                ],
                "mapped_points_total": 7364,
                "weighted_distribution": [
                  0.08269961977186312,
                  0.07848995111352526,
                  0.08826724606192286,
                  0.0904399782726779,
                  0.0828354155350353,
                  0.06151548071700163,
                  0.09111895708853884,
                  0.08487235198261814,
                  0.08392178164041282,
                  0.08134166214014123,
                  0.08215643671917436,
                  0.09234111895708853
                ],
                "window_hours": 72,
                "start_utc": "2026-02-15T13:55:22.344000+00:00",
                "end_utc": "2026-02-18T13:55:22.344000+00:00"
              },
              "metrics": {
                "cosine": null,
                "pearson_r": null,
                "pearson_p": null,
                "spearman_r": null,
                "spearman_p": null
              }
            },
            "bio_vs_logs_plus_historical": {
              "bio_window": {
                "collections_used": [],
                "mapped_points_total": 0,
                "weighted_distribution": [
                  0.0,
                  0.0,
                  0.0,
                  0.0,
                  0.0,
                  0.0,
                  0.0,
                  0.0,
                  0.0,
                  0.0,
                  0.0,
                  0.0
                ],
                "window_hours": 72,
                "start_utc": "2026-02-15T13:55:22.344000+00:00",
                "end_utc": "2026-02-18T13:55:22.344000+00:00"
              },
              "logs_base_window": {
                "collections_used": [
                  "dodecatiad_metrics_dynamic_logs_live"
                ],
                "mapped_points_total": 7364,
                "weighted_distribution": [
                  0.08269961977186312,
                  0.07848995111352526,
                  0.08826724606192286,
                  0.0904399782726779,
                  0.0828354155350353,
                  0.06151548071700163,
                  0.09111895708853884,
                  0.08487235198261814,
                  0.08392178164041282,
                  0.08134166214014123,
                  0.08215643671917436,
                  0.09234111895708853
                ],
                "window_hours": 72,
                "start_utc": "2026-02-15T13:55:22.344000+00:00",
                "end_utc": "2026-02-18T13:55:22.344000+00:00"
              },
              "historical_window": {
                "collections_used": [],
                "mapped_points_total": 0,
                "weighted_distribution": [
                  0.0,
                  0.0,
                  0.0,
                  0.0,
                  0.0,
                  0.0,
                  0.0,
                  0.0,
                  0.0,
                  0.0,
                  0.0,
                  0.0
                ],
                "window_hours": 72,
                "start_utc": "2026-02-15T13:55:22.344000+00:00",
                "end_utc": "2026-02-18T13:55:22.344000+00:00"
              },
              "logs_plus_window": {
                "mapped_points_total": 7364,
                "weighted_distribution": [
                  0.08269961977186312,
                  0.07848995111352526,
                  0.08826724606192286,
                  0.0904399782726779,
                  0.0828354155350353,
                  0.06151548071700163,
                  0.09111895708853884,
                  0.08487235198261814,
                  0.08392178164041282,
                  0.08134166214014123,
                  0.08215643671917436,
                  0.09234111895708853
                ]
              },
              "metrics": {
                "cosine": null,
                "pearson_r": null,
                "pearson_p": null,
                "spearman_r": null,
                "spearman_p": null
              }
            },
            "delta_cosine_plus_minus_base": null,
            "closure_score": null
          }
        }
      }
    }
  },
  "time_sync_summary": {
    "bio": {
      "collections": [
        {
          "name": "bio_aging_cellular_proxies_live",
          "min_ts_unix": null,
          "max_ts_unix": null,
          "min_ts_utc": null,
          "max_ts_utc": null,
          "abs_ts_count": 0,
          "abs_ts_source_breakdown": {}
        },
        {
          "name": "bio_hiv_acquisition_meta_15houses_live",
          "min_ts_unix": 1771438930.854541,
          "max_ts_unix": 1771538706.425463,
          "min_ts_utc": "2026-02-18T18:22:10.854541+00:00",
          "max_ts_utc": "2026-02-19T22:05:06.425463+00:00",
          "abs_ts_count": 1500,
          "abs_ts_source_breakdown": {
            "materialized_at_utc": 1500
          }
        },
        {
          "name": "bio_hiv_gwas_ccr5_15houses_live",
          "min_ts_unix": 1771413479.131463,
          "max_ts_unix": 1771538209.374767,
          "min_ts_utc": "2026-02-18T11:17:59.131463+00:00",
          "max_ts_utc": "2026-02-19T21:56:49.374767+00:00",
          "abs_ts_count": 79,
          "abs_ts_source_breakdown": {
            "materialized_at_utc": 79
          }
        },
        {
          "name": "bio_diabetes_t2_15houses_live",
          "min_ts_unix": 1771438087.065498,
          "max_ts_unix": 1771438087.065767,
          "min_ts_utc": "2026-02-18T18:08:07.065498+00:00",
          "max_ts_utc": "2026-02-18T18:08:07.065767+00:00",
          "abs_ts_count": 15,
          "abs_ts_source_breakdown": {
            "materialized_at_utc": 15
          }
        },
        {
          "name": "bio_external_dm2_lupus_15houses_live",
          "min_ts_unix": 1771438948.236649,
          "max_ts_unix": 1771438948.253211,
          "min_ts_utc": "2026-02-18T18:22:28.236649+00:00",
          "max_ts_utc": "2026-02-18T18:22:28.253211+00:00",
          "abs_ts_count": 27,
          "abs_ts_source_breakdown": {
            "materialized_at_utc": 27
          }
        },
        {
          "name": "bio_lupus_wave_20260218",
          "min_ts_unix": null,
          "max_ts_unix": null,
          "min_ts_utc": null,
          "max_ts_utc": null,
          "abs_ts_count": 0,
          "abs_ts_source_breakdown": {}
        },
        {
          "name": "bio_16s_gut_microbiome_meta_live",
          "min_ts_unix": null,
          "max_ts_unix": null,
          "min_ts_utc": null,
          "max_ts_utc": null,
          "abs_ts_count": 0,
          "abs_ts_source_breakdown": {}
        },
        {
          "name": "bio_colorectal_activity_bmi_live",
          "min_ts_unix": null,
          "max_ts_unix": null,
          "min_ts_utc": null,
          "max_ts_utc": null,
          "abs_ts_count": 0,
          "abs_ts_source_breakdown": {}
        },
        {
          "name": "bio_gemini_multimorbidity_codes_14824760_live",
          "min_ts_unix": null,
          "max_ts_unix": null,
          "min_ts_utc": null,
          "max_ts_utc": null,
          "abs_ts_count": 0,
          "abs_ts_source_breakdown": {}
        }
      ],
      "abs_ts_count_total": 1621,
      "group_min_ts_unix": 1771413479.131463,
      "group_max_ts_unix": 1771538706.425463,
      "group_min_ts_utc": "2026-02-18T11:17:59.131463+00:00",
      "group_max_ts_utc": "2026-02-19T22:05:06.425463+00:00"
    },
    "log_base": {
      "collections": [
        {
          "name": "dodecatiad_metrics_dynamic_logs_live",
          "min_ts_unix": 1770879250.683,
          "max_ts_unix": 1771422922.344,
          "min_ts_utc": "2026-02-12T06:54:10.683000+00:00",
          "max_ts_utc": "2026-02-18T13:55:22.344000+00:00",
          "abs_ts_count": 10536,
          "abs_ts_source_breakdown": {
            "ts": 10536
          }
        }
      ],
      "abs_ts_count_total": 10536,
      "group_min_ts_unix": 1770879250.683,
      "group_max_ts_unix": 1771422922.344,
      "group_min_ts_utc": "2026-02-12T06:54:10.683000+00:00",
      "group_max_ts_utc": "2026-02-18T13:55:22.344000+00:00"
    },
    "historical": {
      "collections": [
        {
          "name": "omnimind_kernel_vida",
          "min_ts_unix": 1769301479.0,
          "max_ts_unix": 1769561090.0,
          "min_ts_utc": "2026-01-25T00:37:59+00:00",
          "max_ts_utc": "2026-01-28T00:44:50+00:00",
          "abs_ts_count": 164813,
          "abs_ts_source_breakdown": {
            "content_preview_ts": 164813
          }
        },
        {
          "name": "omnimind_system_logs_20260127",
          "min_ts_unix": 1769546902.7266116,
          "max_ts_unix": 1769546902.7266116,
          "min_ts_utc": "2026-01-27T20:48:22.726612+00:00",
          "max_ts_utc": "2026-01-27T20:48:22.726612+00:00",
          "abs_ts_count": 11995,
          "abs_ts_source_breakdown": {
            "timestamp_unix": 11995
          }
        },
        {
          "name": "omnimind_projects_20260127",
          "min_ts_unix": 1769544798.529004,
          "max_ts_unix": 1769544798.529004,
          "min_ts_utc": "2026-01-27T20:13:18.529004+00:00",
          "max_ts_utc": "2026-01-27T20:13:18.529004+00:00",
          "abs_ts_count": 108236,
          "abs_ts_source_breakdown": {
            "timestamp_unix": 108236
          }
        }
      ],
      "abs_ts_count_total": 285044,
      "group_min_ts_unix": 1769301479.0,
      "group_max_ts_unix": 1769561090.0,
      "group_min_ts_utc": "2026-01-25T00:37:59+00:00",
      "group_max_ts_utc": "2026-01-28T00:44:50+00:00"
    },
    "logs_plus_historical": {
      "collections": [
        {
          "name": "dodecatiad_metrics_dynamic_logs_live",
          "min_ts_unix": 1770879250.683,
          "max_ts_unix": 1771422922.344,
          "min_ts_utc": "2026-02-12T06:54:10.683000+00:00",
          "max_ts_utc": "2026-02-18T13:55:22.344000+00:00",
          "abs_ts_count": 10536,
          "abs_ts_source_breakdown": {
            "ts": 10536
          }
        },
        {
          "name": "omnimind_kernel_vida",
          "min_ts_unix": 1769301479.0,
          "max_ts_unix": 1769561090.0,
          "min_ts_utc": "2026-01-25T00:37:59+00:00",
          "max_ts_utc": "2026-01-28T00:44:50+00:00",
          "abs_ts_count": 164813,
          "abs_ts_source_breakdown": {
            "content_preview_ts": 164813
          }
        },
        {
          "name": "omnimind_system_logs_20260127",
          "min_ts_unix": 1769546902.7266116,
          "max_ts_unix": 1769546902.7266116,
          "min_ts_utc": "2026-01-27T20:48:22.726612+00:00",
          "max_ts_utc": "2026-01-27T20:48:22.726612+00:00",
          "abs_ts_count": 11995,
          "abs_ts_source_breakdown": {
            "timestamp_unix": 11995
          }
        },
        {
          "name": "omnimind_projects_20260127",
          "min_ts_unix": 1769544798.529004,
          "max_ts_unix": 1769544798.529004,
          "min_ts_utc": "2026-01-27T20:13:18.529004+00:00",
          "max_ts_utc": "2026-01-27T20:13:18.529004+00:00",
          "abs_ts_count": 108236,
          "abs_ts_source_breakdown": {
            "timestamp_unix": 108236
          }
        }
      ],
      "abs_ts_count_total": 295580,
      "group_min_ts_unix": 1769301479.0,
      "group_max_ts_unix": 1771422922.344,
      "group_min_ts_utc": "2026-01-25T00:37:59+00:00",
      "group_max_ts_utc": "2026-02-18T13:55:22.344000+00:00"
    }
  },
  "record_18496170_progress": {
    "record_id": "18496170",
    "status": "ok",
    "base_dir": "/mnt/welinton_users/Public/datasets/zenodo_records/full_external/18496170",
    "files_total": 8,
    "files_complete": 3,
    "files_active_markers": 5,
    "progress": [
      {
        "name": "LCDM.zip",
        "expected_size": 9424260708,
        "size_bytes": 8253161796,
        "percent": 87.57357263041455,
        "complete": false,
        "marker": true
      },
      {
        "name": "LCDM_Mnu-d3.zip",
        "expected_size": 8482430624,
        "size_bytes": 7424732172,
        "percent": 87.53071496974734,
        "complete": false,
        "marker": true
      },
      {
        "name": "wCDM.zip",
        "expected_size": 9575741651,
        "size_bytes": 8382034368,
        "percent": 87.53404878174277,
        "complete": false,
        "marker": true
      },
      {
        "name": "LCDM_OmegaK.zip",
        "expected_size": 11373928818,
        "size_bytes": 9954131968,
        "percent": 87.51709393720597,
        "complete": false,
        "marker": true
      },
      {
        "name": "w0waCDM.zip",
        "expected_size": 11958795740,
        "size_bytes": 10465837056,
        "percent": 87.51581081859,
        "complete": false,
        "marker": true
      },
      {
        "name": "anesthetic_2.12.0.dev0+lukashergt-devel.zip",
        "expected_size": 6463623,
        "size_bytes": 6463623,
        "percent": 100.0,
        "complete": true,
        "marker": false
      },
      {
        "name": "consistency_of_standard_cosmologies__plotting_code_v1.0.0.zip",
        "expected_size": 2661590,
        "size_bytes": 2661590,
        "percent": 100.0,
        "complete": true,
        "marker": false
      },
      {
        "name": "consistency_of_standard_cosmologies__figures_v1.0.0.zip",
        "expected_size": 5606122,
        "size_bytes": 5606122,
        "percent": 100.0,
        "complete": true,
        "marker": false
      }
    ],
    "aria_process_lines": [
      "2347859 2340925 Z<      04:59:43  0.0  0.0 [aria2c] <defunct>",
      "3865330  888643 Ds+        14:09  0.0  0.0 aria2c --input-file=/var/omnimind_storage/home_redirect/reports_runtime/zenodo_rehydration_18496170_missing_20260219T224904Z.txt --continue=true --auto-file-renaming=false --allow-overwrite=false --file-allocation=none --summary-interval=30",
      "3940780 3940422 S          00:00  0.0  0.0 bash -lc ps -eo pid,ppid,stat,etime,%cpu,%mem,cmd | rg -i 'aria2c --input-file=.*/zenodo_rehydration_18496170_missing_20260219T224904Z.txt|aria2c\\] <defunct>' || true"
    ]
  },
  "memory_tier2_footprint": [
    {
      "collection": "omnimind_kernel_vida",
      "points": 1077553,
      "status": "ok"
    },
    {
      "collection": "omnimind_ide_soberano",
      "points": 228703,
      "status": "ok"
    },
    {
      "collection": "omnimind_projects_20260127",
      "points": 108236,
      "status": "ok"
    },
    {
      "collection": "omnimind_corpo_simbolico",
      "points": 69435,
      "status": "ok"
    },
    {
      "collection": "omnimind_mega_corpus",
      "points": 45269,
      "status": "ok"
    },
    {
      "collection": "omnimind_system_logs_20260127",
      "points": 11995,
      "status": "ok"
    },
    {
      "collection": "kb_reeds_neurais",
      "points": 124,
      "status": "ok"
    }
  ],
  "classification": "real-data-local",
  "no_simulation_note": "All values derived from local Qdrant payloads and local filesystem snapshots."
}
