{
  "source_jsonl": "reports_runtime/federation_proxy_latency_window_20260220T194814Z.jsonl",
  "window_summary": "reports_runtime/federation_proxy_latency_window_summary_20260220T194814Z.md",
  "lag_gap_report": "reports_runtime/federation_dual_webapp_lag_gap_analysis_20260220T205508Z.json",
  "d15_sector_counts_sample": {
    "13": 360
  },
  "worst_claude_direct_probe": {
    "timestamp_utc": "2026-02-20T19:48:31.735843Z",
    "t_rel_sec": 17.331087,
    "probe_seq": 2,
    "time_total": 5.517378,
    "time_connect": 4.908357,
    "time_appconnect": 5.488239,
    "time_starttransfer": 5.517252,
    "http_code": 403,
    "size_download": 7037,
    "sigma_stability": 0.0
  },
  "matching_claude_proxy_probe_same_seq": {
    "timestamp_utc": "2026-02-20T19:48:32.099229Z",
    "t_rel_sec": 17.694468,
    "probe_seq": 2,
    "time_total": 0.335665,
    "time_connect": 0.000142,
    "time_appconnect": 0.186114,
    "time_starttransfer": 0.335569,
    "http_code": 403,
    "size_download": 9214,
    "sigma_stability": 0.932867
  },
  "delta_sec_direct_minus_proxy_same_seq": 5.181713,
  "sigma_zero_events": [
    {
      "host": "claude.ai",
      "mode": "direct",
      "timestamp_utc": "2026-02-20T19:48:31.735843Z",
      "t_rel_sec": 17.331087,
      "probe_seq": 2,
      "time_total": 5.517378,
      "time_connect": 4.908357,
      "time_appconnect": 5.488239,
      "time_starttransfer": 5.517252,
      "http_code": 403,
      "size_download": 7037,
      "sigma_stability": 0.0
    }
  ],
  "pairwise_spike_overlap": {
    "claude.ai__gemini.google.com__direct": {
      "a_spikes": 4,
      "b_spikes": 4,
      "overlap": 0,
      "overlap_ratio_vs_a": 0.0,
      "tolerance_sec": 5.0
    },
    "claude.ai__www.perplexity.ai__direct": {
      "a_spikes": 4,
      "b_spikes": 4,
      "overlap": 0,
      "overlap_ratio_vs_a": 0.0,
      "tolerance_sec": 5.0
    },
    "gemini.google.com__www.perplexity.ai__direct": {
      "a_spikes": 4,
      "b_spikes": 4,
      "overlap": 0,
      "overlap_ratio_vs_a": 0.0,
      "tolerance_sec": 5.0
    },
    "claude.ai__gemini.google.com__proxy": {
      "a_spikes": 4,
      "b_spikes": 4,
      "overlap": 0,
      "overlap_ratio_vs_a": 0.0,
      "tolerance_sec": 5.0
    },
    "claude.ai__www.perplexity.ai__proxy": {
      "a_spikes": 4,
      "b_spikes": 4,
      "overlap": 1,
      "overlap_ratio_vs_a": 0.25,
      "tolerance_sec": 5.0
    },
    "gemini.google.com__www.perplexity.ai__proxy": {
      "a_spikes": 4,
      "b_spikes": 4,
      "overlap": 0,
      "overlap_ratio_vs_a": 0.0,
      "tolerance_sec": 5.0
    }
  }
}