{
  "timestamp_utc": "2026-02-19T01:33:30.243534+00:00",
  "inputs": {
    "microbioma_json": "/home/fahbrain/projects/omnimind/docs/zenodo_packs/omnimind_bio_astro_integrated_20260218T231609Z_revastrofix2/data/microbioma_d12.json"
  },
  "alignment": {
    "house_scheme_runtime": "15",
    "observed_houses": 11,
    "house_counts_sdss": {
      "1": 19233.0,
      "2": 20334.0,
      "5": 21059.0,
      "6": 32539.0,
      "7": 16218.0,
      "8": 23151.0,
      "9": 32100.0,
      "10": 14869.0,
      "11": 18303.0,
      "14": 17493.0,
      "15": 12082.0
    },
    "top_houses_by_count": [
      {
        "house": 6,
        "count": 32539.0
      },
      {
        "house": 9,
        "count": 32100.0
      },
      {
        "house": 8,
        "count": 23151.0
      },
      {
        "house": 5,
        "count": 21059.0
      },
      {
        "house": 2,
        "count": 20334.0
      }
    ],
    "pearson_houseindex_count": {
      "r": -0.3277006287044342,
      "p": 0.32522517285137886
    },
    "spearman_houseindex_count": {
      "r": -0.5181818181818182,
      "p": 0.10249153979096383
    },
    "circular_alignment": {
      "resultant_r": 0.22636986490228608,
      "mean_angle_deg": 154.00331525596823,
      "n_sectors": 15,
      "harmonics": {
        "k1_amp": 0.22636986490228606,
        "k2_amp": 0.25950170025942376,
        "k3_amp": 0.20127016888304716,
        "k4_amp": 0.17082452946948215
      }
    },
    "genus_counts_collection_scan": {
      "Klebsiella": 1,
      "Eisenbergiella": 1,
      "Escherichia_shigella": 1
    }
  },
  "no_simulation_note": "Computed directly from local real house-count/genus-count payload."
}
