{
  "timestamp_utc": "2026-02-20T03:00:00Z",
  "scope": "doxihewu_manuscript_versioning",
  "canonical": {
    "path": "docs/manuscripts/publicacao/DOXIHEWU_OMNIMIND_manuscrito_canonico_20260219.md",
    "status": "canonical",
    "editorial_date": "2026-02-19"
  },
  "drafts": [
    {
      "path": "docs/manuscripts/publicacao/DOXIHEWU_OMNIMIND_revisao_importada_20260219.md",
      "status": "draft"
    },
    {
      "path": "docs/manuscripts/rascunhos/DOXIHEWU_OMNIMIND_revisao_20260219.md",
      "status": "draft"
    }
  ],
  "pack_reference": "docs/zenodo_packs/omnimind_bio_astro_integrated_20260218T231609Z_revastrofix2/studies/DOXIHEWU_OMNIMIND_manuscrito_canonico_20260219.md",
  "note": "Use canonical for citation/review; keep drafts only as editorial trail."
}
