{
  "timestamp_utc": "2026-02-19T21:37:26.564365+00:00",
  "source_ab_json": "/var/omnimind_storage/home_redirect/reports_runtime/historical_memory_ab_superposition_20260219T211710Z.json",
  "classification": "real-data-local",
  "dual_lane_model": {
    "sync_lane": {
      "primary_window": "72h",
      "raw_coherence_72h": 0.8998211381705971,
      "raw_coherence_24h": 0.8911671139602366,
      "semantic_guardrail_72h": 0.2503572646060458,
      "semantic_guardrail_24h": 0.2503572646060458,
      "temporal_dominance_index_72h": 0.6494638735645513,
      "temporal_dominance_index_24h": 0.6408098493541908,
      "anchor_72h": {
        "bio_vs_log_base": {
          "available": true,
          "window_hours": 72,
          "start_ts_unix": 1771163722.344,
          "end_ts_unix": 1771422922.344,
          "start_utc": "2026-02-15T13:55:22.344000+00:00",
          "end_utc": "2026-02-18T13:55:22.344000+00:00",
          "lag_hours_max": 4.45164144747787,
          "overlap_hours_total": 2.623114593625069
        },
        "bio_vs_logs_plus_historical": {
          "available": true,
          "window_hours": 72,
          "start_ts_unix": 1771163722.344,
          "end_ts_unix": 1771422922.344,
          "start_utc": "2026-02-15T13:55:22.344000+00:00",
          "end_utc": "2026-02-18T13:55:22.344000+00:00",
          "lag_hours_max": 4.45164144747787,
          "overlap_hours_total": 2.623114593625069
        }
      },
      "anchor_24h": {
        "bio_vs_log_base": {
          "available": true,
          "window_hours": 24,
          "start_ts_unix": 1771336522.344,
          "end_ts_unix": 1771422922.344,
          "start_utc": "2026-02-17T13:55:22.344000+00:00",
          "end_utc": "2026-02-18T13:55:22.344000+00:00",
          "lag_hours_max": 4.45164144747787,
          "overlap_hours_total": 2.623114593625069
        },
        "bio_vs_logs_plus_historical": {
          "available": true,
          "window_hours": 24,
          "start_ts_unix": 1771336522.344,
          "end_ts_unix": 1771422922.344,
          "start_utc": "2026-02-17T13:55:22.344000+00:00",
          "end_utc": "2026-02-18T13:55:22.344000+00:00",
          "lag_hours_max": 4.45164144747787,
          "overlap_hours_total": 2.623114593625069
        }
      }
    },
    "async_lane": {
      "semantic_consistency_all_time": 0.321591010106114,
      "raw_coherence_all_time_base": 0.989857331721369,
      "raw_coherence_all_time_plus_historical": 0.5714889032988233,
      "historical_shift_plus_minus_base": -0.41836842842254574
    },
    "state": "DUAL_REGIME_CONFIRMED"
  },
  "operational_recommendation": {
    "sync_lane_schedule": "every_6h",
    "async_lane_schedule": "weekly_or_monthly",
    "sync_threshold_warn": 0.85,
    "sync_threshold_crit": 0.95,
    "async_drift_alert_abs_delta": 0.05,
    "note": "Use semantic_guardrail to avoid inflating coherence from purely temporal alignment."
  },
  "timezone_context": {
    "local_time_iso": "2026-02-19T18:37:26.564325-03:00",
    "utc_time_iso": "2026-02-19T21:37:26.564347+00:00",
    "local_utc_offset_hours": -3.0,
    "note": "Runtime artifacts use UTC; operator interaction may occur at local timezone."
  },
  "no_simulation_note": "Computed only from existing real-data-local A/B artifacts; no synthetic series generated."
}
