{
  "timestamp_utc": "2026-02-19T02:19:00.101810+00:00",
  "inputs": {
    "granger_json": "/home/fahbrain/projects/omnimind/docs/zenodo_packs/omnimind_bio_astro_integrated_20260218T231609Z_revastrofix2/data/granger_matrix.json",
    "d12_json": "/home/fahbrain/projects/omnimind/docs/zenodo_packs/omnimind_bio_astro_integrated_20260218T231609Z_revastrofix2/data/d12_phase_alignment.json",
    "jwst_json": "/home/fahbrain/projects/omnimind/docs/zenodo_packs/omnimind_bio_astro_integrated_20260218T231609Z_revastrofix2/data/jwst_d15_link.json"
  },
  "d15_r": -0.8323412104628806,
  "jwst_top_keywords_by_bridge_score": [
    {
      "keyword": "galaxies",
      "count": 40.0,
      "score": 33.293648418515225
    },
    {
      "keyword": "galaxy",
      "count": 28.0,
      "score": 23.305553892960656
    },
    {
      "keyword": "jwst",
      "count": 26.0,
      "score": 21.640871472034895
    },
    {
      "keyword": "inertia",
      "count": 24.0,
      "score": 19.976189051109134
    },
    {
      "keyword": "horizon",
      "count": 22.0,
      "score": 18.311506630183374
    },
    {
      "keyword": "dark matter",
      "count": 12.0,
      "score": 9.988094525554567
    }
  ],
  "d12_houses": {
    "houses": [
      1,
      2,
      5,
      6,
      7,
      8,
      9,
      10,
      11,
      14,
      15
    ],
    "counts": [
      19233,
      20334,
      21059,
      32539,
      16218,
      23151,
      32100,
      14869,
      18303,
      17493,
      12082
    ]
  },
  "top_granger_edges": [
    {
      "cause": "sun_moon_sep_deg",
      "effect": "moon_illum_frac",
      "best_lag": 2,
      "min_p": 7.482747844679209e-181,
      "f_at_best_lag": 448.35283910658774
    },
    {
      "cause": "moon_sep_mercury_deg",
      "effect": "moon_illum_frac",
      "best_lag": 2,
      "min_p": 1.198909481162788e-174,
      "f_at_best_lag": 431.73447986290904
    },
    {
      "cause": "moon_illum_frac",
      "effect": "moon_sep_mercury_deg",
      "best_lag": 2,
      "min_p": 2.6305061636006736e-156,
      "f_at_best_lag": 383.1220796851724
    },
    {
      "cause": "moon_illum_frac",
      "effect": "sun_moon_sep_deg",
      "best_lag": 2,
      "min_p": 6.84939587897545e-156,
      "f_at_best_lag": 382.02931993264264
    },
    {
      "cause": "sun_moon_sep_deg",
      "effect": "moon_sep_mercury_deg",
      "best_lag": 2,
      "min_p": 2.0909335011415113e-136,
      "f_at_best_lag": 331.23161820869836
    },
    {
      "cause": "moon_illum_frac",
      "effect": "d15_seshet_proxy",
      "best_lag": 1,
      "min_p": 1.0713562853451619e-134,
      "f_at_best_lag": 645.9756289930558
    },
    {
      "cause": "moon_sep_mercury_deg",
      "effect": "sun_moon_sep_deg",
      "best_lag": 2,
      "min_p": 7.120035357987439e-131,
      "f_at_best_lag": 316.9623875869013
    },
    {
      "cause": "moon_sep_mercury_deg",
      "effect": "d15_seshet_proxy",
      "best_lag": 1,
      "min_p": 2.2273088672259276e-128,
      "f_at_best_lag": 613.5367006170103
    }
  ],
  "figure": "/home/fahbrain/projects/omnimind/output/img/ethan_jwst_d12_consolidated_20260219T021858Z.png",
  "no_simulation_note": "Computed only from local real artifacts; no synthetic data points."
}
