{
  "timestamp_utc": "2026-02-19T01:51:29.976423+00:00",
  "inputs": {
    "jwst_json": "/home/fahbrain/projects/omnimind/docs/zenodo_packs/omnimind_bio_astro_integrated_20260218T231609Z_revastrofix2/data/jwst_d15_link.json"
  },
  "d15_r": -0.8323412104628806,
  "keyword_counts": {
    "horizon": 22,
    "thermodynamics": 6,
    "entropy": 5,
    "jwst": 26,
    "galaxy": 28,
    "galaxies": 40,
    "structure formation": 5,
    "dissipative": 0,
    "non-unitary": 0,
    "dark matter": 12,
    "inertia": 24
  },
  "bridge_scores": {
    "inertia_x_abs_d15_r": 19.976189051109134,
    "jwst_x_abs_d15_r": 21.640871472034895,
    "galaxies_x_abs_d15_r": 33.293648418515225
  },
  "figure": "/home/fahbrain/projects/omnimind/output/img/ethan_brown_dwarfs_bridge_20260219T015129Z.png",
  "status": "ok",
  "method_note": "This is a deterministic bridge metric from local real artifacts only; it is not an empirical inference over a local brown-dwarf time-series dataset."
}
