{
  "timestamp_utc": "2026-02-19T02:05:40.906318+00:00",
  "inputs": {
    "metrics_csv": "/home/fahbrain/projects/omnimind/reports_runtime/space_weather_merged_20260209T104949Z.csv",
    "covariates_csv": "/home/fahbrain/projects/omnimind/reports_runtime/cosmic_covariates_20260210T205330Z.csv"
  },
  "dataset_range": {
    "min_utc": "2026-02-05 10:46:00+00:00",
    "max_utc": "2026-02-09 10:49:00+00:00",
    "rows": 5400
  },
  "global_relations_current_dataset": {
    "r_lag2_sunmoon_to_moonillum": 0.9991135921081359,
    "r_lag2_sunmoon_to_d15rekh": -0.7940495283560458
  },
  "events": {
    "Quadrantids": {
      "event_time_utc": "2026-01-03 18:00:00+00:00",
      "in_dataset_range": false,
      "distance_to_available_range_days": 32.69861111111111,
      "window_rows": 0,
      "status": "out_of_range"
    },
    "Venus_Occult": {
      "event_time_utc": "2026-06-17 12:00:00+00:00",
      "in_dataset_range": false,
      "distance_to_available_range_days": 128.04930555555555,
      "window_rows": 0,
      "status": "out_of_range"
    },
    "Solar_Eclipse": {
      "event_time_utc": "2026-08-12 12:00:00+00:00",
      "in_dataset_range": false,
      "distance_to_available_range_days": 184.04930555555555,
      "window_rows": 0,
      "status": "out_of_range"
    },
    "Lunar_Eclipse": {
      "event_time_utc": "2026-08-28 06:00:00+00:00",
      "in_dataset_range": false,
      "distance_to_available_range_days": 199.79930555555555,
      "window_rows": 0,
      "status": "out_of_range"
    },
    "Perseids_Peak": {
      "event_time_utc": "2026-08-13 00:00:00+00:00",
      "in_dataset_range": false,
      "distance_to_available_range_days": 184.54930555555555,
      "window_rows": 0,
      "status": "out_of_range"
    }
  },
  "no_simulation_note": "Predição em eventos fora da janela é marcada explicitamente como out_of_range; nenhum valor sintético foi injetado."
}
