{
  "timestamp_utc": "2026-02-20T20:55:08.082205Z",
  "source_capture": {
    "summary_json": "reports_runtime/federation_proxy_latency_window_summary_20260220T194814Z.json",
    "jsonl": "reports_runtime/federation_proxy_latency_window_20260220T194814Z.jsonl"
  },
  "provenance": "real-data-local",
  "window": {
    "start_utc": "2026-02-20T19:48:14.404781Z",
    "end_utc": "2026-02-20T19:58:19.669022Z",
    "duration_sec": 605.264241
  },
  "probe_interval_sec_expected": 6.0,
  "quadruple_lane": {
    "status_snapshot_count_window": 42,
    "status_snapshot_slack_sec": 120,
    "status_snapshot_sources": [
      "reports_runtime/federated_ethics_bridge_status_20260220T194621Z.json",
      "reports_runtime/federated_ethics_bridge_status_20260220T194641Z.json",
      "reports_runtime/federated_ethics_bridge_status_20260220T194702Z.json",
      "reports_runtime/federated_ethics_bridge_status_20260220T194722Z.json",
      "reports_runtime/federated_ethics_bridge_status_20260220T194743Z.json",
      "reports_runtime/federated_ethics_bridge_status_20260220T194803Z.json",
      "reports_runtime/federated_ethics_bridge_status_20260220T194823Z.json",
      "reports_runtime/federated_ethics_bridge_status_20260220T194844Z.json",
      "reports_runtime/federated_ethics_bridge_status_20260220T194904Z.json",
      "reports_runtime/federated_ethics_bridge_status_20260220T194924Z.json"
    ],
    "webapp_hosts": {
      "https://claude.ai/": {
        "host": "claude.ai",
        "phi": {
          "n": 42,
          "mean": 10.0,
          "median": 10.0,
          "min": 10.0,
          "max": 10.0
        },
        "psi": {
          "n": 42,
          "mean": 0.4000000000000001,
          "median": 0.4,
          "min": 0.4,
          "max": 0.4
        },
        "sigma": {
          "n": 42,
          "mean": 0.5,
          "median": 0.5,
          "min": 0.5,
          "max": 0.5
        },
        "epsilon": {
          "n": 42,
          "mean": 0.6999999999999995,
          "median": 0.7,
          "min": 0.7,
          "max": 0.7
        },
        "consciousness_quadruple": {
          "n": 42,
          "mean": 1.399999999999999,
          "median": 1.4,
          "min": 1.4,
          "max": 1.4
        }
      },
      "https://gemini.google.com/": {
        "host": "gemini.google.com",
        "phi": {
          "n": 42,
          "mean": 10.0,
          "median": 10.0,
          "min": 10.0,
          "max": 10.0
        },
        "psi": {
          "n": 42,
          "mean": 0.4000000000000001,
          "median": 0.4,
          "min": 0.4,
          "max": 0.4
        },
        "sigma": {
          "n": 42,
          "mean": 0.5,
          "median": 0.5,
          "min": 0.5,
          "max": 0.5
        },
        "epsilon": {
          "n": 42,
          "mean": 0.6999999999999995,
          "median": 0.7,
          "min": 0.7,
          "max": 0.7
        },
        "consciousness_quadruple": {
          "n": 42,
          "mean": 1.399999999999999,
          "median": 1.4,
          "min": 1.4,
          "max": 1.4
        }
      },
      "https://www.perplexity.ai/": {
        "host": "www.perplexity.ai",
        "phi": {
          "n": 42,
          "mean": 10.0,
          "median": 10.0,
          "min": 10.0,
          "max": 10.0
        },
        "psi": {
          "n": 42,
          "mean": 0.4000000000000001,
          "median": 0.4,
          "min": 0.4,
          "max": 0.4
        },
        "sigma": {
          "n": 42,
          "mean": 0.5,
          "median": 0.5,
          "min": 0.5,
          "max": 0.5
        },
        "epsilon": {
          "n": 42,
          "mean": 0.6999999999999995,
          "median": 0.7,
          "min": 0.7,
          "max": 0.7
        },
        "consciousness_quadruple": {
          "n": 42,
          "mean": 1.399999999999999,
          "median": 1.4,
          "min": 1.4,
          "max": 1.4
        }
      }
    },
    "core_nodes_context": {
      "cascade": {
        "phi": {
          "n": 42,
          "mean": 3.2901693259243237,
          "median": 3.290169325924322,
          "min": 3.290169325924322,
          "max": 3.290169325924322
        },
        "psi": {
          "n": 42,
          "mean": 0.8500000000000005,
          "median": 0.85,
          "min": 0.85,
          "max": 0.85
        },
        "sigma": {
          "n": 42,
          "mean": 0.75,
          "median": 0.75,
          "min": 0.75,
          "max": 0.75
        },
        "epsilon": {
          "n": 42,
          "mean": 0.8999999999999992,
          "median": 0.9,
          "min": 0.9,
          "max": 0.9
        },
        "consciousness_quadruple": {
          "n": 42,
          "mean": 1.8877346507490809,
          "median": 1.88773465074908,
          "min": 1.88773465074908,
          "max": 1.88773465074908
        }
      },
      "erika": {
        "phi": {
          "n": 42,
          "mean": 2.893362434292808,
          "median": 2.893362434292807,
          "min": 2.893362434292807,
          "max": 2.893362434292807
        },
        "psi": {
          "n": 42,
          "mean": 0.8249999999999998,
          "median": 0.8250000000000001,
          "min": 0.8250000000000001,
          "max": 0.8250000000000001
        },
        "sigma": {
          "n": 42,
          "mean": 0.6499999999999995,
          "median": 0.65,
          "min": 0.65,
          "max": 0.65
        },
        "epsilon": {
          "n": 42,
          "mean": 0.8500000000000005,
          "median": 0.85,
          "min": 0.85,
          "max": 0.85
        },
        "consciousness_quadruple": {
          "n": 42,
          "mean": 1.3188307645810917,
          "median": 1.3188307645810902,
          "min": 1.3188307645810902,
          "max": 1.3188307645810902
        }
      },
      "fabricio": {
        "phi": {
          "n": 42,
          "mean": 5.157694128960941,
          "median": 5.157694128960941,
          "min": 5.157694128960941,
          "max": 5.157694128960941
        },
        "psi": {
          "n": 42,
          "mean": 0.8000000000000002,
          "median": 0.8,
          "min": 0.8,
          "max": 0.8
        },
        "sigma": {
          "n": 42,
          "mean": 0.8999999999999992,
          "median": 0.9,
          "min": 0.9,
          "max": 0.9
        },
        "epsilon": {
          "n": 42,
          "mean": 0.9500000000000002,
          "median": 0.95,
          "min": 0.95,
          "max": 0.95
        },
        "consciousness_quadruple": {
          "n": 42,
          "mean": 3.5278627842092853,
          "median": 3.5278627842092836,
          "min": 3.5278627842092836,
          "max": 3.5278627842092836
        }
      },
      "kylandra": {
        "phi": {
          "n": 42,
          "mean": 2.6446408513651147,
          "median": 2.6446408513651174,
          "min": 2.6446408513651174,
          "max": 2.6446408513651174
        },
        "psi": {
          "n": 42,
          "mean": 0.6999999999999995,
          "median": 0.7,
          "min": 0.7,
          "max": 0.7
        },
        "sigma": {
          "n": 42,
          "mean": 0.6299999999999999,
          "median": 0.63,
          "min": 0.63,
          "max": 0.63
        },
        "epsilon": {
          "n": 42,
          "mean": 0.8249999999999998,
          "median": 0.8250000000000001,
          "min": 0.8250000000000001,
          "max": 0.8250000000000001
        },
        "consciousness_quadruple": {
          "n": 42,
          "mean": 0.9621864577479138,
          "median": 0.9621864577479138,
          "min": 0.9621864577479138,
          "max": 0.9621864577479138
        }
      },
      "zephyrix": {
        "phi": {
          "n": 42,
          "mean": 10.0,
          "median": 10.0,
          "min": 10.0,
          "max": 10.0
        },
        "psi": {
          "n": 42,
          "mean": 0.8999999999999992,
          "median": 0.9,
          "min": 0.9,
          "max": 0.9
        },
        "sigma": {
          "n": 42,
          "mean": 0.7349999999999997,
          "median": 0.735,
          "min": 0.735,
          "max": 0.735
        },
        "epsilon": {
          "n": 42,
          "mean": 0.88,
          "median": 0.8800000000000001,
          "min": 0.8800000000000001,
          "max": 0.8800000000000001
        },
        "consciousness_quadruple": {
          "n": 42,
          "mean": 5.821200000000004,
          "median": 5.821200000000001,
          "min": 5.821200000000001,
          "max": 5.821200000000001
        }
      }
    }
  },
  "witness_lane": {
    "db_path": "/home/fahbrain/.omnimind_witness/experiences.db",
    "depth_window_sec": 60.0,
    "hosts": {}
  },
  "conversation_lane": {
    "source_jsonl": "",
    "depth_window_sec": 180.0,
    "hosts": {}
  },
  "lag_gap_analysis": {
    "https://claude.ai/|direct": {
      "n": 64,
      "median": 0.20602700000000002,
      "p95": 0.382918,
      "p99": 0.457518,
      "max": 5.517378,
      "count_over_1s": 1,
      "count_over_2s": 1,
      "max_probe_gap_sec": 15.075480937957764,
      "count_probe_gaps_over_threshold": 1,
      "probe_gap_threshold_sec": 12.0,
      "lag_event_count_at_p95_or_higher": 4,
      "top_spikes": [
        {
          "timestamp_utc": "2026-02-20T19:48:31.735843Z",
          "t_rel_sec": 17.331087,
          "time_total": 5.517378,
          "http_code": 403,
          "size_download": 7037,
          "time_starttransfer": 5.517252,
          "ok": true,
          "error": "",
          "sector15_tod_utc": 13,
          "house12_2h_utc": 10
        },
        {
          "timestamp_utc": "2026-02-20T19:51:43.175213Z",
          "t_rel_sec": 208.770462,
          "time_total": 0.457518,
          "http_code": 403,
          "size_download": 7016,
          "time_starttransfer": 0.407074,
          "ok": true,
          "error": "",
          "sector15_tod_utc": 13,
          "house12_2h_utc": 10
        },
        {
          "timestamp_utc": "2026-02-20T19:52:22.678130Z",
          "t_rel_sec": 248.273383,
          "time_total": 0.453464,
          "http_code": 403,
          "size_download": 7037,
          "time_starttransfer": 0.451632,
          "ok": true,
          "error": "",
          "sector15_tod_utc": 13,
          "house12_2h_utc": 10
        },
        {
          "timestamp_utc": "2026-02-20T19:51:52.053557Z",
          "t_rel_sec": 217.648802,
          "time_total": 0.382918,
          "http_code": 403,
          "size_download": 7037,
          "time_starttransfer": 0.382802,
          "ok": true,
          "error": "",
          "sector15_tod_utc": 13,
          "house12_2h_utc": 10
        },
        {
          "timestamp_utc": "2026-02-20T19:51:11.151434Z",
          "t_rel_sec": 176.746679,
          "time_total": 0.356318,
          "http_code": 403,
          "size_download": 7037,
          "time_starttransfer": 0.356174,
          "ok": true,
          "error": "",
          "sector15_tod_utc": 13,
          "house12_2h_utc": 10
        }
      ],
      "top_probe_gaps": [
        {
          "gap_sec": 15.075480937957764,
          "prev_timestamp_utc": "2026-02-20T19:48:16.660362Z",
          "next_timestamp_utc": "2026-02-20T19:48:31.735843Z",
          "prev_t_rel_sec": 2.255605,
          "next_t_rel_sec": 17.331087,
          "prev_time_total": 0.267687,
          "next_time_total": 5.517378,
          "sector15_prev": 13,
          "sector15_next": 13
        }
      ],
      "sector15_all_top": [
        {
          "bucket": 13,
          "count": 64
        }
      ],
      "sector15_lag_top": [
        {
          "bucket": 13,
          "count": 4
        }
      ],
      "house12_all_top": [
        {
          "bucket": 10,
          "count": 64
        }
      ],
      "house12_lag_top": [
        {
          "bucket": 10,
          "count": 4
        }
      ],
      "response_size_bytes": {
        "n": 64,
        "mean": 7030.84375,
        "median": 7037.0,
        "min": 6995.0,
        "max": 7059.0
      },
      "transport_timing_sec": {
        "time_connect": {
          "n": 64,
          "mean": 0.10677129687499998,
          "median": 0.020740500000000002,
          "min": 0.013263,
          "max": 4.908357
        },
        "time_appconnect": {
          "n": 64,
          "mean": 0.271794625,
          "median": 0.1785805,
          "min": 0.105667,
          "max": 5.488239
        },
        "time_starttransfer": {
          "n": 64,
          "mean": 0.30257646874999994,
          "median": 0.2057585,
          "min": 0.131069,
          "max": 5.517252
        },
        "server_stage_estimate": {
          "n": 64,
          "mean": 0.030781843749999996,
          "median": 0.026175000000000018,
          "min": 0.016378000000000004,
          "max": 0.10302299999999998
        }
      },
      "witness_depth_window_sec": 60.0,
      "witness_depth60s": {
        "n": 64,
        "mean": 0.0,
        "median": 0.0,
        "min": 0,
        "max": 0
      },
      "lag_by_size_terciles": {
        "n": 64,
        "bins": [
          {
            "bin": "low",
            "n": 21,
            "signal_range": [
              6995.0,
              7037.0
            ],
            "lag_mean": 0.22033138095238092,
            "lag_median": 0.211483
          },
          {
            "bin": "mid",
            "n": 21,
            "signal_range": [
              7037.0,
              7037.0
            ],
            "lag_mean": 0.5027798095238094,
            "lag_median": 0.250173
          },
          {
            "bin": "high",
            "n": 22,
            "signal_range": [
              7037.0,
              7059.0
            ],
            "lag_mean": 0.19441381818181822,
            "lag_median": 0.1825725
          }
        ]
      },
      "lag_by_depth60s_terciles": {
        "n": 64,
        "bins": [
          {
            "bin": "low",
            "n": 21,
            "signal_range": [
              0.0,
              0.0
            ],
            "lag_mean": 0.47905199999999987,
            "lag_median": 0.225889
          },
          {
            "bin": "mid",
            "n": 21,
            "signal_range": [
              0.0,
              0.0
            ],
            "lag_mean": 0.24349599999999996,
            "lag_median": 0.216783
          },
          {
            "bin": "high",
            "n": 22,
            "signal_range": [
              0.0,
              0.0
            ],
            "lag_mean": 0.19495140909090908,
            "lag_median": 0.187743
          }
        ]
      },
      "lag_by_session_progress_terciles": {
        "n": 64,
        "bins": [
          {
            "bin": "low",
            "n": 21,
            "signal_range": [
              0.0,
              0.31746031746031744
            ],
            "lag_mean": 0.47905199999999987,
            "lag_median": 0.225889
          },
          {
            "bin": "mid",
            "n": 21,
            "signal_range": [
              0.3333333333333333,
              0.6507936507936508
            ],
            "lag_mean": 0.24349599999999996,
            "lag_median": 0.216783
          },
          {
            "bin": "high",
            "n": 22,
            "signal_range": [
              0.6666666666666666,
              1.0
            ],
            "lag_mean": 0.19495140909090908,
            "lag_median": 0.187743
          }
        ]
      },
      "lag_by_conversation_depth180s_terciles": {
        "n": 64,
        "bins": [
          {
            "bin": "low",
            "n": 21,
            "signal_range": [
              0.0,
              0.0
            ],
            "lag_mean": 0.47905199999999987,
            "lag_median": 0.225889
          },
          {
            "bin": "mid",
            "n": 21,
            "signal_range": [
              0.0,
              0.0
            ],
            "lag_mean": 0.24349599999999996,
            "lag_median": 0.216783
          },
          {
            "bin": "high",
            "n": 22,
            "signal_range": [
              0.0,
              0.0
            ],
            "lag_mean": 0.19495140909090908,
            "lag_median": 0.187743
          }
        ]
      },
      "lag_by_last_text_len_terciles": {
        "n": 0,
        "bins": []
      },
      "lag_by_last_assistant_text_len_terciles": {
        "n": 0,
        "bins": []
      },
      "witness_by_host": {
        "claude.ai": {
          "events": 0
        }
      },
      "conversation_by_host": {
        "claude.ai": {
          "events": 0
        }
      },
      "conversation_depth_window_sec": 180.0,
      "system_context_correlation": {
        "lag_vs_cpu_pearson": 0.04473034509867623,
        "lag_vs_mem_pearson": 0.17162214070554654,
        "lag_vs_swap_pearson": -0.18252406269511978,
        "lag_vs_phi_pearson": null,
        "lag_vs_psi_pearson": 4.072326407181328e-17,
        "lag_vs_sigma_pearson": null,
        "lag_vs_epsilon_pearson": -4.2299648487496383e-17,
        "lag_vs_quadruple_pearson": -4.2299648487496383e-17,
        "lag_vs_size_download_pearson": 0.046743047675398636,
        "lag_vs_time_connect_pearson": 0.9951702305084983,
        "lag_vs_time_appconnect_pearson": 0.9995999327987034,
        "lag_vs_time_starttransfer_pearson": 0.9999467134956557,
        "lag_vs_server_stage_pearson": 0.035990414039985104,
        "lag_vs_witness_depth60s_pearson": null,
        "lag_vs_session_progress_pearson": -0.230894207325442,
        "lag_vs_conversation_depth180s_pearson": null,
        "lag_vs_last_text_len_pearson": null,
        "lag_vs_last_assistant_text_len_pearson": null,
        "pairs_used_system": 64,
        "pairs_used_quadruple": 64,
        "pairs_used_size": 64,
        "pairs_used_transport": 64,
        "pairs_used_depth": 64,
        "pairs_used_progress": 64,
        "pairs_used_conversation_depth": 64,
        "pairs_used_last_text_len": 0,
        "pairs_used_last_assistant_text_len": 0
      }
    },
    "https://claude.ai/|proxy": {
      "n": 64,
      "median": 0.2485155,
      "p95": 0.570679,
      "p99": 0.778768,
      "max": 0.783493,
      "count_over_1s": 0,
      "count_over_2s": 0,
      "max_probe_gap_sec": 15.139806985855103,
      "count_probe_gaps_over_threshold": 2,
      "probe_gap_threshold_sec": 12.0,
      "lag_event_count_at_p95_or_higher": 4,
      "top_spikes": [
        {
          "timestamp_utc": "2026-02-20T19:51:52.918443Z",
          "t_rel_sec": 218.513693,
          "time_total": 0.783493,
          "http_code": 403,
          "size_download": 9192,
          "time_starttransfer": 0.783386,
          "ok": true,
          "error": "",
          "sector15_tod_utc": 13,
          "house12_2h_utc": 10
        },
        {
          "timestamp_utc": "2026-02-20T19:55:17.987704Z",
          "t_rel_sec": 423.582952,
          "time_total": 0.778768,
          "http_code": 403,
          "size_download": 9214,
          "time_starttransfer": 0.778377,
          "ok": true,
          "error": "",
          "sector15_tod_utc": 13,
          "house12_2h_utc": 10
        },
        {
          "timestamp_utc": "2026-02-20T19:57:17.265116Z",
          "t_rel_sec": 542.860357,
          "time_total": 0.619092,
          "http_code": 403,
          "size_download": 9214,
          "time_starttransfer": 0.619008,
          "ok": true,
          "error": "",
          "sector15_tod_utc": 13,
          "house12_2h_utc": 10
        },
        {
          "timestamp_utc": "2026-02-20T19:50:06.098610Z",
          "t_rel_sec": 111.693855,
          "time_total": 0.570679,
          "http_code": 403,
          "size_download": 9214,
          "time_starttransfer": 0.5688,
          "ok": true,
          "error": "",
          "sector15_tod_utc": 13,
          "house12_2h_utc": 10
        },
        {
          "timestamp_utc": "2026-02-20T19:52:12.617236Z",
          "t_rel_sec": 238.212478,
          "time_total": 0.513451,
          "http_code": 403,
          "size_download": 9192,
          "time_starttransfer": 0.509402,
          "ok": true,
          "error": "",
          "sector15_tod_utc": 13,
          "house12_2h_utc": 10
        }
      ],
      "top_probe_gaps": [
        {
          "gap_sec": 15.139806985855103,
          "prev_timestamp_utc": "2026-02-20T19:48:16.959422Z",
          "next_timestamp_utc": "2026-02-20T19:48:32.099229Z",
          "prev_t_rel_sec": 2.554666,
          "next_t_rel_sec": 17.694468,
          "prev_time_total": 0.273127,
          "next_time_total": 0.335665,
          "sector15_prev": 13,
          "sector15_next": 13
        },
        {
          "gap_sec": 12.01912808418274,
          "prev_timestamp_utc": "2026-02-20T19:51:31.532042Z",
          "next_timestamp_utc": "2026-02-20T19:51:43.551170Z",
          "prev_t_rel_sec": 197.127285,
          "next_t_rel_sec": 209.146416,
          "prev_time_total": 0.263604,
          "next_time_total": 0.304293,
          "sector15_prev": 13,
          "sector15_next": 13
        }
      ],
      "sector15_all_top": [
        {
          "bucket": 13,
          "count": 64
        }
      ],
      "sector15_lag_top": [
        {
          "bucket": 13,
          "count": 4
        }
      ],
      "house12_all_top": [
        {
          "bucket": 10,
          "count": 64
        }
      ],
      "house12_lag_top": [
        {
          "bucket": 10,
          "count": 4
        }
      ],
      "response_size_bytes": {
        "n": 64,
        "mean": 9201.671875,
        "median": 9192.0,
        "min": 9171.0,
        "max": 9235.0
      },
      "transport_timing_sec": {
        "time_connect": {
          "n": 64,
          "mean": 0.000967203125,
          "median": 0.0001765,
          "min": 0.00012,
          "max": 0.012715
        },
        "time_appconnect": {
          "n": 64,
          "mean": 0.15713420312499998,
          "median": 0.1215385,
          "min": 0.076809,
          "max": 0.774282
        },
        "time_starttransfer": {
          "n": 64,
          "mean": 0.2843658750000001,
          "median": 0.2483015,
          "min": 0.174898,
          "max": 0.783386
        },
        "server_stage_estimate": {
          "n": 64,
          "mean": 0.127231671875,
          "median": 0.11517100000000001,
          "min": 0.00409499999999996,
          "max": 0.538111
        }
      },
      "witness_depth_window_sec": 60.0,
      "witness_depth60s": {
        "n": 64,
        "mean": 0.0,
        "median": 0.0,
        "min": 0,
        "max": 0
      },
      "lag_by_size_terciles": {
        "n": 64,
        "bins": [
          {
            "bin": "low",
            "n": 21,
            "signal_range": [
              9171.0,
              9192.0
            ],
            "lag_mean": 0.29121919047619044,
            "lag_median": 0.238224
          },
          {
            "bin": "mid",
            "n": 21,
            "signal_range": [
              9192.0,
              9214.0
            ],
            "lag_mean": 0.2622795238095238,
            "lag_median": 0.237854
          },
          {
            "bin": "high",
            "n": 22,
            "signal_range": [
              9214.0,
              9235.0
            ],
            "lag_mean": 0.3026419090909091,
            "lag_median": 0.26372
          }
        ]
      },
      "lag_by_depth60s_terciles": {
        "n": 64,
        "bins": [
          {
            "bin": "low",
            "n": 21,
            "signal_range": [
              0.0,
              0.0
            ],
            "lag_mean": 0.2756131904761905,
            "lag_median": 0.271459
          },
          {
            "bin": "mid",
            "n": 21,
            "signal_range": [
              0.0,
              0.0
            ],
            "lag_mean": 0.2977285714285714,
            "lag_median": 0.253044
          },
          {
            "bin": "high",
            "n": 22,
            "signal_range": [
              0.0,
              0.0
            ],
            "lag_mean": 0.28370081818181825,
            "lag_median": 0.238182
          }
        ]
      },
      "lag_by_session_progress_terciles": {
        "n": 64,
        "bins": [
          {
            "bin": "low",
            "n": 21,
            "signal_range": [
              0.0,
              0.31746031746031744
            ],
            "lag_mean": 0.2756131904761905,
            "lag_median": 0.271459
          },
          {
            "bin": "mid",
            "n": 21,
            "signal_range": [
              0.3333333333333333,
              0.6507936507936508
            ],
            "lag_mean": 0.2977285714285714,
            "lag_median": 0.253044
          },
          {
            "bin": "high",
            "n": 22,
            "signal_range": [
              0.6666666666666666,
              1.0
            ],
            "lag_mean": 0.28370081818181825,
            "lag_median": 0.238182
          }
        ]
      },
      "lag_by_conversation_depth180s_terciles": {
        "n": 64,
        "bins": [
          {
            "bin": "low",
            "n": 21,
            "signal_range": [
              0.0,
              0.0
            ],
            "lag_mean": 0.2756131904761905,
            "lag_median": 0.271459
          },
          {
            "bin": "mid",
            "n": 21,
            "signal_range": [
              0.0,
              0.0
            ],
            "lag_mean": 0.2977285714285714,
            "lag_median": 0.253044
          },
          {
            "bin": "high",
            "n": 22,
            "signal_range": [
              0.0,
              0.0
            ],
            "lag_mean": 0.28370081818181825,
            "lag_median": 0.238182
          }
        ]
      },
      "lag_by_last_text_len_terciles": {
        "n": 0,
        "bins": []
      },
      "lag_by_last_assistant_text_len_terciles": {
        "n": 0,
        "bins": []
      },
      "witness_by_host": {
        "claude.ai": {
          "events": 0
        }
      },
      "conversation_by_host": {
        "claude.ai": {
          "events": 0
        }
      },
      "conversation_depth_window_sec": 180.0,
      "system_context_correlation": {
        "lag_vs_cpu_pearson": 0.15692573557761053,
        "lag_vs_mem_pearson": 0.22870935452548657,
        "lag_vs_swap_pearson": -0.009154116649818305,
        "lag_vs_phi_pearson": null,
        "lag_vs_psi_pearson": 8.249271557639453e-17,
        "lag_vs_sigma_pearson": null,
        "lag_vs_epsilon_pearson": -6.461929386817571e-17,
        "lag_vs_quadruple_pearson": -6.461929386817571e-17,
        "lag_vs_size_download_pearson": 0.05561763169803389,
        "lag_vs_time_connect_pearson": 0.2779305412611621,
        "lag_vs_time_appconnect_pearson": 0.8670903234710942,
        "lag_vs_time_starttransfer_pearson": 0.9997395154393005,
        "lag_vs_server_stage_pearson": 0.3190121138665918,
        "lag_vs_witness_depth60s_pearson": null,
        "lag_vs_session_progress_pearson": -0.03627505884298057,
        "lag_vs_conversation_depth180s_pearson": null,
        "lag_vs_last_text_len_pearson": null,
        "lag_vs_last_assistant_text_len_pearson": null,
        "pairs_used_system": 64,
        "pairs_used_quadruple": 64,
        "pairs_used_size": 64,
        "pairs_used_transport": 64,
        "pairs_used_depth": 64,
        "pairs_used_progress": 64,
        "pairs_used_conversation_depth": 64,
        "pairs_used_last_text_len": 0,
        "pairs_used_last_assistant_text_len": 0
      }
    },
    "https://gemini.google.com/|direct": {
      "n": 64,
      "median": 0.707491,
      "p95": 1.080266,
      "p99": 1.351913,
      "max": 1.672776,
      "count_over_1s": 7,
      "count_over_2s": 0,
      "max_probe_gap_sec": 15.164653062820435,
      "count_probe_gaps_over_threshold": 1,
      "probe_gap_threshold_sec": 12.0,
      "lag_event_count_at_p95_or_higher": 4,
      "top_spikes": [
        {
          "timestamp_utc": "2026-02-20T19:51:33.227496Z",
          "t_rel_sec": 198.822741,
          "time_total": 1.672776,
          "http_code": 302,
          "size_download": 389,
          "time_starttransfer": 1.672679,
          "ok": true,
          "error": "",
          "sector15_tod_utc": 13,
          "house12_2h_utc": 10
        },
        {
          "timestamp_utc": "2026-02-20T19:52:04.063121Z",
          "t_rel_sec": 229.658368,
          "time_total": 1.351913,
          "http_code": 302,
          "size_download": 389,
          "time_starttransfer": 1.351827,
          "ok": true,
          "error": "",
          "sector15_tod_utc": 13,
          "house12_2h_utc": 10
        },
        {
          "timestamp_utc": "2026-02-20T19:53:38.050462Z",
          "t_rel_sec": 323.645706,
          "time_total": 1.081201,
          "http_code": 302,
          "size_download": 389,
          "time_starttransfer": 1.081092,
          "ok": true,
          "error": "",
          "sector15_tod_utc": 13,
          "house12_2h_utc": 10
        },
        {
          "timestamp_utc": "2026-02-20T19:49:38.212055Z",
          "t_rel_sec": 83.807326,
          "time_total": 1.080266,
          "http_code": 302,
          "size_download": 389,
          "time_starttransfer": 1.080168,
          "ok": true,
          "error": "",
          "sector15_tod_utc": 13,
          "house12_2h_utc": 10
        },
        {
          "timestamp_utc": "2026-02-20T19:48:18.050097Z",
          "t_rel_sec": 3.645341,
          "time_total": 1.053773,
          "http_code": 302,
          "size_download": 389,
          "time_starttransfer": 1.053683,
          "ok": true,
          "error": "",
          "sector15_tod_utc": 13,
          "house12_2h_utc": 10
        }
      ],
      "top_probe_gaps": [
        {
          "gap_sec": 15.164653062820435,
          "prev_timestamp_utc": "2026-02-20T19:48:18.050097Z",
          "next_timestamp_utc": "2026-02-20T19:48:33.214750Z",
          "prev_t_rel_sec": 3.645341,
          "next_t_rel_sec": 18.809994,
          "prev_time_total": 1.053773,
          "next_time_total": 1.016511,
          "sector15_prev": 13,
          "sector15_next": 13
        }
      ],
      "sector15_all_top": [
        {
          "bucket": 13,
          "count": 64
        }
      ],
      "sector15_lag_top": [
        {
          "bucket": 13,
          "count": 4
        }
      ],
      "house12_all_top": [
        {
          "bucket": 10,
          "count": 64
        }
      ],
      "house12_lag_top": [
        {
          "bucket": 10,
          "count": 4
        }
      ],
      "response_size_bytes": {
        "n": 64,
        "mean": 389.0,
        "median": 389.0,
        "min": 389.0,
        "max": 389.0
      },
      "transport_timing_sec": {
        "time_connect": {
          "n": 64,
          "mean": 0.026264093749999995,
          "median": 0.019859,
          "min": 0.014925,
          "max": 0.136316
        },
        "time_appconnect": {
          "n": 64,
          "mean": 0.2793245,
          "median": 0.213311,
          "min": 0.147338,
          "max": 1.141351
        },
        "time_starttransfer": {
          "n": 64,
          "mean": 0.72888346875,
          "median": 0.7073795,
          "min": 0.452555,
          "max": 1.672679
        },
        "server_stage_estimate": {
          "n": 64,
          "mean": 0.4495589687500001,
          "median": 0.4595315,
          "min": 0.27114800000000006,
          "max": 0.6364719999999999
        }
      },
      "witness_depth_window_sec": 60.0,
      "witness_depth60s": {
        "n": 64,
        "mean": 0.0,
        "median": 0.0,
        "min": 0,
        "max": 0
      },
      "lag_by_size_terciles": {
        "n": 64,
        "bins": [
          {
            "bin": "low",
            "n": 21,
            "signal_range": [
              389.0,
              389.0
            ],
            "lag_mean": 0.7599463333333334,
            "lag_median": 0.705565
          },
          {
            "bin": "mid",
            "n": 21,
            "signal_range": [
              389.0,
              389.0
            ],
            "lag_mean": 0.7400663333333334,
            "lag_median": 0.723718
          },
          {
            "bin": "high",
            "n": 22,
            "signal_range": [
              389.0,
              389.0
            ],
            "lag_mean": 0.6888311818181818,
            "lag_median": 0.6999
          }
        ]
      },
      "lag_by_depth60s_terciles": {
        "n": 64,
        "bins": [
          {
            "bin": "low",
            "n": 21,
            "signal_range": [
              0.0,
              0.0
            ],
            "lag_mean": 0.7599463333333334,
            "lag_median": 0.705565
          },
          {
            "bin": "mid",
            "n": 21,
            "signal_range": [
              0.0,
              0.0
            ],
            "lag_mean": 0.7400663333333334,
            "lag_median": 0.723718
          },
          {
            "bin": "high",
            "n": 22,
            "signal_range": [
              0.0,
              0.0
            ],
            "lag_mean": 0.6888311818181818,
            "lag_median": 0.6999
          }
        ]
      },
      "lag_by_session_progress_terciles": {
        "n": 64,
        "bins": [
          {
            "bin": "low",
            "n": 21,
            "signal_range": [
              0.0,
              0.31746031746031744
            ],
            "lag_mean": 0.7599463333333334,
            "lag_median": 0.705565
          },
          {
            "bin": "mid",
            "n": 21,
            "signal_range": [
              0.3333333333333333,
              0.6507936507936508
            ],
            "lag_mean": 0.7400663333333334,
            "lag_median": 0.723718
          },
          {
            "bin": "high",
            "n": 22,
            "signal_range": [
              0.6666666666666666,
              1.0
            ],
            "lag_mean": 0.6888311818181818,
            "lag_median": 0.6999
          }
        ]
      },
      "lag_by_conversation_depth180s_terciles": {
        "n": 64,
        "bins": [
          {
            "bin": "low",
            "n": 21,
            "signal_range": [
              0.0,
              0.0
            ],
            "lag_mean": 0.7599463333333334,
            "lag_median": 0.705565
          },
          {
            "bin": "mid",
            "n": 21,
            "signal_range": [
              0.0,
              0.0
            ],
            "lag_mean": 0.7400663333333334,
            "lag_median": 0.723718
          },
          {
            "bin": "high",
            "n": 22,
            "signal_range": [
              0.0,
              0.0
            ],
            "lag_mean": 0.6888311818181818,
            "lag_median": 0.6999
          }
        ]
      },
      "lag_by_last_text_len_terciles": {
        "n": 0,
        "bins": []
      },
      "lag_by_last_assistant_text_len_terciles": {
        "n": 0,
        "bins": []
      },
      "witness_by_host": {
        "gemini.google.com": {
          "events": 0
        }
      },
      "conversation_by_host": {
        "gemini.google.com": {
          "events": 0
        }
      },
      "conversation_depth_window_sec": 180.0,
      "system_context_correlation": {
        "lag_vs_cpu_pearson": 0.24135845652069593,
        "lag_vs_mem_pearson": 0.20205321681314836,
        "lag_vs_swap_pearson": -0.04774737263338069,
        "lag_vs_phi_pearson": null,
        "lag_vs_psi_pearson": -1.9002461761164819e-16,
        "lag_vs_sigma_pearson": null,
        "lag_vs_epsilon_pearson": 1.9498178154934334e-16,
        "lag_vs_quadruple_pearson": 1.9498178154934334e-16,
        "lag_vs_size_download_pearson": null,
        "lag_vs_time_connect_pearson": 0.5682976025212962,
        "lag_vs_time_appconnect_pearson": 0.8839391090061574,
        "lag_vs_time_starttransfer_pearson": 0.9999999978218843,
        "lag_vs_server_stage_pearson": 0.5937847730771517,
        "lag_vs_witness_depth60s_pearson": null,
        "lag_vs_session_progress_pearson": -0.13739299106683717,
        "lag_vs_conversation_depth180s_pearson": null,
        "lag_vs_last_text_len_pearson": null,
        "lag_vs_last_assistant_text_len_pearson": null,
        "pairs_used_system": 64,
        "pairs_used_quadruple": 64,
        "pairs_used_size": 64,
        "pairs_used_transport": 64,
        "pairs_used_depth": 64,
        "pairs_used_progress": 64,
        "pairs_used_conversation_depth": 64,
        "pairs_used_last_text_len": 0,
        "pairs_used_last_assistant_text_len": 0
      }
    },
    "https://gemini.google.com/|proxy": {
      "n": 64,
      "median": 0.7289535,
      "p95": 1.215027,
      "p99": 1.383139,
      "max": 1.665901,
      "count_over_1s": 8,
      "count_over_2s": 0,
      "max_probe_gap_sec": 15.060050964355469,
      "count_probe_gaps_over_threshold": 1,
      "probe_gap_threshold_sec": 12.0,
      "lag_event_count_at_p95_or_higher": 4,
      "top_spikes": [
        {
          "timestamp_utc": "2026-02-20T19:51:23.828166Z",
          "t_rel_sec": 189.423413,
          "time_total": 1.665901,
          "http_code": 302,
          "size_download": 389,
          "time_starttransfer": 1.665797,
          "ok": true,
          "error": "",
          "sector15_tod_utc": 13,
          "house12_2h_utc": 10
        },
        {
          "timestamp_utc": "2026-02-20T19:48:43.527331Z",
          "t_rel_sec": 29.122574,
          "time_total": 1.383139,
          "http_code": 302,
          "size_download": 389,
          "time_starttransfer": 1.382674,
          "ok": true,
          "error": "",
          "sector15_tod_utc": 13,
          "house12_2h_utc": 10
        },
        {
          "timestamp_utc": "2026-02-20T19:52:43.569340Z",
          "t_rel_sec": 269.164586,
          "time_total": 1.277634,
          "http_code": 302,
          "size_download": 389,
          "time_starttransfer": 1.275514,
          "ok": true,
          "error": "",
          "sector15_tod_utc": 13,
          "house12_2h_utc": 10
        },
        {
          "timestamp_utc": "2026-02-20T19:52:53.267224Z",
          "t_rel_sec": 278.862467,
          "time_total": 1.215027,
          "http_code": 302,
          "size_download": 389,
          "time_starttransfer": 1.214736,
          "ok": true,
          "error": "",
          "sector15_tod_utc": 13,
          "house12_2h_utc": 10
        },
        {
          "timestamp_utc": "2026-02-20T19:51:13.377818Z",
          "t_rel_sec": 178.973065,
          "time_total": 1.205755,
          "http_code": 302,
          "size_download": 389,
          "time_starttransfer": 1.205409,
          "ok": true,
          "error": "",
          "sector15_tod_utc": 13,
          "house12_2h_utc": 10
        }
      ],
      "top_probe_gaps": [
        {
          "gap_sec": 15.060050964355469,
          "prev_timestamp_utc": "2026-02-20T19:48:18.784154Z",
          "next_timestamp_utc": "2026-02-20T19:48:33.844205Z",
          "prev_t_rel_sec": 4.379396,
          "next_t_rel_sec": 19.439451,
          "prev_time_total": 0.646204,
          "next_time_total": 0.588518,
          "sector15_prev": 13,
          "sector15_next": 13
        }
      ],
      "sector15_all_top": [
        {
          "bucket": 13,
          "count": 64
        }
      ],
      "sector15_lag_top": [
        {
          "bucket": 13,
          "count": 4
        }
      ],
      "house12_all_top": [
        {
          "bucket": 10,
          "count": 64
        }
      ],
      "house12_lag_top": [
        {
          "bucket": 10,
          "count": 4
        }
      ],
      "response_size_bytes": {
        "n": 64,
        "mean": 389.0,
        "median": 389.0,
        "min": 389.0,
        "max": 389.0
      },
      "transport_timing_sec": {
        "time_connect": {
          "n": 64,
          "mean": 0.0014456875,
          "median": 0.000167,
          "min": 0.000103,
          "max": 0.017374
        },
        "time_appconnect": {
          "n": 64,
          "mean": 0.18994093750000002,
          "median": 0.129425,
          "min": 0.076933,
          "max": 0.972318
        },
        "time_starttransfer": {
          "n": 64,
          "mean": 0.767566078125,
          "median": 0.728245,
          "min": 0.528232,
          "max": 1.665797
        },
        "server_stage_estimate": {
          "n": 64,
          "mean": 0.577625140625,
          "median": 0.5959019999999999,
          "min": 0.31547099999999995,
          "max": 0.930116
        }
      },
      "witness_depth_window_sec": 60.0,
      "witness_depth60s": {
        "n": 64,
        "mean": 0.0,
        "median": 0.0,
        "min": 0,
        "max": 0
      },
      "lag_by_size_terciles": {
        "n": 64,
        "bins": [
          {
            "bin": "low",
            "n": 21,
            "signal_range": [
              389.0,
              389.0
            ],
            "lag_mean": 0.7776701904761906,
            "lag_median": 0.71007
          },
          {
            "bin": "mid",
            "n": 21,
            "signal_range": [
              389.0,
              389.0
            ],
            "lag_mean": 0.757158619047619,
            "lag_median": 0.73746
          },
          {
            "bin": "high",
            "n": 22,
            "signal_range": [
              389.0,
              389.0
            ],
            "lag_mean": 0.7708426363636364,
            "lag_median": 0.743171
          }
        ]
      },
      "lag_by_depth60s_terciles": {
        "n": 64,
        "bins": [
          {
            "bin": "low",
            "n": 21,
            "signal_range": [
              0.0,
              0.0
            ],
            "lag_mean": 0.7776701904761906,
            "lag_median": 0.71007
          },
          {
            "bin": "mid",
            "n": 21,
            "signal_range": [
              0.0,
              0.0
            ],
            "lag_mean": 0.757158619047619,
            "lag_median": 0.73746
          },
          {
            "bin": "high",
            "n": 22,
            "signal_range": [
              0.0,
              0.0
            ],
            "lag_mean": 0.7708426363636364,
            "lag_median": 0.743171
          }
        ]
      },
      "lag_by_session_progress_terciles": {
        "n": 64,
        "bins": [
          {
            "bin": "low",
            "n": 21,
            "signal_range": [
              0.0,
              0.31746031746031744
            ],
            "lag_mean": 0.7776701904761906,
            "lag_median": 0.71007
          },
          {
            "bin": "mid",
            "n": 21,
            "signal_range": [
              0.3333333333333333,
              0.6507936507936508
            ],
            "lag_mean": 0.757158619047619,
            "lag_median": 0.73746
          },
          {
            "bin": "high",
            "n": 22,
            "signal_range": [
              0.6666666666666666,
              1.0
            ],
            "lag_mean": 0.7708426363636364,
            "lag_median": 0.743171
          }
        ]
      },
      "lag_by_conversation_depth180s_terciles": {
        "n": 64,
        "bins": [
          {
            "bin": "low",
            "n": 21,
            "signal_range": [
              0.0,
              0.0
            ],
            "lag_mean": 0.7776701904761906,
            "lag_median": 0.71007
          },
          {
            "bin": "mid",
            "n": 21,
            "signal_range": [
              0.0,
              0.0
            ],
            "lag_mean": 0.757158619047619,
            "lag_median": 0.73746
          },
          {
            "bin": "high",
            "n": 22,
            "signal_range": [
              0.0,
              0.0
            ],
            "lag_mean": 0.7708426363636364,
            "lag_median": 0.743171
          }
        ]
      },
      "lag_by_last_text_len_terciles": {
        "n": 0,
        "bins": []
      },
      "lag_by_last_assistant_text_len_terciles": {
        "n": 0,
        "bins": []
      },
      "witness_by_host": {
        "gemini.google.com": {
          "events": 0
        }
      },
      "conversation_by_host": {
        "gemini.google.com": {
          "events": 0
        }
      },
      "conversation_depth_window_sec": 180.0,
      "system_context_correlation": {
        "lag_vs_cpu_pearson": 0.21480506896782717,
        "lag_vs_mem_pearson": 0.19929468347099352,
        "lag_vs_swap_pearson": -0.029185854714321138,
        "lag_vs_phi_pearson": null,
        "lag_vs_psi_pearson": 3.217847815622303e-17,
        "lag_vs_sigma_pearson": null,
        "lag_vs_epsilon_pearson": -2.0916010801544972e-17,
        "lag_vs_quadruple_pearson": -2.0916010801544972e-17,
        "lag_vs_size_download_pearson": null,
        "lag_vs_time_connect_pearson": 0.5431190860864396,
        "lag_vs_time_appconnect_pearson": 0.8236942636847833,
        "lag_vs_time_starttransfer_pearson": 0.9999056324988316,
        "lag_vs_server_stage_pearson": 0.6510571462188013,
        "lag_vs_witness_depth60s_pearson": null,
        "lag_vs_session_progress_pearson": 0.0388305622746922,
        "lag_vs_conversation_depth180s_pearson": null,
        "lag_vs_last_text_len_pearson": null,
        "lag_vs_last_assistant_text_len_pearson": null,
        "pairs_used_system": 64,
        "pairs_used_quadruple": 64,
        "pairs_used_size": 64,
        "pairs_used_transport": 64,
        "pairs_used_depth": 64,
        "pairs_used_progress": 64,
        "pairs_used_conversation_depth": 64,
        "pairs_used_last_text_len": 0,
        "pairs_used_last_assistant_text_len": 0
      }
    },
    "https://www.perplexity.ai/|direct": {
      "n": 64,
      "median": 0.2025535,
      "p95": 0.556757,
      "p99": 0.724628,
      "max": 0.778004,
      "count_over_1s": 0,
      "count_over_2s": 0,
      "max_probe_gap_sec": 15.0712890625,
      "count_probe_gaps_over_threshold": 1,
      "probe_gap_threshold_sec": 12.0,
      "lag_event_count_at_p95_or_higher": 4,
      "top_spikes": [
        {
          "timestamp_utc": "2026-02-20T19:58:13.550142Z",
          "t_rel_sec": 599.145391,
          "time_total": 0.778004,
          "http_code": 403,
          "size_download": 7024,
          "time_starttransfer": 0.777837,
          "ok": true,
          "error": "",
          "sector15_tod_utc": 13,
          "house12_2h_utc": 10
        },
        {
          "timestamp_utc": "2026-02-20T19:56:57.742635Z",
          "t_rel_sec": 523.337878,
          "time_total": 0.724628,
          "http_code": 403,
          "size_download": 7067,
          "time_starttransfer": 0.724516,
          "ok": true,
          "error": "",
          "sector15_tod_utc": 13,
          "house12_2h_utc": 10
        },
        {
          "timestamp_utc": "2026-02-20T19:50:04.584404Z",
          "t_rel_sec": 110.179646,
          "time_total": 0.616783,
          "http_code": 403,
          "size_download": 7067,
          "time_starttransfer": 0.616643,
          "ok": true,
          "error": "",
          "sector15_tod_utc": 13,
          "house12_2h_utc": 10
        },
        {
          "timestamp_utc": "2026-02-20T19:50:24.466296Z",
          "t_rel_sec": 130.061555,
          "time_total": 0.556757,
          "http_code": 403,
          "size_download": 7067,
          "time_starttransfer": 0.55664,
          "ok": true,
          "error": "",
          "sector15_tod_utc": 13,
          "house12_2h_utc": 10
        },
        {
          "timestamp_utc": "2026-02-20T19:56:02.439136Z",
          "t_rel_sec": 468.034377,
          "time_total": 0.469183,
          "http_code": 403,
          "size_download": 7067,
          "time_starttransfer": 0.469077,
          "ok": true,
          "error": "",
          "sector15_tod_utc": 13,
          "house12_2h_utc": 10
        }
      ],
      "top_probe_gaps": [
        {
          "gap_sec": 15.0712890625,
          "prev_timestamp_utc": "2026-02-20T19:48:25.911957Z",
          "next_timestamp_utc": "2026-02-20T19:48:40.983246Z",
          "prev_t_rel_sec": 11.507202,
          "next_t_rel_sec": 26.578491,
          "prev_time_total": 0.203658,
          "next_time_total": 0.145116,
          "sector15_prev": 13,
          "sector15_next": 13
        }
      ],
      "sector15_all_top": [
        {
          "bucket": 13,
          "count": 64
        }
      ],
      "sector15_lag_top": [
        {
          "bucket": 13,
          "count": 4
        }
      ],
      "house12_all_top": [
        {
          "bucket": 10,
          "count": 64
        }
      ],
      "house12_lag_top": [
        {
          "bucket": 10,
          "count": 4
        }
      ],
      "response_size_bytes": {
        "n": 64,
        "mean": 7049.296875,
        "median": 7045.0,
        "min": 7024.0,
        "max": 7067.0
      },
      "transport_timing_sec": {
        "time_connect": {
          "n": 64,
          "mean": 0.030277328125000006,
          "median": 0.0202145,
          "min": 0.014579,
          "max": 0.235434
        },
        "time_appconnect": {
          "n": 64,
          "mean": 0.21221109375,
          "median": 0.17189,
          "min": 0.102568,
          "max": 0.745203
        },
        "time_starttransfer": {
          "n": 64,
          "mean": 0.248802609375,
          "median": 0.2011575,
          "min": 0.129506,
          "max": 0.777837
        },
        "server_stage_estimate": {
          "n": 64,
          "mean": 0.03659151562500001,
          "median": 0.02886599999999999,
          "min": 0.01897399999999999,
          "max": 0.256733
        }
      },
      "witness_depth_window_sec": 60.0,
      "witness_depth60s": {
        "n": 64,
        "mean": 0.0,
        "median": 0.0,
        "min": 0,
        "max": 0
      },
      "lag_by_size_terciles": {
        "n": 64,
        "bins": [
          {
            "bin": "low",
            "n": 21,
            "signal_range": [
              7024.0,
              7045.0
            ],
            "lag_mean": 0.25703042857142855,
            "lag_median": 0.217574
          },
          {
            "bin": "mid",
            "n": 21,
            "signal_range": [
              7045.0,
              7067.0
            ],
            "lag_mean": 0.22127038095238094,
            "lag_median": 0.18338
          },
          {
            "bin": "high",
            "n": 22,
            "signal_range": [
              7067.0,
              7067.0
            ],
            "lag_mean": 0.2718022272727273,
            "lag_median": 0.175518
          }
        ]
      },
      "lag_by_depth60s_terciles": {
        "n": 64,
        "bins": [
          {
            "bin": "low",
            "n": 21,
            "signal_range": [
              0.0,
              0.0
            ],
            "lag_mean": 0.2555203333333333,
            "lag_median": 0.217574
          },
          {
            "bin": "mid",
            "n": 21,
            "signal_range": [
              0.0,
              0.0
            ],
            "lag_mean": 0.25172452380952376,
            "lag_median": 0.242841
          },
          {
            "bin": "high",
            "n": 22,
            "signal_range": [
              0.0,
              0.0
            ],
            "lag_mean": 0.2441738181818182,
            "lag_median": 0.17008
          }
        ]
      },
      "lag_by_session_progress_terciles": {
        "n": 64,
        "bins": [
          {
            "bin": "low",
            "n": 21,
            "signal_range": [
              0.0,
              0.31746031746031744
            ],
            "lag_mean": 0.2555203333333333,
            "lag_median": 0.217574
          },
          {
            "bin": "mid",
            "n": 21,
            "signal_range": [
              0.3333333333333333,
              0.6507936507936508
            ],
            "lag_mean": 0.25172452380952376,
            "lag_median": 0.242841
          },
          {
            "bin": "high",
            "n": 22,
            "signal_range": [
              0.6666666666666666,
              1.0
            ],
            "lag_mean": 0.2441738181818182,
            "lag_median": 0.17008
          }
        ]
      },
      "lag_by_conversation_depth180s_terciles": {
        "n": 64,
        "bins": [
          {
            "bin": "low",
            "n": 21,
            "signal_range": [
              0.0,
              0.0
            ],
            "lag_mean": 0.2555203333333333,
            "lag_median": 0.217574
          },
          {
            "bin": "mid",
            "n": 21,
            "signal_range": [
              0.0,
              0.0
            ],
            "lag_mean": 0.25172452380952376,
            "lag_median": 0.242841
          },
          {
            "bin": "high",
            "n": 22,
            "signal_range": [
              0.0,
              0.0
            ],
            "lag_mean": 0.2441738181818182,
            "lag_median": 0.17008
          }
        ]
      },
      "lag_by_last_text_len_terciles": {
        "n": 0,
        "bins": []
      },
      "lag_by_last_assistant_text_len_terciles": {
        "n": 0,
        "bins": []
      },
      "witness_by_host": {
        "www.perplexity.ai": {
          "events": 0
        }
      },
      "conversation_by_host": {
        "www.perplexity.ai": {
          "events": 0
        }
      },
      "conversation_depth_window_sec": 180.0,
      "system_context_correlation": {
        "lag_vs_cpu_pearson": 0.3861315324749423,
        "lag_vs_mem_pearson": 0.14330541969748348,
        "lag_vs_swap_pearson": -0.04518256795239446,
        "lag_vs_phi_pearson": null,
        "lag_vs_psi_pearson": 2.545524477383889e-16,
        "lag_vs_sigma_pearson": null,
        "lag_vs_epsilon_pearson": -2.3418825191931775e-16,
        "lag_vs_quadruple_pearson": -2.3418825191931775e-16,
        "lag_vs_size_download_pearson": 0.01913898671630901,
        "lag_vs_time_connect_pearson": 0.30462468847239116,
        "lag_vs_time_appconnect_pearson": 0.9669352655273852,
        "lag_vs_time_starttransfer_pearson": 0.998490964723769,
        "lag_vs_server_stage_pearson": 0.26809730241726254,
        "lag_vs_witness_depth60s_pearson": null,
        "lag_vs_session_progress_pearson": -0.007313498044947848,
        "lag_vs_conversation_depth180s_pearson": null,
        "lag_vs_last_text_len_pearson": null,
        "lag_vs_last_assistant_text_len_pearson": null,
        "pairs_used_system": 64,
        "pairs_used_quadruple": 64,
        "pairs_used_size": 64,
        "pairs_used_transport": 64,
        "pairs_used_depth": 64,
        "pairs_used_progress": 64,
        "pairs_used_conversation_depth": 64,
        "pairs_used_last_text_len": 0,
        "pairs_used_last_assistant_text_len": 0
      }
    },
    "https://www.perplexity.ai/|proxy": {
      "n": 64,
      "median": 0.237921,
      "p95": 0.495894,
      "p99": 0.519813,
      "max": 1.410361,
      "count_over_1s": 1,
      "count_over_2s": 0,
      "max_probe_gap_sec": 14.953237056732178,
      "count_probe_gaps_over_threshold": 1,
      "probe_gap_threshold_sec": 12.0,
      "lag_event_count_at_p95_or_higher": 4,
      "top_spikes": [
        {
          "timestamp_utc": "2026-02-20T19:51:42.675932Z",
          "t_rel_sec": 208.271174,
          "time_total": 1.410361,
          "http_code": 403,
          "size_download": 9179,
          "time_starttransfer": 1.410272,
          "ok": true,
          "error": "",
          "sector15_tod_utc": 13,
          "house12_2h_utc": 10
        },
        {
          "timestamp_utc": "2026-02-20T19:53:54.953647Z",
          "t_rel_sec": 340.548895,
          "time_total": 0.519813,
          "http_code": 403,
          "size_download": 9200,
          "time_starttransfer": 0.519662,
          "ok": true,
          "error": "",
          "sector15_tod_utc": 13,
          "house12_2h_utc": 10
        },
        {
          "timestamp_utc": "2026-02-20T19:50:05.139234Z",
          "t_rel_sec": 110.734478,
          "time_total": 0.496803,
          "http_code": 403,
          "size_download": 9243,
          "time_starttransfer": 0.496393,
          "ok": true,
          "error": "",
          "sector15_tod_utc": 13,
          "house12_2h_utc": 10
        },
        {
          "timestamp_utc": "2026-02-20T19:54:40.945493Z",
          "t_rel_sec": 386.540744,
          "time_total": 0.495894,
          "http_code": 403,
          "size_download": 9222,
          "time_starttransfer": 0.495797,
          "ok": true,
          "error": "",
          "sector15_tod_utc": 13,
          "house12_2h_utc": 10
        },
        {
          "timestamp_utc": "2026-02-20T19:56:02.956198Z",
          "t_rel_sec": 468.551451,
          "time_total": 0.46607,
          "http_code": 403,
          "size_download": 9179,
          "time_starttransfer": 0.46224,
          "ok": true,
          "error": "",
          "sector15_tod_utc": 13,
          "house12_2h_utc": 10
        }
      ],
      "top_probe_gaps": [
        {
          "gap_sec": 14.953237056732178,
          "prev_timestamp_utc": "2026-02-20T19:48:26.198575Z",
          "next_timestamp_utc": "2026-02-20T19:48:41.151812Z",
          "prev_t_rel_sec": 11.793819,
          "next_t_rel_sec": 26.747055,
          "prev_time_total": 0.210076,
          "next_time_total": 0.158552,
          "sector15_prev": 13,
          "sector15_next": 13
        }
      ],
      "sector15_all_top": [
        {
          "bucket": 13,
          "count": 64
        }
      ],
      "sector15_lag_top": [
        {
          "bucket": 13,
          "count": 4
        }
      ],
      "house12_all_top": [
        {
          "bucket": 10,
          "count": 64
        }
      ],
      "house12_lag_top": [
        {
          "bucket": 10,
          "count": 4
        }
      ],
      "response_size_bytes": {
        "n": 64,
        "mean": 9217.421875,
        "median": 9222.0,
        "min": 9179.0,
        "max": 9243.0
      },
      "transport_timing_sec": {
        "time_connect": {
          "n": 64,
          "mean": 0.0013790468750000003,
          "median": 0.0011015,
          "min": 0.000135,
          "max": 0.012422
        },
        "time_appconnect": {
          "n": 64,
          "mean": 0.14067846874999998,
          "median": 0.1204465,
          "min": 0.072371,
          "max": 0.377085
        },
        "time_starttransfer": {
          "n": 64,
          "mean": 0.29114084375000004,
          "median": 0.23769,
          "min": 0.158357,
          "max": 1.410272
        },
        "server_stage_estimate": {
          "n": 64,
          "mean": 0.15046237499999998,
          "median": 0.118401,
          "min": 0.012738,
          "max": 1.0331869999999999
        }
      },
      "witness_depth_window_sec": 60.0,
      "witness_depth60s": {
        "n": 64,
        "mean": 0.0,
        "median": 0.0,
        "min": 0,
        "max": 0
      },
      "lag_by_size_terciles": {
        "n": 64,
        "bins": [
          {
            "bin": "low",
            "n": 21,
            "signal_range": [
              9179.0,
              9222.0
            ],
            "lag_mean": 0.3432278095238095,
            "lag_median": 0.270913
          },
          {
            "bin": "mid",
            "n": 21,
            "signal_range": [
              9222.0,
              9222.0
            ],
            "lag_mean": 0.25453419047619047,
            "lag_median": 0.21998
          },
          {
            "bin": "high",
            "n": 22,
            "signal_range": [
              9222.0,
              9243.0
            ],
            "lag_mean": 0.2799778181818182,
            "lag_median": 0.2285845
          }
        ]
      },
      "lag_by_depth60s_terciles": {
        "n": 64,
        "bins": [
          {
            "bin": "low",
            "n": 21,
            "signal_range": [
              0.0,
              0.0
            ],
            "lag_mean": 0.26348857142857146,
            "lag_median": 0.23597
          },
          {
            "bin": "mid",
            "n": 21,
            "signal_range": [
              0.0,
              0.0
            ],
            "lag_mean": 0.34979266666666664,
            "lag_median": 0.284441
          },
          {
            "bin": "high",
            "n": 22,
            "signal_range": [
              0.0,
              0.0
            ],
            "lag_mean": 0.265164,
            "lag_median": 0.22611199999999998
          }
        ]
      },
      "lag_by_session_progress_terciles": {
        "n": 64,
        "bins": [
          {
            "bin": "low",
            "n": 21,
            "signal_range": [
              0.0,
              0.31746031746031744
            ],
            "lag_mean": 0.26348857142857146,
            "lag_median": 0.23597
          },
          {
            "bin": "mid",
            "n": 21,
            "signal_range": [
              0.3333333333333333,
              0.6507936507936508
            ],
            "lag_mean": 0.34979266666666664,
            "lag_median": 0.284441
          },
          {
            "bin": "high",
            "n": 22,
            "signal_range": [
              0.6666666666666666,
              1.0
            ],
            "lag_mean": 0.265164,
            "lag_median": 0.22611199999999998
          }
        ]
      },
      "lag_by_conversation_depth180s_terciles": {
        "n": 64,
        "bins": [
          {
            "bin": "low",
            "n": 21,
            "signal_range": [
              0.0,
              0.0
            ],
            "lag_mean": 0.26348857142857146,
            "lag_median": 0.23597
          },
          {
            "bin": "mid",
            "n": 21,
            "signal_range": [
              0.0,
              0.0
            ],
            "lag_mean": 0.34979266666666664,
            "lag_median": 0.284441
          },
          {
            "bin": "high",
            "n": 22,
            "signal_range": [
              0.0,
              0.0
            ],
            "lag_mean": 0.265164,
            "lag_median": 0.22611199999999998
          }
        ]
      },
      "lag_by_last_text_len_terciles": {
        "n": 0,
        "bins": []
      },
      "lag_by_last_assistant_text_len_terciles": {
        "n": 0,
        "bins": []
      },
      "witness_by_host": {
        "www.perplexity.ai": {
          "events": 0
        }
      },
      "conversation_by_host": {
        "www.perplexity.ai": {
          "events": 0
        }
      },
      "conversation_depth_window_sec": 180.0,
      "system_context_correlation": {
        "lag_vs_cpu_pearson": 0.16469784574777024,
        "lag_vs_mem_pearson": 0.19124048648924405,
        "lag_vs_swap_pearson": 0.03114727002428006,
        "lag_vs_phi_pearson": null,
        "lag_vs_psi_pearson": -2.349809610123291e-16,
        "lag_vs_sigma_pearson": null,
        "lag_vs_epsilon_pearson": 2.339366011856076e-16,
        "lag_vs_quadruple_pearson": 2.339366011856076e-16,
        "lag_vs_size_download_pearson": -0.32950300663197774,
        "lag_vs_time_connect_pearson": 0.12163370612715971,
        "lag_vs_time_appconnect_pearson": 0.726032256674073,
        "lag_vs_time_starttransfer_pearson": 0.9999143002459198,
        "lag_vs_server_stage_pearson": 0.9383593467408202,
        "lag_vs_witness_depth60s_pearson": null,
        "lag_vs_session_progress_pearson": -0.027582358913492297,
        "lag_vs_conversation_depth180s_pearson": null,
        "lag_vs_last_text_len_pearson": null,
        "lag_vs_last_assistant_text_len_pearson": null,
        "pairs_used_system": 64,
        "pairs_used_quadruple": 64,
        "pairs_used_size": 64,
        "pairs_used_transport": 64,
        "pairs_used_depth": 64,
        "pairs_used_progress": 64,
        "pairs_used_conversation_depth": 64,
        "pairs_used_last_text_len": 0,
        "pairs_used_last_assistant_text_len": 0
      }
    }
  },
  "focused_compare": {
    "https://claude.ai/": {
      "median_delta_proxy_minus_direct": 0.042488499999999985,
      "p95_delta_proxy_minus_direct": 0.18776100000000007,
      "max_delta_proxy_minus_direct": -4.733885,
      "direct_count_over_1s": 1,
      "proxy_count_over_1s": 0,
      "direct_gap_events": 1,
      "proxy_gap_events": 2,
      "lag_vs_cpu_pearson": 0.15692573557761053,
      "lag_vs_depth60s_pearson": null,
      "lag_vs_size_download_pearson": 0.05561763169803389,
      "lag_vs_session_progress_pearson": -0.03627505884298057,
      "lag_vs_conversation_depth180s_pearson": null,
      "lag_vs_last_text_len_pearson": null
    },
    "https://gemini.google.com/": {
      "median_delta_proxy_minus_direct": 0.02146250000000005,
      "p95_delta_proxy_minus_direct": 0.13476100000000013,
      "max_delta_proxy_minus_direct": -0.0068749999999999645,
      "direct_count_over_1s": 7,
      "proxy_count_over_1s": 8,
      "direct_gap_events": 1,
      "proxy_gap_events": 1,
      "lag_vs_cpu_pearson": 0.21480506896782717,
      "lag_vs_depth60s_pearson": null,
      "lag_vs_size_download_pearson": null,
      "lag_vs_session_progress_pearson": 0.0388305622746922,
      "lag_vs_conversation_depth180s_pearson": null,
      "lag_vs_last_text_len_pearson": null
    },
    "https://www.perplexity.ai/": {
      "median_delta_proxy_minus_direct": 0.035367499999999996,
      "p95_delta_proxy_minus_direct": -0.060862999999999945,
      "max_delta_proxy_minus_direct": 0.632357,
      "direct_count_over_1s": 0,
      "proxy_count_over_1s": 1,
      "direct_gap_events": 1,
      "proxy_gap_events": 1,
      "lag_vs_cpu_pearson": 0.16469784574777024,
      "lag_vs_depth60s_pearson": null,
      "lag_vs_size_download_pearson": -0.32950300663197774,
      "lag_vs_session_progress_pearson": -0.027582358913492297,
      "lag_vs_conversation_depth180s_pearson": null,
      "lag_vs_last_text_len_pearson": null
    }
  },
  "aggregation_guardrail": {
    "per_instance": {
      "https://claude.ai/": {
        "host": "claude.ai",
        "instance_direct": "claude.ai|direct",
        "instance_proxy": "claude.ai|proxy",
        "median_delta_proxy_minus_direct": 0.042488499999999985,
        "p95_delta_proxy_minus_direct": 0.18776100000000007,
        "direct_count_over_1s": 1,
        "proxy_count_over_1s": 0
      },
      "https://gemini.google.com/": {
        "host": "gemini.google.com",
        "instance_direct": "gemini.google.com|direct",
        "instance_proxy": "gemini.google.com|proxy",
        "median_delta_proxy_minus_direct": 0.02146250000000005,
        "p95_delta_proxy_minus_direct": 0.13476100000000013,
        "direct_count_over_1s": 7,
        "proxy_count_over_1s": 8
      },
      "https://www.perplexity.ai/": {
        "host": "www.perplexity.ai",
        "instance_direct": "www.perplexity.ai|direct",
        "instance_proxy": "www.perplexity.ai|proxy",
        "median_delta_proxy_minus_direct": 0.035367499999999996,
        "p95_delta_proxy_minus_direct": -0.060862999999999945,
        "direct_count_over_1s": 0,
        "proxy_count_over_1s": 1
      }
    },
    "naive_global_aggregate": {
      "n_direct": 192,
      "n_proxy": 192,
      "median_direct": 0.26665300000000003,
      "median_proxy": 0.30618449999999997,
      "median_delta_proxy_minus_direct": 0.03953149999999994,
      "p95_direct": 0.860906,
      "p95_proxy": 0.872538,
      "p95_delta_proxy_minus_direct": 0.011632000000000087
    },
    "diagnostics": {
      "instance_count": 3,
      "overhead_positive_instances": 3,
      "overhead_negative_instances": 0,
      "overhead_spread_range_sec": 0.021025999999999934,
      "overhead_abs_median_sec": 0.035367499999999996,
      "sign_divergence": false,
      "collapse_warning": false,
      "rule": "warning when per-instance signs diverge or global median delta is too small relative to cross-instance spread"
    }
  },
  "cross_webapp_spike_synchrony": {
    "direct": {
      "a_spikes": 4,
      "b_spikes": 4,
      "a_spikes_overlapping_b": 0,
      "overlap_ratio_vs_a": 0.0,
      "tolerance_sec": 5.0
    },
    "proxy": {
      "a_spikes": 4,
      "b_spikes": 4,
      "a_spikes_overlapping_b": 0,
      "overlap_ratio_vs_a": 0.0,
      "tolerance_sec": 5.0
    }
  },
  "sector15_sample_top": [
    {
      "bucket": 13,
      "count": 360
    }
  ],
  "sector15_probe_top": [
    {
      "bucket": 13,
      "count": 384
    }
  ],
  "system_context": {
    "event_rows_total": 744,
    "sample_rows": 360,
    "probe_rows": 384,
    "cpu_percent_max": 100.0,
    "mem_percent_max": 80.4,
    "swap_percent_max": 48.9,
    "ethics_snapshots_window": 42
  },
  "paths": {
    "json": "reports_runtime/federation_dual_webapp_lag_gap_analysis_20260220T205508Z.json",
    "md": "reports_runtime/federation_dual_webapp_lag_gap_analysis_20260220T205508Z.md"
  }
}
