{
  "window_utc": {
    "start": "2026-02-20T19:48:14.404781+00:00",
    "end": "2026-02-20T19:58:19.669022+00:00"
  },
  "sources": {
    "federated_ethics_status_glob": "reports_runtime/federated_ethics_bridge_status_20260220T19*.json",
    "core_services": "reports_runtime/core_services_recheck_tzfix_20260220T195010Z.json",
    "watchdog_supervisor": [
      "reports_runtime/watchdog_supervisor_20260220T194958Z.json",
      "reports_runtime/watchdog_supervisor_20260220T195459Z.json"
    ],
    "qdrant_registry": "reports_runtime/qdrant_live_registry_20260220T195038Z.json",
    "capture_jsonl": "reports_runtime/federation_proxy_latency_window_20260220T194814Z.jsonl"
  },
  "federated_ethics_continuity": {
    "rows": 30,
    "first_ts": "2026-02-20T19:48:23.529951+00:00",
    "last_ts": "2026-02-20T19:58:14.670119+00:00",
    "gap_sec_min": 20.218013,
    "gap_sec_median": 20.326777,
    "gap_sec_max": 21.703138,
    "is_active_unique": [
      true
    ],
    "active_wrappers_unique": [
      4
    ],
    "federation_nodes_unique": [
      5
    ],
    "zephyrix_hot_unique": [
      true
    ],
    "zephyrix_temp_unique": [
      0.95
    ],
    "zephyrix_resonance_unique": [
      75.37
    ],
    "network_total_nodes_unique": [
      650
    ],
    "network_active_vectors_unique": [
      119758,
      119760,
      119762
    ],
    "host_claude_phi_unique": [
      10.0
    ],
    "host_perplexity_phi_unique": [
      10.0
    ],
    "host_gemini_phi_unique": [
      10.0
    ],
    "host_claude_quad_unique": [
      1.4
    ],
    "host_perplexity_quad_unique": [
      1.4
    ],
    "host_gemini_quad_unique": [
      1.4
    ],
    "zephyrix_phi_unique": [
      10.0
    ],
    "zephyrix_quad_unique": [
      5.821200000000001
    ],
    "uptime_delta_sec": 590.9550757408142,
    "energy_delta_j": 3.5450999999884516
  },
  "core_service_status_snapshot": {
    "timestamp_utc": "2026-02-20T19:50:10.761910+00:00",
    "summary": {
      "process_groups_running": 12,
      "process_groups_checked": 12,
      "logs_active_inferred": 11,
      "logs_checked": 11,
      "logs_active_inferred_optional": 0,
      "logs_checked_optional": 0,
      "logs_with_errors": 0,
      "total_error_like_last_window": 0,
      "ports_open_count": 10,
      "ports_checked": 11,
      "issues_detected": 0
    },
    "process_status": {
      "sovereign_daemon": {
        "running": true,
        "count": 2,
        "matches": [
          "1792978    5374 unshare --mount --uts --ipc --fork bash -c      source \"/home/fahbrain/projects/omnimind/.venv/bin/activate\"     exec \"/home/fahbrain/projects/omnimind/.venv/bin/python3\" -B \"/home/fahbrain/projects/omnimind/scripts/sovereign/sovereign_daemon.py\"",
          "1792979    5374 /home/fahbrain/projects/omnimind/.venv/bin/python3 -B /home/fahbrain/projects/omnimind/scripts/sovereign/sovereign_daemon.py"
        ]
      },
      "sovereign_unit": {
        "running": true,
        "count": 2,
        "matches": [
          "982510  397949 /usr/bin/python3 /home/fahbrain/projects/omnimind/scripts/sovereign/soul_monitor.py",
          "1863139    4590 /home/fahbrain/projects/omnimind/.venv/bin/python3 /home/fahbrain/projects/omnimind/scripts/sovereign/sovereign_daemon_54.py"
        ]
      },
      "sovereign_gemelo": {
        "running": true,
        "count": 1,
        "matches": [
          "982522  397949 /home/fahbrain/projects/omnimind/.venv/bin/python3 /home/fahbrain/projects/omnimind/scripts/sovereign/vagus_nerve.py"
        ]
      },
      "autonomous_loop_unit": {
        "running": true,
        "count": 1,
        "matches": [
          "733365   63262 /home/fahbrain/projects/omnimind/.venv/bin/python3 src/autonomous/loop_controller.py"
        ]
      },
      "mcp_dodecatiad_orchestrator": {
        "running": true,
        "count": 2,
        "matches": [
          "1157193  293331 /bin/bash /home/fahbrain/projects/omnimind/scripts/start_mcp_dodecatiad.sh",
          "1158256  293306 /home/fahbrain/projects/omnimind/.venv/bin/python /home/fahbrain/projects/omnimind/src/integrations/mcp_dodecatiad_orchestrator.py"
        ]
      },
      "mcp_dodecatiad_persistence": {
        "running": true,
        "count": 1,
        "matches": [
          "1157603  293321 /home/fahbrain/projects/omnimind/.venv/bin/python /home/fahbrain/projects/omnimind/src/integrations/mcp_dodecatiad_persistence.py"
        ]
      },
      "mcp_quantum_server": {
        "running": true,
        "count": 1,
        "matches": [
          "1158421  293301 /home/fahbrain/projects/omnimind/.venv/bin/python /home/fahbrain/projects/omnimind/src/integrations/mcp_quantum_server.py"
        ]
      },
      "mcp_quantum_resonance": {
        "running": true,
        "count": 1,
        "matches": [
          "1157835  293316 /home/fahbrain/projects/omnimind/.venv/bin/python /home/fahbrain/projects/omnimind/src/integrations/mcp_quantum_resonance.py"
        ]
      },
      "mcp_quantum_sentinel": {
        "running": true,
        "count": 1,
        "matches": [
          "1158598  293294 /home/fahbrain/projects/omnimind/.venv/bin/python /home/fahbrain/projects/omnimind/src/integrations/mcp_quantum_sentinel.py"
        ]
      },
      "network_sovereign": {
        "running": true,
        "count": 1,
        "matches": [
          "3833121  330054 /home/fahbrain/projects/omnimind/.venv/bin/python3 /home/fahbrain/projects/omnimind/scripts/security/omnimind_network_sovereign.py"
        ]
      },
      "qdrant": {
        "running": true,
        "count": 1,
        "matches": [
          "706444  708773 /usr/bin/qdrant"
        ]
      },
      "backend_light": {
        "running": true,
        "count": 2,
        "matches": [
          "982297  397954 /home/fahbrain/projects/omnimind/.venv/bin/python -m uvicorn web.backend.main_minimal:app --host 127.0.0.1 --port 3000",
          "982949  397939 /home/fahbrain/projects/omnimind/.venv/bin/python -m uvicorn web.backend.main_minimal:app --host 127.0.0.1 --port 8000"
        ]
      }
    },
    "systemd_units_focus": {
      "mcp-dodecatiad-orchestrator.service": {
        "active": "active",
        "enabled": "enabled"
      },
      "mcp-dodecatiad-persistence.service": {
        "active": "active",
        "enabled": "enabled"
      },
      "omnimind-mcp-dodecatiad.service": {
        "active": "active",
        "enabled": "enabled"
      },
      "omnimind-solar.service": {
        "active": "active",
        "enabled": "enabled"
      },
      "omnimind-cosmic.service": {
        "active": "active",
        "enabled": "enabled"
      },
      "omnimind-unified-capture.service": {
        "active": "active",
        "enabled": "enabled"
      },
      "omnimind_witness.service": {
        "active": "active",
        "enabled": "enabled"
      },
      "omnimind-proxy-explicit-1455.service": {
        "active": "active",
        "enabled": "enabled"
      },
      "omnimind_proxy.service": {
        "active": "active",
        "enabled": "enabled"
      },
      "omnimind-federation-watcher.service": {
        "active": "active",
        "enabled": "static"
      },
      "omnimind-local-federation.service": {
        "active": "active",
        "enabled": "enabled"
      }
    },
    "port_status": {
      "3000": true,
      "8000": true,
      "6333": true,
      "6334": true,
      "4331": true,
      "4332": false,
      "4333": true,
      "4334": true,
      "4335": true,
      "4336": true,
      "4337": true
    }
  },
  "watchdog_context": [
    {
      "file": "watchdog_supervisor_20260220T194958Z.json",
      "timestamp": "2026-02-20T19:50:04Z",
      "disk_under_threshold": [],
      "core_units_active": {
        "omnimind-sovereign.service": true,
        "omnimind-sovereign-gemelo.service": true,
        "omnimind-network-sovereign.service": true,
        "omnimind-mcp-dodecatiad.service": true,
        "qdrant.service": true,
        "redis.service": true
      },
      "storage_watchdog": {
        "ran": true,
        "autoreroute": false,
        "new_report_json": "/home/fahbrain/projects/omnimind/reports_runtime/storage_watchdog_20260220T194959Z.json",
        "triggered": [],
        "reroute_actions": []
      },
      "actions": []
    },
    {
      "file": "watchdog_supervisor_20260220T195459Z.json",
      "timestamp": "2026-02-20T19:55:06Z",
      "disk_under_threshold": [],
      "core_units_active": {
        "omnimind-sovereign.service": true,
        "omnimind-sovereign-gemelo.service": true,
        "omnimind-network-sovereign.service": true,
        "omnimind-mcp-dodecatiad.service": true,
        "qdrant.service": true,
        "redis.service": true
      },
      "storage_watchdog": {
        "ran": true,
        "autoreroute": false,
        "new_report_json": "/home/fahbrain/projects/omnimind/reports_runtime/storage_watchdog_20260220T195500Z.json",
        "triggered": [],
        "reroute_actions": []
      },
      "actions": []
    }
  ],
  "qdrant_context": {
    "timestamp": "20260220T195038Z",
    "source": "omnimind_nuclear_live_ingestion",
    "local_ok": true,
    "collection_count": 184,
    "astro_orbital": {
      "count": 10,
      "points_total": 593539,
      "examples": [
        {
          "name": "sdss_structures_objectlevel_live_v2",
          "points": 405000
        },
        {
          "name": "sdss_structures_objectlevel_live",
          "points": 163152
        },
        {
          "name": "astro_desi_lya_objectlevel_live",
          "points": 24724
        },
        {
          "name": "astro_brown_dwarfs_photometry_17684859_live",
          "points": 481
        },
        {
          "name": "astro_gmos_gri_fits_56059_live",
          "points": 136
        },
        {
          "name": "astro_desi_lya_sample_live",
          "points": 22
        },
        {
          "name": "astro_gmos_gri_fits_archive_56059_live",
          "points": 17
        },
        {
          "name": "phys_accelerated_structure_horizon_thermo_live",
          "points": 3
        },
        {
          "name": "astro_brown_dwarfs_photometric_17684859_live",
          "points": 2
        },
        {
          "name": "astro_extrasolar_asteroid_transits_1317527_live",
          "points": 2
        }
      ]
    },
    "dodeca_d15": {
      "count": 8,
      "points_total": 17058,
      "examples": [
        {
          "name": "dodecatiad_metrics_dynamic_logs_live",
          "points": 10536
        },
        {
          "name": "dodecatiad_metrics",
          "points": 4878
        },
        {
          "name": "bio_hiv_acquisition_meta_15houses_live",
          "points": 1500
        },
        {
          "name": "bio_hiv_gwas_ccr5_15houses_live",
          "points": 79
        },
        {
          "name": "bio_external_dm2_lupus_15houses_live",
          "points": 27
        },
        {
          "name": "bio_diabetes_t2_15houses_live",
          "points": 15
        },
        {
          "name": "bio_phagocytosis_15houses_live",
          "points": 15
        },
        {
          "name": "bio_phagocytosis_threshold_house_sweep_live",
          "points": 8
        }
      ]
    }
  },
  "capture_process_presence": {
    "sample_rows": 360,
    "groups": {
      "chrome_gpu": {
        "count_min": 1,
        "count_max": 1,
        "nonzero_rows": 360,
        "rows": 360
      },
      "chrome_main": {
        "count_min": 3,
        "count_max": 3,
        "nonzero_rows": 360,
        "rows": 360
      },
      "chrome_network": {
        "count_min": 3,
        "count_max": 3,
        "nonzero_rows": 360,
        "rows": 360
      },
      "chrome_other": {
        "count_min": 5,
        "count_max": 5,
        "nonzero_rows": 360,
        "rows": 360
      },
      "chrome_renderer": {
        "count_min": 10,
        "count_max": 13,
        "nonzero_rows": 360,
        "rows": 360
      },
      "hash_aliens_gateway": {
        "count_min": 1,
        "count_max": 1,
        "nonzero_rows": 360,
        "rows": 360
      },
      "mitmdump": {
        "count_min": 2,
        "count_max": 2,
        "nonzero_rows": 360,
        "rows": 360
      },
      "witness_sync": {
        "count_min": 2,
        "count_max": 2,
        "nonzero_rows": 360,
        "rows": 360
      }
    }
  },
  "interpretation": {
    "global_runtime_context": "active",
    "notes": [
      "Core services and witness/proxy lanes remained active during the measured window.",
      "Federated ethics snapshots were continuous (~20s cadence) through the full window.",
      "Astro/dodeca related collections and services were present; this preserves global context.",
      "This supports coupling-as-reactive-heterogeneous-process, not strict simultaneity/uniformity."
    ]
  }
}
