{
  "timestamp_utc": "2026-02-19T02:21:39.414642+00:00",
  "inputs": {
    "metrics_csv": "/home/fahbrain/projects/omnimind/reports_runtime/space_weather_merged_historical_20260209T154121Z.csv",
    "covariates_csv": "/home/fahbrain/projects/omnimind/reports_runtime/cosmic_covariates_20260219T021619Z.csv",
    "d15_train_metrics_csv": "/home/fahbrain/projects/omnimind/reports_runtime/space_weather_merged_20260209T104949Z.csv",
    "d15_train_covariates_csv": "/home/fahbrain/projects/omnimind/reports_runtime/cosmic_covariates_20260210T205330Z.csv",
    "minute_col": "minute",
    "observer_lat": -20.8113,
    "observer_lon": -49.3766
  },
  "dataset_range": {
    "min_utc": "2025-12-25 00:00:00+00:00",
    "max_utc": "2026-01-24 23:59:00+00:00",
    "rows_merged": 44640
  },
  "d15_train_dataset_range": {
    "min_utc": "2026-02-05 10:46:00+00:00",
    "max_utc": "2026-02-09 10:49:00+00:00",
    "rows_merged": 5400
  },
  "models": {
    "moon_illum_from_sun_moon": {
      "lag": 2,
      "coef_a": 0.006828855608708955,
      "coef_b": -0.11634404802323177,
      "r2_train": 0.9863361597373111,
      "n_train": 44638
    },
    "d15_rekh_from_sun_moon": {
      "lag": 1,
      "coef_a": -0.015735538793065447,
      "coef_b": 1.9178054537351428,
      "r2_train": 0.6303891432804769,
      "n_train": 5399
    }
  },
  "events_2026_predictions": {
    "Quadrantids": {
      "event_utc": "2026-01-03 18:00:00+00:00",
      "event_jd": 2461044.25,
      "sun_moon_sep_deg_real_ephemeris": 173.47389034059918,
      "pred_moon_illum_from_granger": 1.0682841009937312,
      "pred_d15_rekh_from_granger": -0.8118996773033369,
      "pred_moon_illum_clipped_01": 1.0,
      "pred_d15_rekh_clipped_01": 0.0,
      "days_ahead_from_dataset_end": -21.249305555555555,
      "in_dataset_range": true
    },
    "Venus_Occult": {
      "event_utc": "2026-06-17 12:00:00+00:00",
      "event_jd": 2461209.0,
      "sun_moon_sep_deg_real_ephemeris": 34.59660086372005,
      "pred_moon_illum_from_granger": 0.11991114382724795,
      "pred_d15_rekh_from_granger": 1.3734092987358744,
      "pred_moon_illum_clipped_01": 0.11991114382724795,
      "pred_d15_rekh_clipped_01": 1.0,
      "days_ahead_from_dataset_end": 143.50069444444443,
      "in_dataset_range": false
    },
    "Solar_Eclipse": {
      "event_utc": "2026-08-12 12:00:00+00:00",
      "event_jd": 2461265.0,
      "sun_moon_sep_deg_real_ephemeris": 3.2675761789110136,
      "pred_moon_illum_from_granger": -0.09403024210699151,
      "pred_d15_rekh_from_granger": 1.866388382012592,
      "pred_moon_illum_clipped_01": 0.0,
      "pred_d15_rekh_clipped_01": 1.0,
      "days_ahead_from_dataset_end": 199.50069444444443,
      "in_dataset_range": false
    },
    "Lunar_Eclipse": {
      "event_utc": "2026-08-28 06:00:00+00:00",
      "event_jd": 2461280.75,
      "sun_moon_sep_deg_real_ephemeris": 178.95686466970267,
      "pred_moon_illum_from_granger": 1.1057265409934367,
      "pred_d15_rekh_from_granger": -0.898177232560327,
      "pred_moon_illum_clipped_01": 1.0,
      "pred_d15_rekh_clipped_01": 0.0,
      "days_ahead_from_dataset_end": 215.25069444444443,
      "in_dataset_range": false
    },
    "Perseids_Peak": {
      "event_utc": "2026-08-13 00:00:00+00:00",
      "event_jd": 2461265.5,
      "sun_moon_sep_deg_real_ephemeris": 2.847801517892118,
      "pred_moon_illum_from_granger": -0.0968968226552843,
      "pred_d15_rekh_from_granger": 1.8729937624754007,
      "pred_moon_illum_clipped_01": 0.0,
      "pred_d15_rekh_clipped_01": 1.0,
      "days_ahead_from_dataset_end": 200.00069444444443,
      "in_dataset_range": false
    }
  },
  "no_simulation_note": "Predictions are deterministic extrapolations from real local training data + real ephemeris event geometry (de421). No synthetic series generation."
}
