{
  "timestamp_utc": "2026-02-19T01:49:16.119014+00:00",
  "inputs": {
    "metrics_csv": "reports_runtime/space_weather_merged_20260209T104949Z.csv",
    "covariates_csv": "reports_runtime/cosmic_covariates_20260210T205330Z.csv",
    "jwst_json": "/home/fahbrain/projects/omnimind/docs/zenodo_packs/omnimind_bio_astro_integrated_20260218T231609Z_revastrofix2/data/jwst_d15_link.json",
    "microbioma_json": "/home/fahbrain/projects/omnimind/docs/zenodo_packs/omnimind_bio_astro_integrated_20260218T231609Z_revastrofix2/data/microbioma_d12.json",
    "granger_json": "/home/fahbrain/projects/omnimind/docs/zenodo_packs/omnimind_bio_astro_integrated_20260218T231609Z_revastrofix2/data/granger_matrix.json",
    "d12_json": "/home/fahbrain/projects/omnimind/docs/zenodo_packs/omnimind_bio_astro_integrated_20260218T231609Z_revastrofix2/data/d12_phase_alignment.json"
  },
  "rows_merged": 5400,
  "rows_model": 5400,
  "model_columns": [
    "d15_rekh_proxy",
    "d15_seshet_proxy",
    "d15_isfet_proxy",
    "moon_illum_frac",
    "sun_moon_sep_deg",
    "moon_sep_mercury_deg"
  ],
  "top_granger_edges": [
    {
      "cause": "sun_moon_sep_deg",
      "effect": "moon_illum_frac",
      "best_lag": 2,
      "min_p": 7.482747844679209e-181,
      "f_at_best_lag": 448.35283910658774
    },
    {
      "cause": "moon_sep_mercury_deg",
      "effect": "moon_illum_frac",
      "best_lag": 2,
      "min_p": 1.198909481162788e-174,
      "f_at_best_lag": 431.73447986290904
    },
    {
      "cause": "moon_illum_frac",
      "effect": "moon_sep_mercury_deg",
      "best_lag": 2,
      "min_p": 2.6305061636006736e-156,
      "f_at_best_lag": 383.1220796851724
    },
    {
      "cause": "moon_illum_frac",
      "effect": "sun_moon_sep_deg",
      "best_lag": 2,
      "min_p": 6.84939587897545e-156,
      "f_at_best_lag": 382.02931993264264
    },
    {
      "cause": "sun_moon_sep_deg",
      "effect": "moon_sep_mercury_deg",
      "best_lag": 2,
      "min_p": 2.0909335011415113e-136,
      "f_at_best_lag": 331.23161820869836
    },
    {
      "cause": "moon_illum_frac",
      "effect": "d15_seshet_proxy",
      "best_lag": 1,
      "min_p": 1.0713562853451619e-134,
      "f_at_best_lag": 645.9756289930558
    },
    {
      "cause": "moon_sep_mercury_deg",
      "effect": "sun_moon_sep_deg",
      "best_lag": 2,
      "min_p": 7.120035357987439e-131,
      "f_at_best_lag": 316.9623875869013
    },
    {
      "cause": "moon_sep_mercury_deg",
      "effect": "d15_seshet_proxy",
      "best_lag": 1,
      "min_p": 2.2273088672259276e-128,
      "f_at_best_lag": 613.5367006170103
    },
    {
      "cause": "sun_moon_sep_deg",
      "effect": "d15_seshet_proxy",
      "best_lag": 1,
      "min_p": 3.230264879637644e-128,
      "f_at_best_lag": 612.7100187935005
    },
    {
      "cause": "d15_rekh_proxy",
      "effect": "d15_seshet_proxy",
      "best_lag": 1,
      "min_p": 3.672617171665566e-126,
      "f_at_best_lag": 602.1945031490034
    }
  ],
  "d12_alignment_recomputed": {
    "pearson": {
      "r": -0.3277006287044342,
      "p": 0.32522517285137886
    },
    "spearman": {
      "r": -0.5181818181818182,
      "p": 0.10249153979096383
    },
    "houses": [
      1,
      2,
      5,
      6,
      7,
      8,
      9,
      10,
      11,
      14,
      15
    ],
    "counts": [
      19233.0,
      20334.0,
      21059.0,
      32539.0,
      16218.0,
      23151.0,
      32100.0,
      14869.0,
      18303.0,
      17493.0,
      12082.0
    ]
  },
  "jwst_keyword_relevance": {
    "d15_r": -0.8323412104628806,
    "relevance_metric": "keyword_count_times_abs_d15_r",
    "top_keywords": [
      {
        "keyword": "galaxies",
        "score": 33.293648418515225
      },
      {
        "keyword": "galaxy",
        "score": 23.305553892960656
      },
      {
        "keyword": "jwst",
        "score": 21.640871472034895
      },
      {
        "keyword": "inertia",
        "score": 19.976189051109134
      },
      {
        "keyword": "horizon",
        "score": 18.311506630183374
      },
      {
        "keyword": "dark_matter",
        "score": 9.988094525554567
      },
      {
        "keyword": "thermodynamics",
        "score": 4.994047262777284
      },
      {
        "keyword": "entropy",
        "score": 4.161706052314403
      }
    ],
    "note": "Single-point Pearson correlation is undefined; using deterministic relevance score instead."
  },
  "harmonics": {
    "k1_amp": 0.22636986490228606,
    "k2_amp": 0.25950170025942376,
    "k3_amp": 0.20127016888304716,
    "k4_amp": 0.17082452946948215
  },
  "no_simulation_note": "All computations are derived from local real artifacts; no synthetic/random generation."
}
