{
  "timestamp_utc": "2026-02-19T01:33:30.241552+00:00",
  "inputs": {
    "metrics_csv": "reports_runtime/space_weather_merged_20260209T104949Z.csv",
    "covariates_csv": "reports_runtime/cosmic_covariates_20260210T205330Z.csv",
    "jwst_json": "/home/fahbrain/projects/omnimind/docs/zenodo_packs/omnimind_bio_astro_integrated_20260218T231609Z_revastrofix2/data/jwst_d15_link.json",
    "microbioma_json": "/home/fahbrain/projects/omnimind/docs/zenodo_packs/omnimind_bio_astro_integrated_20260218T231609Z_revastrofix2/data/microbioma_d12.json"
  },
  "rows_merged": 5400,
  "model_columns": [
    "d15_rekh_proxy",
    "d15_seshet_proxy",
    "d15_isfet_proxy",
    "moon_illum_frac",
    "sun_moon_sep_deg",
    "moon_sep_mercury_deg"
  ],
  "granger": {
    "maxlag": 5,
    "matrix": {
      "d15_rekh_proxy": {
        "d15_seshet_proxy": {
          "status": "ok",
          "rows": 5400,
          "best_lag": 1,
          "min_p": 3.672617171665566e-126,
          "f_at_best_lag": 602.1945031490034,
          "p_by_lag": {
            "1": 3.672617171665566e-126,
            "2": 4.723051386572981e-48,
            "3": 5.101055512621074e-28,
            "4": 1.1759047145996677e-20,
            "5": 4.0253134426920237e-16
          }
        },
        "d15_isfet_proxy": {
          "status": "ok",
          "rows": 5400,
          "best_lag": 1,
          "min_p": 0.00022629170820496016,
          "f_at_best_lag": 13.61753281762927,
          "p_by_lag": {
            "1": 0.00022629170820496016,
            "2": 0.006145337400535314,
            "3": 0.03380577135533416,
            "4": 0.06495281836407846,
            "5": 0.13869567865040205
          }
        },
        "moon_illum_frac": {
          "status": "ok",
          "rows": 5400,
          "best_lag": 1,
          "min_p": 0.00017913126259647862,
          "f_at_best_lag": 14.057812871137381,
          "p_by_lag": {
            "1": 0.00017913126259647862,
            "2": 0.1363674419722962,
            "3": 0.5418082035284413,
            "4": 0.9268849322864908,
            "5": 0.9970800998408689
          }
        },
        "sun_moon_sep_deg": {
          "status": "ok",
          "rows": 5400,
          "best_lag": 1,
          "min_p": 0.0033425528955722474,
          "f_at_best_lag": 8.618037577993784,
          "p_by_lag": {
            "1": 0.0033425528955722474,
            "2": 0.2719084649325503,
            "3": 0.6521671439685146,
            "4": 0.937639732521491,
            "5": 0.9938929604898004
          }
        },
        "moon_sep_mercury_deg": {
          "status": "ok",
          "rows": 5400,
          "best_lag": 1,
          "min_p": 0.009291306725577802,
          "f_at_best_lag": 6.770828671627904,
          "p_by_lag": {
            "1": 0.009291306725577802,
            "2": 0.369334006543104,
            "3": 0.7408284418721258,
            "4": 0.9605217617990903,
            "5": 0.9964647090955655
          }
        }
      },
      "d15_seshet_proxy": {
        "d15_rekh_proxy": {
          "status": "ok",
          "rows": 5400,
          "best_lag": 5,
          "min_p": 3.6541732142472664e-17,
          "f_at_best_lag": 17.434142894997535,
          "p_by_lag": {
            "1": 1.2825937421591537e-05,
            "2": 3.551293428215555e-06,
            "3": 1.027140506381273e-08,
            "4": 1.6148009936522373e-12,
            "5": 3.6541732142472664e-17
          }
        },
        "d15_isfet_proxy": {
          "status": "ok",
          "rows": 5400,
          "best_lag": 3,
          "min_p": 0.0008372075578584572,
          "f_at_best_lag": 5.555415281805926,
          "p_by_lag": {
            "1": 0.8382487016972047,
            "2": 0.014429689441672939,
            "3": 0.0008372075578584572,
            "4": 0.001611850490878624,
            "5": 0.0011852213185154271
          }
        },
        "moon_illum_frac": {
          "status": "ok",
          "rows": 5400,
          "best_lag": 1,
          "min_p": 8.182453691961852e-18,
          "f_at_best_lag": 74.42388069305773,
          "p_by_lag": {
            "1": 8.182453691961852e-18,
            "2": 3.5624766620265e-06,
            "3": 0.001820636796432135,
            "4": 0.14876407321066773,
            "5": 0.6951244106440738
          }
        },
        "sun_moon_sep_deg": {
          "status": "ok",
          "rows": 5400,
          "best_lag": 1,
          "min_p": 0.0007976636341170915,
          "f_at_best_lag": 11.259434163951964,
          "p_by_lag": {
            "1": 0.0007976636341170915,
            "2": 0.11719533749078791,
            "3": 0.46263340338795655,
            "4": 0.8866373674079114,
            "5": 0.9931290803795417
          }
        },
        "moon_sep_mercury_deg": {
          "status": "ok",
          "rows": 5400,
          "best_lag": 1,
          "min_p": 0.0001928092203948158,
          "f_at_best_lag": 13.919104459141252,
          "p_by_lag": {
            "1": 0.0001928092203948158,
            "2": 0.07551337236268137,
            "3": 0.3788782321922086,
            "4": 0.8484960770518484,
            "5": 0.989297954937088
          }
        }
      },
      "d15_isfet_proxy": {
        "d15_rekh_proxy": {
          "status": "ok",
          "rows": 5400,
          "best_lag": 1,
          "min_p": 2.1184556881471563e-15,
          "f_at_best_lag": 63.326167147556994,
          "p_by_lag": {
            "1": 2.1184556881471563e-15,
            "2": 2.0752181070426297e-06,
            "3": 0.00040403203695462287,
            "4": 0.004229790347960515,
            "5": 0.02523148698370535
          }
        },
        "d15_seshet_proxy": {
          "status": "ok",
          "rows": 5400,
          "best_lag": 1,
          "min_p": 2.657032564622171e-16,
          "f_at_best_lag": 67.4670979937677,
          "p_by_lag": {
            "1": 2.657032564622171e-16,
            "2": 2.7291102845601007e-05,
            "3": 3.402403292481086e-07,
            "4": 5.707013033641806e-07,
            "5": 4.293408776625345e-05
          }
        },
        "moon_illum_frac": {
          "status": "ok",
          "rows": 5400,
          "best_lag": 1,
          "min_p": 6.647371608297102e-35,
          "f_at_best_lag": 154.0775334007009,
          "p_by_lag": {
            "1": 6.647371608297102e-35,
            "2": 1.5036616867194381e-09,
            "3": 4.338442793209734e-05,
            "4": 0.042915958573537596,
            "5": 0.5078178633230968
          }
        },
        "sun_moon_sep_deg": {
          "status": "ok",
          "rows": 5400,
          "best_lag": 1,
          "min_p": 1.1410136593496208e-39,
          "f_at_best_lag": 176.56057657810493,
          "p_by_lag": {
            "1": 1.1410136593496208e-39,
            "2": 3.717818973250525e-12,
            "3": 9.893540188111849e-07,
            "4": 0.00839141052882001,
            "5": 0.29940735589451795
          }
        },
        "moon_sep_mercury_deg": {
          "status": "ok",
          "rows": 5400,
          "best_lag": 1,
          "min_p": 9.667719860240389e-42,
          "f_at_best_lag": 186.36974969212443,
          "p_by_lag": {
            "1": 9.667719860240389e-42,
            "2": 1.6425181691253165e-12,
            "3": 7.023612081223411e-07,
            "4": 0.007590452883446538,
            "5": 0.29178086382645774
          }
        }
      },
      "moon_illum_frac": {
        "d15_rekh_proxy": {
          "status": "ok",
          "rows": 5400,
          "best_lag": 1,
          "min_p": 2.6506212540510733e-36,
          "f_at_best_lag": 160.6681418886998,
          "p_by_lag": {
            "1": 2.6506212540510733e-36,
            "2": 1.276369612814928e-13,
            "3": 6.258638974866073e-08,
            "4": 3.500954774832896e-05,
            "5": 0.002748294253225591
          }
        },
        "d15_seshet_proxy": {
          "status": "ok",
          "rows": 5400,
          "best_lag": 1,
          "min_p": 1.0713562853451619e-134,
          "f_at_best_lag": 645.9756289930558,
          "p_by_lag": {
            "1": 1.0713562853451619e-134,
            "2": 9.614741166466845e-47,
            "3": 1.2744401723982047e-23,
            "4": 7.664280747375393e-14,
            "5": 4.786017400623193e-09
          }
        },
        "d15_isfet_proxy": {
          "status": "ok",
          "rows": 5400,
          "best_lag": 1,
          "min_p": 0.001690686141325088,
          "f_at_best_lag": 9.86821115446852,
          "p_by_lag": {
            "1": 0.001690686141325088,
            "2": 0.02863630609297391,
            "3": 0.1273660911669431,
            "4": 0.2692302550532904,
            "5": 0.4181326381436483
          }
        },
        "sun_moon_sep_deg": {
          "status": "ok",
          "rows": 5400,
          "best_lag": 2,
          "min_p": 6.84939587897545e-156,
          "f_at_best_lag": 382.02931993264264,
          "p_by_lag": {
            "1": 3.4443685184185505e-136,
            "2": 6.84939587897545e-156,
            "3": 9.186757023695644e-101,
            "4": 9.114853511668415e-56,
            "5": 1.8755594311361993e-39
          }
        },
        "moon_sep_mercury_deg": {
          "status": "ok",
          "rows": 5400,
          "best_lag": 2,
          "min_p": 2.6305061636006736e-156,
          "f_at_best_lag": 383.1220796851724,
          "p_by_lag": {
            "1": 7.832657188236369e-145,
            "2": 2.6305061636006736e-156,
            "3": 4.5487109511868696e-100,
            "4": 1.426116055963428e-54,
            "5": 1.8015720121689068e-39
          }
        }
      },
      "sun_moon_sep_deg": {
        "d15_rekh_proxy": {
          "status": "ok",
          "rows": 5400,
          "best_lag": 1,
          "min_p": 3.7153189063688974e-32,
          "f_at_best_lag": 141.16575714321166,
          "p_by_lag": {
            "1": 3.7153189063688974e-32,
            "2": 4.62276954567364e-12,
            "3": 5.287452251156377e-07,
            "4": 0.00014665328880855905,
            "5": 0.006875023026985135
          }
        },
        "d15_seshet_proxy": {
          "status": "ok",
          "rows": 5400,
          "best_lag": 1,
          "min_p": 3.230264879637644e-128,
          "f_at_best_lag": 612.7100187935005,
          "p_by_lag": {
            "1": 3.230264879637644e-128,
            "2": 3.494321712087818e-43,
            "3": 1.3239622185814566e-21,
            "4": 1.4354412212368e-12,
            "5": 3.613925337493434e-08
          }
        },
        "d15_isfet_proxy": {
          "status": "ok",
          "rows": 5400,
          "best_lag": 1,
          "min_p": 0.002757539716460846,
          "f_at_best_lag": 8.969607666222783,
          "p_by_lag": {
            "1": 0.002757539716460846,
            "2": 0.03858949173557831,
            "3": 0.15635547495879842,
            "4": 0.31482672817433177,
            "5": 0.47319658220207206
          }
        },
        "moon_illum_frac": {
          "status": "ok",
          "rows": 5400,
          "best_lag": 2,
          "min_p": 7.482747844679209e-181,
          "f_at_best_lag": 448.35283910658774,
          "p_by_lag": {
            "1": 5.666463703009205e-88,
            "2": 7.482747844679209e-181,
            "3": 1.3550139713672763e-114,
            "4": 4.250704168460459e-62,
            "5": 7.276632642073969e-44
          }
        },
        "moon_sep_mercury_deg": {
          "status": "ok",
          "rows": 5400,
          "best_lag": 2,
          "min_p": 2.0909335011415113e-136,
          "f_at_best_lag": 331.23161820869836,
          "p_by_lag": {
            "1": 1.4725275492247408e-61,
            "2": 2.0909335011415113e-136,
            "3": 1.197981487520807e-84,
            "4": 1.6534553962810404e-44,
            "5": 4.734192564806719e-20
          }
        }
      },
      "moon_sep_mercury_deg": {
        "d15_rekh_proxy": {
          "status": "ok",
          "rows": 5400,
          "best_lag": 1,
          "min_p": 3.5900101313189653e-32,
          "f_at_best_lag": 141.23568345440475,
          "p_by_lag": {
            "1": 3.5900101313189653e-32,
            "2": 4.603199261166697e-12,
            "3": 5.269844153412798e-07,
            "4": 0.00014610540102896391,
            "5": 0.006843772883985979
          }
        },
        "d15_seshet_proxy": {
          "status": "ok",
          "rows": 5400,
          "best_lag": 1,
          "min_p": 2.2273088672259276e-128,
          "f_at_best_lag": 613.5367006170103,
          "p_by_lag": {
            "1": 2.2273088672259276e-128,
            "2": 2.718915549157588e-43,
            "3": 1.1426062284961614e-21,
            "4": 1.3053551228103602e-12,
            "5": 3.3812144244344684e-08
          }
        },
        "d15_isfet_proxy": {
          "status": "ok",
          "rows": 5400,
          "best_lag": 1,
          "min_p": 0.0027649109192284145,
          "f_at_best_lag": 8.96472209468584,
          "p_by_lag": {
            "1": 0.0027649109192284145,
            "2": 0.03814570842824585,
            "3": 0.1552010588450093,
            "4": 0.3132517952311391,
            "5": 0.4715304282687208
          }
        },
        "moon_illum_frac": {
          "status": "ok",
          "rows": 5400,
          "best_lag": 2,
          "min_p": 1.198909481162788e-174,
          "f_at_best_lag": 431.73447986290904,
          "p_by_lag": {
            "1": 3.6952656248590006e-97,
            "2": 1.198909481162788e-174,
            "3": 3.086466119625397e-110,
            "4": 1.6929576250489438e-59,
            "5": 7.221908112961652e-44
          }
        },
        "sun_moon_sep_deg": {
          "status": "ok",
          "rows": 5400,
          "best_lag": 2,
          "min_p": 7.120035357987439e-131,
          "f_at_best_lag": 316.9623875869013,
          "p_by_lag": {
            "1": 1.910259453349108e-63,
            "2": 7.120035357987439e-131,
            "3": 1.777611549240758e-81,
            "4": 3.873650935738355e-43,
            "5": 1.6261877926037913e-19
          }
        }
      }
    },
    "best_edges_by_min_p": [
      {
        "cause": "sun_moon_sep_deg",
        "effect": "moon_illum_frac",
        "best_lag": 2,
        "min_p": 7.482747844679209e-181,
        "f_at_best_lag": 448.35283910658774
      },
      {
        "cause": "moon_sep_mercury_deg",
        "effect": "moon_illum_frac",
        "best_lag": 2,
        "min_p": 1.198909481162788e-174,
        "f_at_best_lag": 431.73447986290904
      },
      {
        "cause": "moon_illum_frac",
        "effect": "moon_sep_mercury_deg",
        "best_lag": 2,
        "min_p": 2.6305061636006736e-156,
        "f_at_best_lag": 383.1220796851724
      },
      {
        "cause": "moon_illum_frac",
        "effect": "sun_moon_sep_deg",
        "best_lag": 2,
        "min_p": 6.84939587897545e-156,
        "f_at_best_lag": 382.02931993264264
      },
      {
        "cause": "sun_moon_sep_deg",
        "effect": "moon_sep_mercury_deg",
        "best_lag": 2,
        "min_p": 2.0909335011415113e-136,
        "f_at_best_lag": 331.23161820869836
      },
      {
        "cause": "moon_illum_frac",
        "effect": "d15_seshet_proxy",
        "best_lag": 1,
        "min_p": 1.0713562853451619e-134,
        "f_at_best_lag": 645.9756289930558
      },
      {
        "cause": "moon_sep_mercury_deg",
        "effect": "sun_moon_sep_deg",
        "best_lag": 2,
        "min_p": 7.120035357987439e-131,
        "f_at_best_lag": 316.9623875869013
      },
      {
        "cause": "moon_sep_mercury_deg",
        "effect": "d15_seshet_proxy",
        "best_lag": 1,
        "min_p": 2.2273088672259276e-128,
        "f_at_best_lag": 613.5367006170103
      },
      {
        "cause": "sun_moon_sep_deg",
        "effect": "d15_seshet_proxy",
        "best_lag": 1,
        "min_p": 3.230264879637644e-128,
        "f_at_best_lag": 612.7100187935005
      },
      {
        "cause": "d15_rekh_proxy",
        "effect": "d15_seshet_proxy",
        "best_lag": 1,
        "min_p": 3.672617171665566e-126,
        "f_at_best_lag": 602.1945031490034
      },
      {
        "cause": "d15_isfet_proxy",
        "effect": "moon_sep_mercury_deg",
        "best_lag": 1,
        "min_p": 9.667719860240389e-42,
        "f_at_best_lag": 186.36974969212443
      },
      {
        "cause": "d15_isfet_proxy",
        "effect": "sun_moon_sep_deg",
        "best_lag": 1,
        "min_p": 1.1410136593496208e-39,
        "f_at_best_lag": 176.56057657810493
      },
      {
        "cause": "moon_illum_frac",
        "effect": "d15_rekh_proxy",
        "best_lag": 1,
        "min_p": 2.6506212540510733e-36,
        "f_at_best_lag": 160.6681418886998
      },
      {
        "cause": "d15_isfet_proxy",
        "effect": "moon_illum_frac",
        "best_lag": 1,
        "min_p": 6.647371608297102e-35,
        "f_at_best_lag": 154.0775334007009
      },
      {
        "cause": "moon_sep_mercury_deg",
        "effect": "d15_rekh_proxy",
        "best_lag": 1,
        "min_p": 3.5900101313189653e-32,
        "f_at_best_lag": 141.23568345440475
      },
      {
        "cause": "sun_moon_sep_deg",
        "effect": "d15_rekh_proxy",
        "best_lag": 1,
        "min_p": 3.7153189063688974e-32,
        "f_at_best_lag": 141.16575714321166
      },
      {
        "cause": "d15_seshet_proxy",
        "effect": "moon_illum_frac",
        "best_lag": 1,
        "min_p": 8.182453691961852e-18,
        "f_at_best_lag": 74.42388069305773
      },
      {
        "cause": "d15_seshet_proxy",
        "effect": "d15_rekh_proxy",
        "best_lag": 5,
        "min_p": 3.6541732142472664e-17,
        "f_at_best_lag": 17.434142894997535
      },
      {
        "cause": "d15_isfet_proxy",
        "effect": "d15_seshet_proxy",
        "best_lag": 1,
        "min_p": 2.657032564622171e-16,
        "f_at_best_lag": 67.4670979937677
      },
      {
        "cause": "d15_isfet_proxy",
        "effect": "d15_rekh_proxy",
        "best_lag": 1,
        "min_p": 2.1184556881471563e-15,
        "f_at_best_lag": 63.326167147556994
      }
    ]
  },
  "static_context_not_granger_tested": {
    "jwst_keyword_counts": {
      "horizon": 22,
      "thermodynamics": 6,
      "entropy": 5,
      "jwst": 26,
      "galaxy": 28,
      "galaxies": 40,
      "structure formation": 5,
      "dissipative": 0,
      "non-unitary": 0,
      "dark matter": 12,
      "inertia": 24
    },
    "microbiome_genus_counts": {
      "Klebsiella": 1,
      "Eisenbergiella": 1,
      "Escherichia_shigella": 1
    },
    "reason": "No aligned minute-level time-series for JWST keyword counts or genus counts in this local artifact set."
  },
  "no_simulation_note": "All metrics are computed from local real artifacts; no synthetic/random generation."
}
