{
  "timestamp_utc": "2026-02-19T01:49:16.131644+00:00",
  "out_dir": "/home/fahbrain/projects/omnimind/output/granger_d12_full_20260219T014910Z",
  "pack_dir": "/home/fahbrain/projects/omnimind/docs/zenodo_packs/omnimind_bio_astro_integrated_20260218T231609Z_revastrofix2",
  "injected_into_pack": true,
  "outputs": [
    "/home/fahbrain/projects/omnimind/output/granger_d12_full_20260219T014910Z/granger_d12_full_v9.png",
    "/home/fahbrain/projects/omnimind/output/granger_d12_full_20260219T014910Z/granger_d12_full_analysis.json",
    "/home/fahbrain/projects/omnimind/output/granger_d12_full_20260219T014910Z/zenodo_v9_manifest.json"
  ]
}
