{
  "timestamp_utc": "2026-02-19T14:10:19.327261+00:00",
  "download_status": {
    "phase2_pid": 497569,
    "phase2_pids": [
      497569
    ],
    "phase2_alive": true,
    "phase2_proc_io": {
      "rchar": 275836,
      "wchar": 18814202646,
      "syscr": 81,
      "syscw": 1203088,
      "read_bytes": 5267456,
      "write_bytes": 18818961408,
      "cancelled_write_bytes": 0
    },
    "phase2_target": "/mnt/welinton_users/Public/datasets/zenodo_records/full_external/6797842/repo.zip",
    "phase2_target_exists": true,
    "phase2_target_size_bytes": 24326963200,
    "phase2_marker_exists": true,
    "phase3_target": "/mnt/welinton_users/Public/datasets/zenodo_records/full_external/7327525/repo.zip",
    "phase3_target_exists": false,
    "phase3_pids": [],
    "chain2_pid": 164380,
    "chain_pids": [],
    "chain2_alive": false,
    "aria2_processes": [
      " 273772    6023 Ss   bash -c MARKER=\"/mnt/welinton_users/Public/datasets/zenodo_records/full_external/6797842/repo.zip.aria2\"; PH3=\"reports_runtime/zenodo_rehydration_phase3_20260219T0305Z.txt\"; PH3LOG=\"reports_runtime/wellington_zenodo_rehydration_phase3_setsess_20260219T112535Z.log\"; echo \"[chain4] start $(date -Iseconds)\"; while [ -e \"$MARKER\" ]; do echo \"[chain4] waiting marker @ $(date -Iseconds)\"; sleep 60; done; echo \"[chain4] marker cleared @ $(date -Iseconds)\"; exec aria2c -i \"$PH3\" -x 8 -s 8 -j 1 --continue=true --summary-interval=30 --auto-file-renaming=false --file-allocation=none --max-overall-download-limit=30M >> \"$PH3LOG\" 2>&1",
      " 497569    6023 Ds   aria2c -i reports_runtime/zenodo_rehydration_phase2_20260219T0305Z.txt -x 8 -s 8 -j 1 --continue=true --summary-interval=30 --auto-file-renaming=false --file-allocation=none --max-overall-download-limit=30M",
      "1087125 1086656 S    /bin/sh -c ps -eo pid,ppid,stat,cmd | rg 'aria2c|zenodo_rehydration_phase|zenodo_rehydration_chain2' || true",
      "1087127 1087125 S    rg aria2c|zenodo_rehydration_phase|zenodo_rehydration_chain2",
      "2897881 2891518 Z<   [aria2c] <defunct>"
    ]
  },
  "zenodo_records_local_external": [
    {
      "mode": "full_external",
      "record_id": "2641868",
      "file_count": 1,
      "total_bytes": 4845475840,
      "path": "/mnt/welinton_users/Public/datasets/zenodo_records/full_external/2641868",
      "files": [
        "ThiS-form3.tar"
      ]
    },
    {
      "mode": "full_external",
      "record_id": "6797842",
      "file_count": 2,
      "total_bytes": 24325917777,
      "path": "/mnt/welinton_users/Public/datasets/zenodo_records/full_external/6797842",
      "files": [
        "repo.zip",
        "repo.zip.aria2"
      ]
    },
    {
      "mode": "small_first",
      "record_id": "1173657",
      "file_count": 5,
      "total_bytes": 14169573,
      "path": "/mnt/welinton_users/Public/datasets/zenodo_records/small_first/1173657",
      "files": [
        "membrane_64_64_water.pdb",
        "POPS_amber.run",
        "POPS_amber_lipid17_ff99ions.prmtop",
        "POPS_amber_lipid17_ff99ions_prod_rep1.restart",
        "POPS_amber_lipid17_ff99ions_prod_rep2.restart"
      ]
    },
    {
      "mode": "small_first",
      "record_id": "18496170",
      "file_count": 3,
      "total_bytes": 14731335,
      "path": "/mnt/welinton_users/Public/datasets/zenodo_records/small_first/18496170",
      "files": [
        "anesthetic_2.12.0.dev0+lukashergt-devel.zip",
        "consistency_of_standard_cosmologies__figures_v1.0.0.zip",
        "consistency_of_standard_cosmologies__plotting_code_v1.0.0.zip"
      ]
    },
    {
      "mode": "small_first",
      "record_id": "2641868",
      "file_count": 1,
      "total_bytes": 20480,
      "path": "/mnt/welinton_users/Public/datasets/zenodo_records/small_first/2641868",
      "files": [
        "ThiS_process.tar"
      ]
    }
  ],
  "qdrant_inventory": {
    "collections_total": 173,
    "domain_counts": {
      "bio": 59,
      "other": 95,
      "astro": 8,
      "runtime": 11
    },
    "domain_points": {
      "bio": 52547,
      "other": 1776516,
      "astro": 593040,
      "runtime": 14793
    },
    "top20": [
      {
        "name": "omnimind_kernel_vida",
        "domain": "other",
        "points": 1077553
      },
      {
        "name": "sdss_structures_objectlevel_live_v2",
        "domain": "astro",
        "points": 405000
      },
      {
        "name": "omnimind_ide_soberano",
        "domain": "other",
        "points": 228703
      },
      {
        "name": "sdss_structures_objectlevel_live",
        "domain": "astro",
        "points": 163152
      },
      {
        "name": "omnimind_projects_20260127",
        "domain": "other",
        "points": 108236
      },
      {
        "name": "omnimind_corpo_simbolico",
        "domain": "other",
        "points": 69435
      },
      {
        "name": "universal_machine_embeddings",
        "domain": "other",
        "points": 58799
      },
      {
        "name": "omnimind_hd_externo_20260127",
        "domain": "other",
        "points": 48871
      },
      {
        "name": "omnimind_mega_corpus",
        "domain": "other",
        "points": 45269
      },
      {
        "name": "bio_aging_cellular_proxies_live",
        "domain": "bio",
        "points": 44581
      },
      {
        "name": "chem_tandem_mass_spectra_llm_17555571_live",
        "domain": "other",
        "points": 30157
      },
      {
        "name": "astro_desi_lya_objectlevel_live",
        "domain": "astro",
        "points": 24724
      },
      {
        "name": "development_system_embeddings",
        "domain": "other",
        "points": 17698
      },
      {
        "name": "omnimind_system_logs_20260127",
        "domain": "other",
        "points": 11995
      },
      {
        "name": "dodecatiad_metrics_dynamic_logs_live",
        "domain": "runtime",
        "points": 10536
      },
      {
        "name": "climate_nicam_highresmip_mcs_sa_live",
        "domain": "other",
        "points": 10002
      },
      {
        "name": "neurocore_adapter_coremesh_20260211_10k",
        "domain": "other",
        "points": 10000
      },
      {
        "name": "neurocore_adapter_20260211_10kstack",
        "domain": "other",
        "points": 10000
      },
      {
        "name": "phys_emergent_hydrodynamics_longrange_magnet_live",
        "domain": "other",
        "points": 6752
      },
      {
        "name": "omnimind_codebase_20260127",
        "domain": "other",
        "points": 4761
      }
    ],
    "selected_bio_astro_runtime": [
      {
        "name": "sdss_structures_objectlevel_live_v2",
        "domain": "astro",
        "points": 405000
      },
      {
        "name": "sdss_structures_objectlevel_live",
        "domain": "astro",
        "points": 163152
      },
      {
        "name": "bio_aging_cellular_proxies_live",
        "domain": "bio",
        "points": 44581
      },
      {
        "name": "astro_desi_lya_objectlevel_live",
        "domain": "astro",
        "points": 24724
      },
      {
        "name": "dodecatiad_metrics_dynamic_logs_live",
        "domain": "runtime",
        "points": 10536
      },
      {
        "name": "bio_colorectal_activity_bmi_live",
        "domain": "bio",
        "points": 4545
      },
      {
        "name": "dodecatiad_metrics",
        "domain": "runtime",
        "points": 3102
      },
      {
        "name": "bio_hiv_acquisition_meta_15houses_live",
        "domain": "bio",
        "points": 1500
      },
      {
        "name": "erika_reeds_light_map",
        "domain": "runtime",
        "points": 1000
      },
      {
        "name": "bio_mosites_microbiome_kenya_live",
        "domain": "bio",
        "points": 602
      },
      {
        "name": "bio_16s_gut_microbiome_meta_live",
        "domain": "bio",
        "points": 458
      },
      {
        "name": "bio_lupus_wave_20260218",
        "domain": "bio",
        "points": 247
      },
      {
        "name": "omnimind_triad_bio_local_20260217_trimrepo_with_experimental_data_75ee915f_20260217",
        "domain": "bio",
        "points": 200
      },
      {
        "name": "astro_gmos_gri_fits_56059_live",
        "domain": "astro",
        "points": 136
      },
      {
        "name": "kb_reeds_neurais",
        "domain": "runtime",
        "points": 124
      },
      {
        "name": "bio_gemini_multimorbidity_ltc_14824760_live",
        "domain": "bio",
        "points": 90
      },
      {
        "name": "bio_microbiome_ship_trend_glaucoma_live",
        "domain": "bio",
        "points": 80
      },
      {
        "name": "bio_hiv_gwas_ccr5_15houses_live",
        "domain": "bio",
        "points": 79
      },
      {
        "name": "bio_external_dm2_lupus_15houses_live",
        "domain": "bio",
        "points": 27
      },
      {
        "name": "astro_desi_lya_sample_live",
        "domain": "astro",
        "points": 22
      },
      {
        "name": "kb_theory_sovereign",
        "domain": "runtime",
        "points": 22
      },
      {
        "name": "bio_phagocytosis_15houses_live",
        "domain": "bio",
        "points": 15
      },
      {
        "name": "bio_diabetes_t2_15houses_live",
        "domain": "bio",
        "points": 15
      },
      {
        "name": "bio_aging_biomarker_terms_live",
        "domain": "bio",
        "points": 12
      },
      {
        "name": "bio_phagocytosis_threshold_house_sweep_live",
        "domain": "bio",
        "points": 8
      },
      {
        "name": "bio_hiv_dual_strain_sim_live",
        "domain": "bio",
        "points": 6
      },
      {
        "name": "bio_hiv_cohabitation_monthly_safe_live",
        "domain": "bio",
        "points": 6
      },
      {
        "name": "bio_hiv_sle_12m_extensions_live",
        "domain": "bio",
        "points": 5
      },
      {
        "name": "bio_lupus_wrapper_tolerance_live",
        "domain": "bio",
        "points": 4
      },
      {
        "name": "bio_diabetes_t2_wave_20260218",
        "domain": "bio",
        "points": 3
      },
      {
        "name": "omnimind_triad_bio_epigenetics_knowledge_20260217",
        "domain": "bio",
        "points": 3
      },
      {
        "name": "phys_accelerated_structure_horizon_thermo_live",
        "domain": "astro",
        "points": 3
      },
      {
        "name": "bio_hiv_wrapper_functional_cure_live",
        "domain": "bio",
        "points": 3
      },
      {
        "name": "bio_reproductive_obesity_microbiome_live",
        "domain": "bio",
        "points": 3
      },
      {
        "name": "omnimind_bio_triade_ldna_5009529_zip_analysis_20260217t192654z_21f707ae_20260217",
        "domain": "bio",
        "points": 2
      },
      {
        "name": "omnimind_bio_triade_volcano_csv_14885613_zip_analysis_20260217t192657z_cf3abd41_20260217",
        "domain": "bio",
        "points": 2
      },
      {
        "name": "omnimind_bio_nuclear_rich_nndc_endf_archives_analysis_20260217t210253z_0a419808_20260217",
        "domain": "bio",
        "points": 2
      },
      {
        "name": "bio_insectsound_18682538_live",
        "domain": "bio",
        "points": 2
      },
      {
        "name": "omnimind_bio_nuclear_rich_matriz_de_express_o_g_nica_de_pbmc_18161013_zip_zip_analysis_20260217t210546z_dd98de64_20260217",
        "domain": "bio",
        "points": 2
      },
      {
        "name": "omnimind_bio_hiv_lupus_phagocytosis_cephia_18635252_zip_analysis_20260217t184037z_bb0a4701_20260217",
        "domain": "bio",
        "points": 2
      },
      {
        "name": "omnimind_bio_triade_xanthomonas_qs_6403185_zip_analysis_20260217t192656z_d3bdff16_20260217",
        "domain": "bio",
        "points": 2
      },
      {
        "name": "omnimind_bio_triade_cancer_genes_14241784_zip_analysis_20260217t192655z_e8bdfba3_20260217",
        "domain": "bio",
        "points": 2
      },
      {
        "name": "omnimind_bio_nuclear_rich_ensdf_260101_zip_zip_analysis_20260217t210544z_973aae2f_20260217",
        "domain": "bio",
        "points": 2
      },
      {
        "name": "astro_brown_dwarfs_photometric_17684859_live",
        "domain": "astro",
        "points": 2
      },
      {
        "name": "omnimind_ops_rich_runtime_error_map_20260217t202008z_c68d95cf_20260217",
        "domain": "runtime",
        "points": 2
      },
      {
        "name": "omnimind_bio_hiv_lupus_phagocytosis_hiv_18408552_zip_analysis_20260217t184039z_5865d023_20260217",
        "domain": "bio",
        "points": 2
      },
      {
        "name": "kb_reeds_probe_interest",
        "domain": "runtime",
        "points": 2
      },
      {
        "name": "omnimind_bio_hiv_lupus_phagocytosis_pbmc_18161013_zip_analysis_20260217t184036z_183559c2_20260217",
        "domain": "bio",
        "points": 2
      },
      {
        "name": "omnimind_bio_nuclear_rich_ensdf_260202_zip_zip_analysis_20260217t210545z_e5bc86d1_20260217",
        "domain": "bio",
        "points": 2
      },
      {
        "name": "omnimind_fagocitose_bridge_digital_phagocytosis_hiv_lupus_bridge_20260217t210713z_f0ed56cc_20260217",
        "domain": "bio",
        "points": 2
      },
      {
        "name": "omnimind_bio_nuclear_rich_rojected_the_epidemiological_and_economic_impact_of_preference_driven_hiv_184085_dec083d6_20260217",
        "domain": "bio",
        "points": 2
      },
      {
        "name": "omnimind_bio_triade_ahxiohm_16422989_zip_analysis_20260217t192652z_9da1352b_20260217",
        "domain": "bio",
        "points": 2
      },
      {
        "name": "omnimind_bio_triade_dosage_sensitivity_7689948_zip_analysis_20260217t192653z_eeb51ca3_20260217",
        "domain": "bio",
        "points": 2
      },
      {
        "name": "omnimind_bio_nuclear_rich_cephia_public_use_data_18635252_zip_zip_analysis_20260217t210547z_a11c6339_20260217",
        "domain": "bio",
        "points": 2
      },
      {
        "name": "kb_reeds_probe_forensic",
        "domain": "runtime",
        "points": 2
      },
      {
        "name": "omnimind_bio_hiv_lupus_phagocytosis_shiv_song_zip_analysis_20260217t184042z_3dc20a04_20260217",
        "domain": "bio",
        "points": 2
      },
      {
        "name": "omnimind_bio_hiv_lupus_phagocytosis_trimrepo_hiv_zip_analysis_20260217t184040z_93cb8a1c_20260217",
        "domain": "bio",
        "points": 2
      },
      {
        "name": "omnimind_localfirst_probe_20260217_sovereign_dynamic_thresholds_20260217t142050z_9cf5c971_20260217",
        "domain": "runtime",
        "points": 2
      },
      {
        "name": "omnimind_bio_hiv_lupus_phagocytosis_hiv_18408552_zip_analysis_20260217t184039z_e1cbe8e6_20260217",
        "domain": "bio",
        "points": 1
      },
      {
        "name": "omnimind_bio_nuclear_rich_cephia_public_use_data_18635252_zip_zip_analysis_20260217t210547z_0588efd7_20260217",
        "domain": "bio",
        "points": 1
      },
      {
        "name": "omnimind_bio_hiv_lupus_phagocytosis_cephia_18635252_zip_analysis_20260217t184037z_6d512280_20260217",
        "domain": "bio",
        "points": 1
      },
      {
        "name": "omnimind_bio_hiv_lupus_phagocytosis_shiv_song_zip_analysis_20260217t184042z_9ac67db0_20260217",
        "domain": "bio",
        "points": 1
      },
      {
        "name": "omnimind_bio_nuclear_rich_ensdf_260101_zip_zip_analysis_20260217t210544z_2ba281ed_20260217",
        "domain": "bio",
        "points": 1
      },
      {
        "name": "omnimind_triad_bio_local_20260217_ml_dadddos_unimol_genai17640622_784c8757_20260217",
        "domain": "bio",
        "points": 1
      },
      {
        "name": "omnimind_ops_rich_runtime_error_map_20260217t202008z_7aa5cb3a_20260217",
        "domain": "runtime",
        "points": 1
      },
      {
        "name": "omnimind_triad_bio_local_20260217_matriz_de_express_o_g_nica_de_pbmc_18161013_2fbd5416_20260217",
        "domain": "bio",
        "points": 1
      },
      {
        "name": "omnimind_fagocitose_bridge_digital_phagocytosis_hiv_lupus_bridge_20260217t210713z_9675262b_20260217",
        "domain": "bio",
        "points": 1
      },
      {
        "name": "omnimind_bio_nuclear_rich_ensdf_260202_zip_zip_analysis_20260217t210545z_918e2e3a_20260217",
        "domain": "bio",
        "points": 1
      },
      {
        "name": "astro_extrasolar_asteroid_transits_1317527_live",
        "domain": "astro",
        "points": 1
      },
      {
        "name": "omnimind_bio_hiv_lupus_phagocytosis_trimrepo_hiv_zip_analysis_20260217t184040z_7bb76552_20260217",
        "domain": "bio",
        "points": 1
      },
      {
        "name": "omnimind_bio_nuclear_rich_matriz_de_express_o_g_nica_de_pbmc_18161013_zip_zip_analysis_20260217t210546z_78b213a4_20260217",
        "domain": "bio",
        "points": 1
      },
      {
        "name": "omnimind_triad_bio_local_20260217_shiv_song_v1_0_f5a5800c_20260217",
        "domain": "bio",
        "points": 1
      },
      {
        "name": "omnimind_bio_nuclear_rich_nndc_endf_archives_analysis_20260217t210253z_bd7202c1_20260217",
        "domain": "bio",
        "points": 1
      },
      {
        "name": "omnimind_triad_bio_local_20260217_cephia_public_use_data_18635252_5e54ebf7_20260217",
        "domain": "bio",
        "points": 1
      },
      {
        "name": "omnimind_bio_nuclear_rich_rojected_the_epidemiological_and_economic_impact_of_preference_driven_hiv_184085_0adfce1f_20260217",
        "domain": "bio",
        "points": 1
      },
      {
        "name": "omnimind_bio_hiv_lupus_phagocytosis_pbmc_18161013_zip_analysis_20260217t184036z_4fc6e5c7_20260217",
        "domain": "bio",
        "points": 1
      },
      {
        "name": "omnimind_triad_bio_local_20260217_rojected_the_epidemiological_and_economic_impact_of_preference_driven_hiv_184085_4245679e_20260217",
        "domain": "bio",
        "points": 1
      },
      {
        "name": "kb_reeds_probe_nonforensic",
        "domain": "runtime",
        "points": 0
      }
    ]
  },
  "key_collections_points": {
    "dodecatiad_metrics_dynamic_logs_live": 10536,
    "dodecatiad_metrics": 3102,
    "sdss_structures_objectlevel_live_v2": 405000,
    "astro_desi_lya_objectlevel_live": 24724,
    "bio_hiv_gwas_ccr5_15houses_live": 79,
    "bio_external_dm2_lupus_15houses_live": 27,
    "bio_16s_gut_microbiome_meta_live": 458,
    "bio_mosites_microbiome_kenya_live": 602,
    "bio_diabetes_t2_15houses_live": 15
  },
  "reference_reports_latest": {
    "d15_latest": "/home/fahbrain/projects/omnimind/reports_runtime/d15_extended_correlation_validation_compact200_20260218T184552Z.json",
    "dm2_latest": "/home/fahbrain/projects/omnimind/reports_runtime/dm2_gut_immune_realdata_validation_20260218T204707Z.json",
    "multi_disease_latest": "/home/fahbrain/projects/omnimind/reports_runtime/multi_disease_pack_validation_20260218T211252Z.json",
    "lsst_desi_latest": "/home/fahbrain/projects/omnimind/reports_runtime/lsst_desi_2026_realdata_20260219T020424Z.json",
    "granger_2026_latest": "/home/fahbrain/projects/omnimind/reports_runtime/granger_2026_extrapolation_realdata_20260219T022208Z.json",
    "all_gaps_latest": "/home/fahbrain/projects/omnimind/reports_runtime/all_gaps_realdata_review_20260218T215131Z.json",
    "alignment_latest": "/home/fahbrain/projects/omnimind/reports_runtime/astro_runtime_daemon_window_alignment_20260218T235730Z.json",
    "rehydration_phase2_latest": "/home/fahbrain/projects/omnimind/reports_runtime/zenodo_rehydration_phase2_status_20260219T125805Z.json",
    "rehydration_chain_latest": "/home/fahbrain/projects/omnimind/reports_runtime/zenodo_rehydration_chain_status_20260219T110433Z.json"
  },
  "loop_closure_assessment": {
    "bio_data_available": 5,
    "astro_data_available": 2,
    "runtime_logs_available": 10536,
    "loop_candidate_status": "READY_LOCAL",
    "blocked_gaps": {
      "gap_uk_biobank_hiv_controllers": "BLOQUEADA",
      "gap_wetlab_crispr_wrapper": "BLOQUEADA"
    }
  },
  "note": "Inventory uses only local real artifacts (Qdrant, logs, datasets); no synthetic generation."
}
