{
  "timestamp": "20260217T181750Z",
  "collection_slug": "fabricioslv/datasets-omnimind-699257915f30f229b7fe6b13",
  "collection_title": "DATASETS_OMNIMIND",
  "collection_owner": "fabricioslv",
  "dry_run": false,
  "token_present": true,
  "destination_root": "/home/fahbrain/projects/omnimind/data/external/hf_collections",
  "dataset_mode": "metadata",
  "model_mode": "metadata",
  "items_total": 17,
  "pulled_items": 17,
  "skipped_items": 0,
  "results": [
    {
      "repo_id": "moonworks/lunara-aesthetic-image-variations",
      "repo_type": "dataset",
      "mode": "metadata",
      "destination": "/home/fahbrain/projects/omnimind/data/external/hf_collections/dataset/moonworks__lunara-aesthetic-image-variations",
      "total_repo_files": 55,
      "selected_files": 1,
      "downloaded_files": 1,
      "failed_files": 0,
      "selected_preview": [
        "README.md"
      ],
      "failures": [],
      "dry_run": false
    },
    {
      "repo_id": "OpenMed/Medical-Reasoning-SFT-Nemotron-Nano-30B",
      "repo_type": "dataset",
      "mode": "metadata",
      "destination": "/home/fahbrain/projects/omnimind/data/external/hf_collections/dataset/OpenMed__Medical-Reasoning-SFT-Nemotron-Nano-30B",
      "total_repo_files": 11,
      "selected_files": 1,
      "downloaded_files": 1,
      "failed_files": 0,
      "selected_preview": [
        "README.md"
      ],
      "failures": [],
      "dry_run": false
    },
    {
      "repo_id": "OpenResearcher/OpenResearcher-Dataset",
      "repo_type": "dataset",
      "mode": "metadata",
      "destination": "/home/fahbrain/projects/omnimind/data/external/hf_collections/dataset/OpenResearcher__OpenResearcher-Dataset",
      "total_repo_files": 60,
      "selected_files": 1,
      "downloaded_files": 1,
      "failed_files": 0,
      "selected_preview": [
        "README.md"
      ],
      "failures": [],
      "dry_run": false
    },
    {
      "repo_id": "OpenMed/Medical-Reasoning-SFT-Mega",
      "repo_type": "dataset",
      "mode": "metadata",
      "destination": "/home/fahbrain/projects/omnimind/data/external/hf_collections/dataset/OpenMed__Medical-Reasoning-SFT-Mega",
      "total_repo_files": 36,
      "selected_files": 1,
      "downloaded_files": 1,
      "failed_files": 0,
      "selected_preview": [
        "README.md"
      ],
      "failures": [],
      "dry_run": false
    },
    {
      "repo_id": "Qwen/DeepPlanning",
      "repo_type": "dataset",
      "mode": "metadata",
      "destination": "/home/fahbrain/projects/omnimind/data/external/hf_collections/dataset/Qwen__DeepPlanning",
      "total_repo_files": 7,
      "selected_files": 1,
      "downloaded_files": 1,
      "failed_files": 0,
      "selected_preview": [
        "README.md"
      ],
      "failures": [],
      "dry_run": false
    },
    {
      "repo_id": "ibm-nasa-geospatial/Landslide4sense",
      "repo_type": "dataset",
      "mode": "metadata",
      "destination": "/home/fahbrain/projects/omnimind/data/external/hf_collections/dataset/ibm-nasa-geospatial__Landslide4sense",
      "total_repo_files": 9695,
      "selected_files": 1,
      "downloaded_files": 1,
      "failed_files": 0,
      "selected_preview": [
        "README.md"
      ],
      "failures": [],
      "dry_run": false
    },
    {
      "repo_id": "ibm-nasa-geospatial/Prithvi-WxC-1.0-2300M",
      "repo_type": "model",
      "mode": "metadata",
      "destination": "/home/fahbrain/projects/omnimind/data/external/hf_collections/model/ibm-nasa-geospatial__Prithvi-WxC-1.0-2300M",
      "total_repo_files": 6585,
      "selected_files": 2,
      "downloaded_files": 2,
      "failed_files": 0,
      "selected_preview": [
        "README.md",
        "config.yaml"
      ],
      "failures": [],
      "dry_run": false
    },
    {
      "repo_id": "ibm-nasa-geospatial/Prithvi-EO-2.0-300M-TL",
      "repo_type": "model",
      "mode": "metadata",
      "destination": "/home/fahbrain/projects/omnimind/data/external/hf_collections/model/ibm-nasa-geospatial__Prithvi-EO-2.0-300M-TL",
      "total_repo_files": 13,
      "selected_files": 3,
      "downloaded_files": 3,
      "failed_files": 0,
      "selected_preview": [
        "README.md",
        "config.json",
        "requirements.txt"
      ],
      "failures": [],
      "dry_run": false
    },
    {
      "repo_id": "nvidia/SAGE-10k",
      "repo_type": "dataset",
      "mode": "metadata",
      "destination": "/home/fahbrain/projects/omnimind/data/external/hf_collections/dataset/nvidia__SAGE-10k",
      "total_repo_files": 10018,
      "selected_files": 1,
      "downloaded_files": 1,
      "failed_files": 0,
      "selected_preview": [
        "README.md"
      ],
      "failures": [],
      "dry_run": false
    },
    {
      "repo_id": "UniverseTBD/mmu_sdss_sdss",
      "repo_type": "dataset",
      "mode": "metadata",
      "destination": "/home/fahbrain/projects/omnimind/data/external/hf_collections/dataset/UniverseTBD__mmu_sdss_sdss",
      "total_repo_files": 1581,
      "selected_files": 3,
      "downloaded_files": 3,
      "failed_files": 0,
      "selected_preview": [
        "README.md",
        "mmu_sdss_sdss/partition_info.csv",
        "mmu_sdss_sdss_10arcs/partition_info.csv"
      ],
      "failures": [],
      "dry_run": false
    },
    {
      "repo_id": "nohurry/Opus-4.6-Reasoning-3000x-filtered",
      "repo_type": "dataset",
      "mode": "metadata",
      "destination": "/home/fahbrain/projects/omnimind/data/external/hf_collections/dataset/nohurry__Opus-4.6-Reasoning-3000x-filtered",
      "total_repo_files": 3,
      "selected_files": 1,
      "downloaded_files": 1,
      "failed_files": 0,
      "selected_preview": [
        "README.md"
      ],
      "failures": [],
      "dry_run": false
    },
    {
      "repo_id": "TeichAI/gemini-3-pro-preview-high-reasoning-1000x",
      "repo_type": "dataset",
      "mode": "metadata",
      "destination": "/home/fahbrain/projects/omnimind/data/external/hf_collections/dataset/TeichAI__gemini-3-pro-preview-high-reasoning-1000x",
      "total_repo_files": 3,
      "selected_files": 1,
      "downloaded_files": 1,
      "failed_files": 0,
      "selected_preview": [
        "README.md"
      ],
      "failures": [],
      "dry_run": false
    },
    {
      "repo_id": "microsoft/msr_genomics_kbcomp",
      "repo_type": "dataset",
      "mode": "metadata",
      "destination": "/home/fahbrain/projects/omnimind/data/external/hf_collections/dataset/microsoft__msr_genomics_kbcomp",
      "total_repo_files": 3,
      "selected_files": 1,
      "downloaded_files": 1,
      "failed_files": 0,
      "selected_preview": [
        "README.md"
      ],
      "failures": [],
      "dry_run": false
    },
    {
      "repo_id": "gonzalobenegas/mammalian-genomes-cds",
      "repo_type": "dataset",
      "mode": "metadata",
      "destination": "/home/fahbrain/projects/omnimind/data/external/hf_collections/dataset/gonzalobenegas__mammalian-genomes-cds",
      "total_repo_files": 41,
      "selected_files": 0,
      "downloaded_files": 0,
      "failed_files": 0,
      "selected_preview": [],
      "failures": [],
      "dry_run": false
    },
    {
      "repo_id": "gonzalobenegas/genomes-v3-genome_set-humans-intervals-v1_512_256",
      "repo_type": "dataset",
      "mode": "metadata",
      "destination": "/home/fahbrain/projects/omnimind/data/external/hf_collections/dataset/gonzalobenegas__genomes-v3-genome_set-humans-intervals-v1_512_256",
      "total_repo_files": 129,
      "selected_files": 0,
      "downloaded_files": 0,
      "failed_files": 0,
      "selected_preview": [],
      "failures": [],
      "dry_run": false
    },
    {
      "repo_id": "OpenMed/OpenMed-ZeroShot-NER-DNA-XLarge-770M",
      "repo_type": "model",
      "mode": "metadata",
      "destination": "/home/fahbrain/projects/omnimind/data/external/hf_collections/model/OpenMed__OpenMed-ZeroShot-NER-DNA-XLarge-770M",
      "total_repo_files": 10,
      "selected_files": 7,
      "downloaded_files": 7,
      "failed_files": 0,
      "selected_preview": [
        "README.md",
        "added_tokens.json",
        "gliner_config.json",
        "special_tokens_map.json",
        "test_results.json",
        "tokenizer.json",
        "tokenizer_config.json"
      ],
      "failures": [],
      "dry_run": false
    },
    {
      "repo_id": "OpenMed/OpenMed-ZeroShot-NER-Genomic-Tiny-60M",
      "repo_type": "model",
      "mode": "metadata",
      "destination": "/home/fahbrain/projects/omnimind/data/external/hf_collections/model/OpenMed__OpenMed-ZeroShot-NER-Genomic-Tiny-60M",
      "total_repo_files": 10,
      "selected_files": 7,
      "downloaded_files": 7,
      "failed_files": 0,
      "selected_preview": [
        "README.md",
        "added_tokens.json",
        "gliner_config.json",
        "special_tokens_map.json",
        "test_results.json",
        "tokenizer.json",
        "tokenizer_config.json"
      ],
      "failures": [],
      "dry_run": false
    }
  ],
  "skipped": []
}