{
  "timestamp_utc": "2026-02-19T11:38:08.806372+00:00",
  "token_present": true,
  "repos_total": 17,
  "repos_ok": 17,
  "repos_with_strong_data_signal": 9,
  "rows": [
    {
      "repo_type": "dataset",
      "repo_id": "moonworks/lunara-aesthetic-image-variations",
      "ok": true,
      "total_files": 55,
      "top_exts": [
        [
          ".jpg",
          33
        ],
        [
          ".parquet",
          17
        ],
        [
          ".jpeg",
          3
        ],
        [
          ".gitattributes",
          1
        ],
        [
          ".md",
          1
        ]
      ],
      "data_like_files_count": 53,
      "data_like_preview": [
        "10_original.jpg",
        "10_variant.jpg",
        "12_original.jpg",
        "12_variant.jpg",
        "13_original.jpg",
        "13_variant.jpg",
        "14_original.jpeg",
        "14_variant.jpg",
        "15_original.jpg",
        "15_variant.jpg",
        "2_original.jpg",
        "2_variant.jpg",
        "3.jpg",
        "3_original.jpg",
        "3_variant.jpg",
        "4_original.jpg",
        "4_variant.jpg",
        "5.jpg",
        "5_original.jpg",
        "5_variant.jpg"
      ],
      "has_strong_data_signal": true
    },
    {
      "repo_type": "dataset",
      "repo_id": "OpenMed/Medical-Reasoning-SFT-Nemotron-Nano-30B",
      "ok": true,
      "total_files": 11,
      "top_exts": [
        [
          ".parquet",
          9
        ],
        [
          ".gitattributes",
          1
        ],
        [
          ".md",
          1
        ]
      ],
      "data_like_files_count": 9,
      "data_like_preview": [
        "data/train-00000-of-00009.parquet",
        "data/train-00001-of-00009.parquet",
        "data/train-00002-of-00009.parquet",
        "data/train-00003-of-00009.parquet",
        "data/train-00004-of-00009.parquet",
        "data/train-00005-of-00009.parquet",
        "data/train-00006-of-00009.parquet",
        "data/train-00007-of-00009.parquet",
        "data/train-00008-of-00009.parquet"
      ],
      "has_strong_data_signal": true
    },
    {
      "repo_type": "dataset",
      "repo_id": "OpenResearcher/OpenResearcher-Dataset",
      "ok": true,
      "total_files": 60,
      "top_exts": [
        [
          ".parquet",
          48
        ],
        [
          ".png",
          5
        ],
        [
          ".svg",
          4
        ],
        [
          ".gitattributes",
          1
        ],
        [
          ".md",
          1
        ],
        [
          ".jpg",
          1
        ]
      ],
      "data_like_files_count": 54,
      "data_like_preview": [
        "imgs/main_table.png",
        "imgs/or-logo1.png",
        "imgs/slack.png",
        "imgs/teaser.png",
        "imgs/wechat_group.jpg",
        "imgs/wechat_group.png",
        "seed_42/train-00000-of-00003.parquet",
        "seed_42/train-00001-of-00003.parquet",
        "seed_42/train-00002-of-00003.parquet",
        "seed_43/train-00000-of-00003.parquet",
        "seed_43/train-00001-of-00003.parquet",
        "seed_43/train-00002-of-00003.parquet",
        "seed_44/train-00000-of-00003.parquet",
        "seed_44/train-00001-of-00003.parquet",
        "seed_44/train-00002-of-00003.parquet",
        "seed_45/train-00000-of-00003.parquet",
        "seed_45/train-00001-of-00003.parquet",
        "seed_45/train-00002-of-00003.parquet",
        "seed_46/train-00000-of-00003.parquet",
        "seed_46/train-00001-of-00003.parquet"
      ],
      "has_strong_data_signal": true
    },
    {
      "repo_type": "dataset",
      "repo_id": "OpenMed/Medical-Reasoning-SFT-Mega",
      "ok": true,
      "total_files": 36,
      "top_exts": [
        [
          ".parquet",
          34
        ],
        [
          ".gitattributes",
          1
        ],
        [
          ".md",
          1
        ]
      ],
      "data_like_files_count": 34,
      "data_like_preview": [
        "data/train-00000-of-00034.parquet",
        "data/train-00001-of-00034.parquet",
        "data/train-00002-of-00034.parquet",
        "data/train-00003-of-00034.parquet",
        "data/train-00004-of-00034.parquet",
        "data/train-00005-of-00034.parquet",
        "data/train-00006-of-00034.parquet",
        "data/train-00007-of-00034.parquet",
        "data/train-00008-of-00034.parquet",
        "data/train-00009-of-00034.parquet",
        "data/train-00010-of-00034.parquet",
        "data/train-00011-of-00034.parquet",
        "data/train-00012-of-00034.parquet",
        "data/train-00013-of-00034.parquet",
        "data/train-00014-of-00034.parquet",
        "data/train-00015-of-00034.parquet",
        "data/train-00016-of-00034.parquet",
        "data/train-00017-of-00034.parquet",
        "data/train-00018-of-00034.parquet",
        "data/train-00019-of-00034.parquet"
      ],
      "has_strong_data_signal": true
    },
    {
      "repo_type": "dataset",
      "repo_id": "Qwen/DeepPlanning",
      "ok": true,
      "total_files": 7,
      "top_exts": [
        [
          ".tar.gz",
          3
        ],
        [
          ".zip",
          2
        ],
        [
          ".gitattributes",
          1
        ],
        [
          ".md",
          1
        ]
      ],
      "data_like_files_count": 2,
      "data_like_preview": [
        "database_en.zip",
        "database_zh.zip"
      ],
      "has_strong_data_signal": false
    },
    {
      "repo_type": "dataset",
      "repo_id": "ibm-nasa-geospatial/Landslide4sense",
      "ok": true,
      "total_files": 9695,
      "top_exts": [
        [
          ".h5",
          9693
        ],
        [
          ".gitattributes",
          1
        ],
        [
          ".md",
          1
        ]
      ],
      "data_like_files_count": 9693,
      "data_like_preview": [
        "annotations/test/mask_1.h5",
        "annotations/test/mask_10.h5",
        "annotations/test/mask_100.h5",
        "annotations/test/mask_101.h5",
        "annotations/test/mask_102.h5",
        "annotations/test/mask_103.h5",
        "annotations/test/mask_104.h5",
        "annotations/test/mask_105.h5",
        "annotations/test/mask_106.h5",
        "annotations/test/mask_107.h5",
        "annotations/test/mask_108.h5",
        "annotations/test/mask_109.h5",
        "annotations/test/mask_11.h5",
        "annotations/test/mask_110.h5",
        "annotations/test/mask_111.h5",
        "annotations/test/mask_112.h5",
        "annotations/test/mask_113.h5",
        "annotations/test/mask_114.h5",
        "annotations/test/mask_115.h5",
        "annotations/test/mask_116.h5"
      ],
      "has_strong_data_signal": true
    },
    {
      "repo_type": "model",
      "repo_id": "ibm-nasa-geospatial/Prithvi-WxC-1.0-2300M",
      "ok": true,
      "total_files": 6585,
      "top_exts": [
        [
          ".nc",
          6580
        ],
        [
          ".gitattributes",
          1
        ],
        [
          ".gitignore",
          1
        ],
        [
          ".md",
          1
        ],
        [
          ".yaml",
          1
        ],
        [
          ".pt",
          1
        ]
      ],
      "data_like_files_count": 6581,
      "data_like_preview": [
        "climatology/anomaly_variance_surface.nc",
        "climatology/anomaly_variance_vertical.nc",
        "climatology/climate_surface_doy001_hour00.nc",
        "climatology/climate_surface_doy001_hour03.nc",
        "climatology/climate_surface_doy001_hour06.nc",
        "climatology/climate_surface_doy001_hour09.nc",
        "climatology/climate_surface_doy001_hour12.nc",
        "climatology/climate_surface_doy001_hour15.nc",
        "climatology/climate_surface_doy001_hour18.nc",
        "climatology/climate_surface_doy001_hour21.nc",
        "climatology/climate_surface_doy002_hour00.nc",
        "climatology/climate_surface_doy002_hour03.nc",
        "climatology/climate_surface_doy002_hour06.nc",
        "climatology/climate_surface_doy002_hour09.nc",
        "climatology/climate_surface_doy002_hour12.nc",
        "climatology/climate_surface_doy002_hour15.nc",
        "climatology/climate_surface_doy002_hour18.nc",
        "climatology/climate_surface_doy002_hour21.nc",
        "climatology/climate_surface_doy003_hour00.nc",
        "climatology/climate_surface_doy003_hour03.nc"
      ],
      "has_strong_data_signal": true
    },
    {
      "repo_type": "model",
      "repo_id": "ibm-nasa-geospatial/Prithvi-EO-2.0-300M-TL",
      "ok": true,
      "total_files": 13,
      "top_exts": [
        [
          ".tif",
          4
        ],
        [
          ".png",
          2
        ],
        [
          ".py",
          2
        ],
        [
          ".gitattributes",
          1
        ],
        [
          ".pt",
          1
        ],
        [
          ".md",
          1
        ],
        [
          ".json",
          1
        ],
        [
          ".txt",
          1
        ]
      ],
      "data_like_files_count": 5,
      "data_like_preview": [
        "Prithvi_EO_V2_300M_TL.pt",
        "assets/Overall_300M_TL.png",
        "assets/model_architecture.png",
        "config.json",
        "requirements.txt"
      ],
      "has_strong_data_signal": false
    },
    {
      "repo_type": "dataset",
      "repo_id": "nvidia/SAGE-10k",
      "ok": true,
      "total_files": 10018,
      "top_exts": [
        [
          ".zip",
          10000
        ],
        [
          ".py",
          9
        ],
        [
          ".png",
          4
        ],
        [
          ".gitattributes",
          1
        ],
        [
          ".md",
          1
        ],
        [
          ".jpg",
          1
        ],
        [
          ".gif",
          1
        ],
        [
          ".sh",
          1
        ]
      ],
      "data_like_files_count": 10005,
      "data_like_preview": [
        "assets/object_counts_distribution.png",
        "assets/preview_and_stats_v2.png",
        "assets/preview_grid.jpg",
        "assets/room_types_distribution.png",
        "assets/styles_distribution.png",
        "scenes/20251213_020526_layout_84b703fb.zip",
        "scenes/20251213_033758_layout_cf6c1dfd.zip",
        "scenes/20251213_035441_layout_7ff33042.zip",
        "scenes/20251213_040122_layout_ce0c7f91.zip",
        "scenes/20251213_042117_layout_5d77e0d9.zip",
        "scenes/20251213_044801_layout_575a4fb6.zip",
        "scenes/20251213_044921_layout_4c917bc4.zip",
        "scenes/20251213_051113_layout_05646dc7.zip",
        "scenes/20251213_051404_layout_234eec7a.zip",
        "scenes/20251213_055339_layout_b4e27201.zip",
        "scenes/20251213_055817_layout_ed24dd11.zip",
        "scenes/20251213_060314_layout_0b66fd6d.zip",
        "scenes/20251213_060624_layout_c99b7e46.zip",
        "scenes/20251213_061146_layout_f705f5b9.zip",
        "scenes/20251213_061428_layout_60b4dbe9.zip"
      ],
      "has_strong_data_signal": false
    },
    {
      "repo_type": "dataset",
      "repo_id": "UniverseTBD/mmu_sdss_sdss",
      "ok": true,
      "total_files": 1581,
      "top_exts": [
        [
          ".parquet",
          1566
        ],
        [
          "",
          6
        ],
        [
          ".properties",
          3
        ],
        [
          ".csv",
          2
        ],
        [
          ".fits",
          2
        ],
        [
          ".gitattributes",
          1
        ],
        [
          ".md",
          1
        ]
      ],
      "data_like_files_count": 1570,
      "data_like_preview": [
        "mmu_sdss_sdss/dataset/Norder=10/Dir=130000/Npix=137896.parquet",
        "mmu_sdss_sdss/dataset/Norder=10/Dir=4820000/Npix=4820343.parquet",
        "mmu_sdss_sdss/dataset/Norder=4/Dir=0/Npix=0.parquet",
        "mmu_sdss_sdss/dataset/Norder=4/Dir=0/Npix=1055.parquet",
        "mmu_sdss_sdss/dataset/Norder=4/Dir=0/Npix=106.parquet",
        "mmu_sdss_sdss/dataset/Norder=4/Dir=0/Npix=1075.parquet",
        "mmu_sdss_sdss/dataset/Norder=4/Dir=0/Npix=1076.parquet",
        "mmu_sdss_sdss/dataset/Norder=4/Dir=0/Npix=1077.parquet",
        "mmu_sdss_sdss/dataset/Norder=4/Dir=0/Npix=1078.parquet",
        "mmu_sdss_sdss/dataset/Norder=4/Dir=0/Npix=1081.parquet",
        "mmu_sdss_sdss/dataset/Norder=4/Dir=0/Npix=1087.parquet",
        "mmu_sdss_sdss/dataset/Norder=4/Dir=0/Npix=1093.parquet",
        "mmu_sdss_sdss/dataset/Norder=4/Dir=0/Npix=1094.parquet",
        "mmu_sdss_sdss/dataset/Norder=4/Dir=0/Npix=1095.parquet",
        "mmu_sdss_sdss/dataset/Norder=4/Dir=0/Npix=1096.parquet",
        "mmu_sdss_sdss/dataset/Norder=4/Dir=0/Npix=1097.parquet",
        "mmu_sdss_sdss/dataset/Norder=4/Dir=0/Npix=1098.parquet",
        "mmu_sdss_sdss/dataset/Norder=4/Dir=0/Npix=1100.parquet",
        "mmu_sdss_sdss/dataset/Norder=4/Dir=0/Npix=1103.parquet",
        "mmu_sdss_sdss/dataset/Norder=4/Dir=0/Npix=1107.parquet"
      ],
      "has_strong_data_signal": true
    },
    {
      "repo_type": "dataset",
      "repo_id": "nohurry/Opus-4.6-Reasoning-3000x-filtered",
      "ok": true,
      "total_files": 3,
      "top_exts": [
        [
          ".gitattributes",
          1
        ],
        [
          ".md",
          1
        ],
        [
          ".jsonl",
          1
        ]
      ],
      "data_like_files_count": 1,
      "data_like_preview": [
        "distilled_corpus_400k_with_cot-filtered.jsonl"
      ],
      "has_strong_data_signal": true
    },
    {
      "repo_type": "dataset",
      "repo_id": "TeichAI/gemini-3-pro-preview-high-reasoning-1000x",
      "ok": true,
      "total_files": 3,
      "top_exts": [
        [
          ".gitattributes",
          1
        ],
        [
          ".md",
          1
        ],
        [
          ".jsonl",
          1
        ]
      ],
      "data_like_files_count": 1,
      "data_like_preview": [
        "gemini-3-pro-preview-1000x.jsonl"
      ],
      "has_strong_data_signal": true
    },
    {
      "repo_type": "dataset",
      "repo_id": "microsoft/msr_genomics_kbcomp",
      "ok": true,
      "total_files": 3,
      "top_exts": [
        [
          ".gitattributes",
          1
        ],
        [
          ".md",
          1
        ],
        [
          ".py",
          1
        ]
      ],
      "data_like_files_count": 0,
      "data_like_preview": [],
      "has_strong_data_signal": false
    },
    {
      "repo_type": "dataset",
      "repo_id": "gonzalobenegas/mammalian-genomes-cds",
      "ok": true,
      "total_files": 41,
      "top_exts": [
        [
          ".zst",
          40
        ],
        [
          ".gitattributes",
          1
        ]
      ],
      "data_like_files_count": 0,
      "data_like_preview": [],
      "has_strong_data_signal": false
    },
    {
      "repo_type": "dataset",
      "repo_id": "gonzalobenegas/genomes-v3-genome_set-humans-intervals-v1_512_256",
      "ok": true,
      "total_files": 129,
      "top_exts": [
        [
          ".zst",
          128
        ],
        [
          ".gitattributes",
          1
        ]
      ],
      "data_like_files_count": 0,
      "data_like_preview": [],
      "has_strong_data_signal": false
    },
    {
      "repo_type": "model",
      "repo_id": "OpenMed/OpenMed-ZeroShot-NER-DNA-XLarge-770M",
      "ok": true,
      "total_files": 10,
      "top_exts": [
        [
          ".json",
          6
        ],
        [
          ".gitattributes",
          1
        ],
        [
          ".md",
          1
        ],
        [
          ".bin",
          1
        ],
        [
          ".model",
          1
        ]
      ],
      "data_like_files_count": 6,
      "data_like_preview": [
        "added_tokens.json",
        "gliner_config.json",
        "special_tokens_map.json",
        "test_results.json",
        "tokenizer.json",
        "tokenizer_config.json"
      ],
      "has_strong_data_signal": false
    },
    {
      "repo_type": "model",
      "repo_id": "OpenMed/OpenMed-ZeroShot-NER-Genomic-Tiny-60M",
      "ok": true,
      "total_files": 10,
      "top_exts": [
        [
          ".json",
          6
        ],
        [
          ".gitattributes",
          1
        ],
        [
          ".md",
          1
        ],
        [
          ".bin",
          1
        ],
        [
          ".model",
          1
        ]
      ],
      "data_like_files_count": 6,
      "data_like_preview": [
        "added_tokens.json",
        "gliner_config.json",
        "special_tokens_map.json",
        "test_results.json",
        "tokenizer.json",
        "tokenizer_config.json"
      ],
      "has_strong_data_signal": false
    }
  ],
  "note": "HF tree audit only (no synthetic data). Distinguishes metadata-only pulls from data-bearing repos."
}
