{
  "timestamp": "20260217T182552Z",
  "collection_slug": "fabricioslv/datasets-omnimind-699257915f30f229b7fe6b13",
  "collection_title": "DATASETS_OMNIMIND",
  "validated_items": 17,
  "validated_reports": [
    "reports_runtime/hf_collection_materialize_20260217T181654Z.json",
    "reports_runtime/hf_collection_materialize_20260217T181750Z.json"
  ],
  "no_inference_paths": {
    "datasets": "snapshot/list_repo_files + hf_hub_download (repo_type=dataset)",
    "models_artifacts": "list_repo_files + hf_hub_download (repo_type=model)",
    "models_training_data": "not guaranteed in model repo; must come from datasets referenced in card"
  },
  "openmed_models": [
    "OpenMed/OpenMed-ZeroShot-NER-DNA-XLarge-770M",
    "OpenMed/OpenMed-ZeroShot-NER-Genomic-Tiny-60M"
  ],
  "status": "ready_for_autonomous_materialization_without_inference"
}