{
  "timestamp_utc": "2026-02-19T23:43:22.738708+00:00",
  "repo_id": "fabricioslv/omnimind-zenodo-rehydration-public-bridge",
  "repo_url": "https://huggingface.co/datasets/fabricioslv/omnimind-zenodo-rehydration-public-bridge",
  "total_files": 63,
  "rehydration_prefix_counts": {
    "rehydration/hf_public_zenodo_rehydration_bridge_20260219T232753Z": 31,
    "rehydration/hf_public_zenodo_rehydration_textbridge_20260219T233409Z": 24,
    "rehydration/raw_samples_batch2_20260219T234030Z": 5,
    "rehydration/raw_samples_batch2_test": 1,
    "rehydration/raw_samples_probe": 1
  },
  "top_files": [
    ".gitattributes",
    "rehydration/hf_public_zenodo_rehydration_bridge_20260219T232753Z/MANIFEST.json",
    "rehydration/hf_public_zenodo_rehydration_bridge_20260219T232753Z/README.md",
    "rehydration/hf_public_zenodo_rehydration_bridge_20260219T232753Z/raw_samples/POPS_amber.run",
    "rehydration/hf_public_zenodo_rehydration_bridge_20260219T232753Z/raw_samples/POPS_amber_lipid17_ff99ions.prmtop",
    "rehydration/hf_public_zenodo_rehydration_bridge_20260219T232753Z/raw_samples/POPS_amber_lipid17_ff99ions_prod_rep1.restart",
    "rehydration/hf_public_zenodo_rehydration_bridge_20260219T232753Z/raw_samples/POPS_amber_lipid17_ff99ions_prod_rep2.restart",
    "rehydration/hf_public_zenodo_rehydration_bridge_20260219T232753Z/raw_samples/ThiS_process.tar",
    "rehydration/hf_public_zenodo_rehydration_bridge_20260219T232753Z/raw_samples/anesthetic_2.12.0.dev0+lukashergt-devel.zip",
    "rehydration/hf_public_zenodo_rehydration_bridge_20260219T232753Z/raw_samples/consistency_of_standard_cosmologies__figures_v1.0.0.zip",
    "rehydration/hf_public_zenodo_rehydration_bridge_20260219T232753Z/raw_samples/consistency_of_standard_cosmologies__plotting_code_v1.0.0.zip",
    "rehydration/hf_public_zenodo_rehydration_bridge_20260219T232753Z/raw_samples/membrane_64_64_water.pdb",
    "rehydration/hf_public_zenodo_rehydration_bridge_20260219T232753Z/reports/continuation_round3_status_20260219T231802Z.json",
    "rehydration/hf_public_zenodo_rehydration_bridge_20260219T232753Z/reports/continuation_round3_status_20260219T231802Z.md",
    "rehydration/hf_public_zenodo_rehydration_bridge_20260219T232753Z/reports/md1173657_full_dynamics_summary_20260219T194644Z.json",
    "rehydration/hf_public_zenodo_rehydration_bridge_20260219T232753Z/reports/md1173657_full_dynamics_summary_20260219T194644Z.md",
    "rehydration/hf_public_zenodo_rehydration_bridge_20260219T232753Z/reports/zenodo_1173657_full_completeness_20260219T192955Z.json",
    "rehydration/hf_public_zenodo_rehydration_bridge_20260219T232753Z/reports/zenodo_1173657_full_completeness_20260219T192955Z.md",
    "rehydration/hf_public_zenodo_rehydration_bridge_20260219T232753Z/reports/zenodo_1173657_md_run_features_qdrant_20260219T190608Z.json",
    "rehydration/hf_public_zenodo_rehydration_bridge_20260219T232753Z/reports/zenodo_1173657_md_run_features_qdrant_20260219T190608Z.md",
    "rehydration/hf_public_zenodo_rehydration_bridge_20260219T232753Z/reports/zenodo_18496170_download_progress_20260219T225144Z.json",
    "rehydration/hf_public_zenodo_rehydration_bridge_20260219T232753Z/reports/zenodo_18496170_download_progress_20260219T225144Z.md",
    "rehydration/hf_public_zenodo_rehydration_bridge_20260219T232753Z/reports/zenodo_18496170_rehydration_kickoff_20260219T224904Z.json",
    "rehydration/hf_public_zenodo_rehydration_bridge_20260219T232753Z/reports/zenodo_18496170_rehydration_kickoff_20260219T224904Z.md",
    "rehydration/hf_public_zenodo_rehydration_bridge_20260219T232753Z/reports/zenodo_6797842_mdp_params_summary_20260219T182052Z.json",
    "rehydration/hf_public_zenodo_rehydration_bridge_20260219T232753Z/reports/zenodo_6797842_mdp_params_summary_20260219T182052Z.md",
    "rehydration/hf_public_zenodo_rehydration_bridge_20260219T232753Z/reports/zenodo_7327525_full_archive_summary_20260219T185916Z.json",
    "rehydration/hf_public_zenodo_rehydration_bridge_20260219T232753Z/reports/zenodo_7327525_full_archive_summary_20260219T185916Z.md",
    "rehydration/hf_public_zenodo_rehydration_bridge_20260219T232753Z/reports/zenodo_7327525_mdp_params_summary_20260219T185941Z.json",
    "rehydration/hf_public_zenodo_rehydration_bridge_20260219T232753Z/reports/zenodo_7327525_mdp_params_summary_20260219T185941Z.md",
    "rehydration/hf_public_zenodo_rehydration_bridge_20260219T232753Z/reports/zenodo_full_external_qdrant_materialization_20260219T225147Z.json",
    "rehydration/hf_public_zenodo_rehydration_bridge_20260219T232753Z/reports/zenodo_full_external_qdrant_materialization_20260219T225147Z.md",
    "rehydration/hf_public_zenodo_rehydration_textbridge_20260219T233409Z/MANIFEST.json",
    "rehydration/hf_public_zenodo_rehydration_textbridge_20260219T233409Z/README.md",
    "rehydration/hf_public_zenodo_rehydration_textbridge_20260219T233409Z/raw_samples_tiny/POPS_amber.run",
    "rehydration/hf_public_zenodo_rehydration_textbridge_20260219T233409Z/raw_samples_tiny/membrane_64_64_water.pdb",
    "rehydration/hf_public_zenodo_rehydration_textbridge_20260219T233409Z/reports/continuation_round3_status_20260219T231802Z.json",
    "rehydration/hf_public_zenodo_rehydration_textbridge_20260219T233409Z/reports/continuation_round3_status_20260219T231802Z.md",
    "rehydration/hf_public_zenodo_rehydration_textbridge_20260219T233409Z/reports/md1173657_full_dynamics_summary_20260219T194644Z.json",
    "rehydration/hf_public_zenodo_rehydration_textbridge_20260219T233409Z/reports/md1173657_full_dynamics_summary_20260219T194644Z.md",
    "rehydration/hf_public_zenodo_rehydration_textbridge_20260219T233409Z/reports/zenodo_1173657_full_completeness_20260219T192955Z.json",
    "rehydration/hf_public_zenodo_rehydration_textbridge_20260219T233409Z/reports/zenodo_1173657_full_completeness_20260219T192955Z.md",
    "rehydration/hf_public_zenodo_rehydration_textbridge_20260219T233409Z/reports/zenodo_1173657_md_run_features_qdrant_20260219T190608Z.json",
    "rehydration/hf_public_zenodo_rehydration_textbridge_20260219T233409Z/reports/zenodo_1173657_md_run_features_qdrant_20260219T190608Z.md",
    "rehydration/hf_public_zenodo_rehydration_textbridge_20260219T233409Z/reports/zenodo_18496170_download_progress_20260219T225144Z.json",
    "rehydration/hf_public_zenodo_rehydration_textbridge_20260219T233409Z/reports/zenodo_18496170_download_progress_20260219T225144Z.md",
    "rehydration/hf_public_zenodo_rehydration_textbridge_20260219T233409Z/reports/zenodo_18496170_rehydration_kickoff_20260219T224904Z.json",
    "rehydration/hf_public_zenodo_rehydration_textbridge_20260219T233409Z/reports/zenodo_18496170_rehydration_kickoff_20260219T224904Z.md",
    "rehydration/hf_public_zenodo_rehydration_textbridge_20260219T233409Z/reports/zenodo_6797842_mdp_params_summary_20260219T182052Z.json",
    "rehydration/hf_public_zenodo_rehydration_textbridge_20260219T233409Z/reports/zenodo_6797842_mdp_params_summary_20260219T182052Z.md",
    "rehydration/hf_public_zenodo_rehydration_textbridge_20260219T233409Z/reports/zenodo_7327525_full_archive_summary_20260219T185916Z.json",
    "rehydration/hf_public_zenodo_rehydration_textbridge_20260219T233409Z/reports/zenodo_7327525_full_archive_summary_20260219T185916Z.md",
    "rehydration/hf_public_zenodo_rehydration_textbridge_20260219T233409Z/reports/zenodo_7327525_mdp_params_summary_20260219T185941Z.json",
    "rehydration/hf_public_zenodo_rehydration_textbridge_20260219T233409Z/reports/zenodo_7327525_mdp_params_summary_20260219T185941Z.md",
    "rehydration/hf_public_zenodo_rehydration_textbridge_20260219T233409Z/reports/zenodo_full_external_qdrant_materialization_20260219T225147Z.json",
    "rehydration/hf_public_zenodo_rehydration_textbridge_20260219T233409Z/reports/zenodo_full_external_qdrant_materialization_20260219T225147Z.md",
    "rehydration/raw_samples_batch2_20260219T234030Z/POPS_amber_lipid17_ff99ions.prmtop",
    "rehydration/raw_samples_batch2_20260219T234030Z/POPS_amber_lipid17_ff99ions_prod_rep1.restart",
    "rehydration/raw_samples_batch2_20260219T234030Z/ThiS_process.tar",
    "rehydration/raw_samples_batch2_20260219T234030Z/anesthetic_2.12.0.dev0+lukashergt-devel.zip",
    "rehydration/raw_samples_batch2_20260219T234030Z/consistency_of_standard_cosmologies__plotting_code_v1.0.0.zip",
    "rehydration/raw_samples_batch2_test/anesthetic_2.12.0.dev0+lukashergt-devel.zip",
    "rehydration/raw_samples_probe/consistency_of_standard_cosmologies__figures_v1.0.0.zip"
  ]
}