{
  "timestamp_utc": "2026-02-19T23:43:06.178317+00:00",
  "repo_id": "fabricioslv/omnimind-zenodo-rehydration-public-bridge",
  "repo_url": "https://huggingface.co/datasets/fabricioslv/omnimind-zenodo-rehydration-public-bridge",
  "path_prefix": "rehydration/raw_samples_batch2_20260219T234030Z",
  "results": [
    {
      "path": "/mnt/welinton_users/Public/datasets/zenodo_records/small_first/18496170/anesthetic_2.12.0.dev0+lukashergt-devel.zip",
      "name": "anesthetic_2.12.0.dev0+lukashergt-devel.zip",
      "bytes": 6463623,
      "status": "uploaded",
      "target": "rehydration/raw_samples_batch2_20260219T234030Z/anesthetic_2.12.0.dev0+lukashergt-devel.zip"
    },
    {
      "path": "/mnt/welinton_users/Public/datasets/zenodo_records/small_first/18496170/consistency_of_standard_cosmologies__plotting_code_v1.0.0.zip",
      "name": "consistency_of_standard_cosmologies__plotting_code_v1.0.0.zip",
      "bytes": 2661590,
      "status": "uploaded",
      "target": "rehydration/raw_samples_batch2_20260219T234030Z/consistency_of_standard_cosmologies__plotting_code_v1.0.0.zip"
    },
    {
      "path": "/mnt/welinton_users/Public/datasets/zenodo_records/small_first/2641868/ThiS_process.tar",
      "name": "ThiS_process.tar",
      "bytes": 20480,
      "status": "uploaded",
      "target": "rehydration/raw_samples_batch2_20260219T234030Z/ThiS_process.tar"
    },
    {
      "path": "/mnt/welinton_users/Public/datasets/zenodo_records/small_first/1173657/POPS_amber_lipid17_ff99ions.prmtop",
      "name": "POPS_amber_lipid17_ff99ions.prmtop",
      "bytes": 8720818,
      "status": "uploaded",
      "target": "rehydration/raw_samples_batch2_20260219T234030Z/POPS_amber_lipid17_ff99ions.prmtop"
    },
    {
      "path": "/mnt/welinton_users/Public/datasets/zenodo_records/small_first/1173657/POPS_amber_lipid17_ff99ions_prod_rep1.restart",
      "name": "POPS_amber_lipid17_ff99ions_prod_rep1.restart",
      "bytes": 1432512,
      "status": "uploaded",
      "target": "rehydration/raw_samples_batch2_20260219T234030Z/POPS_amber_lipid17_ff99ions_prod_rep1.restart"
    }
  ],
  "uploaded_count": 5,
  "timeout_count": 0,
  "error_count": 0,
  "missing_count": 0,
  "provenance": "real-data-local"
}