{
  "timestamp_utc": "2026-02-19T23:34:48.409746+00:00",
  "repo_id": "fabricioslv/omnimind-zenodo-rehydration-public-bridge",
  "repo_url": "https://huggingface.co/datasets/fabricioslv/omnimind-zenodo-rehydration-public-bridge",
  "local_package": "/home/fahbrain/projects/omnimind/output/hf_public_zenodo_rehydration_textbridge_20260219T233409Z",
  "path_prefix": "rehydration/hf_public_zenodo_rehydration_textbridge_20260219T233409Z",
  "attempted_files": 24,
  "uploaded_files": 24,
  "error_files": 0,
  "uploaded": [
    {
      "path": "MANIFEST.json",
      "result": "https://huggingface.co/datasets/fabricioslv/omnimind-zenodo-rehydration-public-bridge/commit/abba9d8f55f3807aca0401c3ef10a6b83cc55c7f",
      "bytes": 5071
    },
    {
      "path": "README.md",
      "result": "https://huggingface.co/datasets/fabricioslv/omnimind-zenodo-rehydration-public-bridge/commit/5faa83f829e53b3e2de3557f80b19ec832bd8bae",
      "bytes": 238
    },
    {
      "path": "raw_samples_tiny/POPS_amber.run",
      "result": "https://huggingface.co/datasets/fabricioslv/omnimind-zenodo-rehydration-public-bridge/commit/60496849b0e95ab5664a05218885e485e5a79ede",
      "bytes": 357
    },
    {
      "path": "raw_samples_tiny/membrane_64_64_water.pdb",
      "result": "https://huggingface.co/datasets/fabricioslv/omnimind-zenodo-rehydration-public-bridge/commit/70dc3f09bb152a03a67477bfebc4751e32b64ec4",
      "bytes": 2583374
    },
    {
      "path": "reports/continuation_round3_status_20260219T231802Z.json",
      "result": "https://huggingface.co/datasets/fabricioslv/omnimind-zenodo-rehydration-public-bridge/commit/2bfcff3078c043a15761acf80de0f5c4fe42bb49",
      "bytes": 82553
    },
    {
      "path": "reports/continuation_round3_status_20260219T231802Z.md",
      "result": "https://huggingface.co/datasets/fabricioslv/omnimind-zenodo-rehydration-public-bridge/commit/b7e7be05f0dbab44340cf9df66d4064443a1c6ef",
      "bytes": 2188
    },
    {
      "path": "reports/md1173657_full_dynamics_summary_20260219T194644Z.json",
      "result": "https://huggingface.co/datasets/fabricioslv/omnimind-zenodo-rehydration-public-bridge/commit/5ab8decc25b77fcf23bac204433090d925969382",
      "bytes": 7334
    },
    {
      "path": "reports/md1173657_full_dynamics_summary_20260219T194644Z.md",
      "result": "https://huggingface.co/datasets/fabricioslv/omnimind-zenodo-rehydration-public-bridge/commit/b6bfdd79e65afcbc545c6eb74e9a80ad9814a4d7",
      "bytes": 765
    },
    {
      "path": "reports/zenodo_1173657_full_completeness_20260219T192955Z.json",
      "result": "https://huggingface.co/datasets/fabricioslv/omnimind-zenodo-rehydration-public-bridge/commit/77277477753cf7bb9660c131982b85a8f771342a",
      "bytes": 5108
    },
    {
      "path": "reports/zenodo_1173657_full_completeness_20260219T192955Z.md",
      "result": "https://huggingface.co/datasets/fabricioslv/omnimind-zenodo-rehydration-public-bridge/commit/b19ad1f6b5621ce4eca9d99ee99dc5ea962b7373",
      "bytes": 628
    },
    {
      "path": "reports/zenodo_1173657_md_run_features_qdrant_20260219T190608Z.json",
      "result": "https://huggingface.co/datasets/fabricioslv/omnimind-zenodo-rehydration-public-bridge/commit/0c2d3457dde51636476281a7ef59fb04a652e897",
      "bytes": 4903
    },
    {
      "path": "reports/zenodo_1173657_md_run_features_qdrant_20260219T190608Z.md",
      "result": "https://huggingface.co/datasets/fabricioslv/omnimind-zenodo-rehydration-public-bridge/commit/14a10d4c2e1aedd0a7e2accf09a5c5b7c1b191b8",
      "bytes": 1042
    },
    {
      "path": "reports/zenodo_18496170_download_progress_20260219T225144Z.json",
      "result": "https://huggingface.co/datasets/fabricioslv/omnimind-zenodo-rehydration-public-bridge/commit/905935d9b591fab3b90d3e35ab0c6eb845be06b1",
      "bytes": 1787
    },
    {
      "path": "reports/zenodo_18496170_download_progress_20260219T225144Z.md",
      "result": "https://huggingface.co/datasets/fabricioslv/omnimind-zenodo-rehydration-public-bridge/commit/e2a4b93d5eeedbfe2f664b9107c5b89cd1f67bb1",
      "bytes": 803
    },
    {
      "path": "reports/zenodo_18496170_rehydration_kickoff_20260219T224904Z.json",
      "result": "https://huggingface.co/datasets/fabricioslv/omnimind-zenodo-rehydration-public-bridge/commit/48e3f55e6f1c0733e973015aab8635406949808a",
      "bytes": 4134
    },
    {
      "path": "reports/zenodo_18496170_rehydration_kickoff_20260219T224904Z.md",
      "result": "https://huggingface.co/datasets/fabricioslv/omnimind-zenodo-rehydration-public-bridge/commit/4743571256562dab716cae4e27fb01124150f873",
      "bytes": 736
    },
    {
      "path": "reports/zenodo_6797842_mdp_params_summary_20260219T182052Z.json",
      "result": "https://huggingface.co/datasets/fabricioslv/omnimind-zenodo-rehydration-public-bridge/commit/e697e392f79d946150a4bdb4c0dfc3445fac73d2",
      "bytes": 4552
    },
    {
      "path": "reports/zenodo_6797842_mdp_params_summary_20260219T182052Z.md",
      "result": "https://huggingface.co/datasets/fabricioslv/omnimind-zenodo-rehydration-public-bridge/commit/9235995de5a447366220b556c7d51dd8d6d9f403",
      "bytes": 3115
    },
    {
      "path": "reports/zenodo_7327525_full_archive_summary_20260219T185916Z.json",
      "result": "https://huggingface.co/datasets/fabricioslv/omnimind-zenodo-rehydration-public-bridge/commit/a4272966c3a3a3792835aa68955907a3fa4b1d08",
      "bytes": 4349
    },
    {
      "path": "reports/zenodo_7327525_full_archive_summary_20260219T185916Z.md",
      "result": "https://huggingface.co/datasets/fabricioslv/omnimind-zenodo-rehydration-public-bridge/commit/63344ff958ac90a8911bc367902770bab1a98e6a",
      "bytes": 989
    },
    {
      "path": "reports/zenodo_7327525_mdp_params_summary_20260219T185941Z.json",
      "result": "https://huggingface.co/datasets/fabricioslv/omnimind-zenodo-rehydration-public-bridge/commit/3ccade31dfe2d1ea06c1c016dc948b0787931558",
      "bytes": 2397
    },
    {
      "path": "reports/zenodo_7327525_mdp_params_summary_20260219T185941Z.md",
      "result": "https://huggingface.co/datasets/fabricioslv/omnimind-zenodo-rehydration-public-bridge/commit/2c0daccc69a43584d5dbedeab238f85d33d4f428",
      "bytes": 1355
    },
    {
      "path": "reports/zenodo_full_external_qdrant_materialization_20260219T225147Z.json",
      "result": "https://huggingface.co/datasets/fabricioslv/omnimind-zenodo-rehydration-public-bridge/commit/3f0d8eea51871dc2a3437ed8e7773360f51389b8",
      "bytes": 4214
    },
    {
      "path": "reports/zenodo_full_external_qdrant_materialization_20260219T225147Z.md",
      "result": "https://huggingface.co/datasets/fabricioslv/omnimind-zenodo-rehydration-public-bridge/commit/f915b26d30062c06161408f66ca3be84c45cb880",
      "bytes": 434
    }
  ],
  "errors": [],
  "remote_total_files": 56,
  "remote_prefix_files": 24,
  "provenance": "real-data-local"
}