{
  "timestamp_utc": "2026-02-19T23:40:04.233854+00:00",
  "probe_file": "/mnt/welinton_users/Public/datasets/zenodo_records/small_first/18496170/consistency_of_standard_cosmologies__figures_v1.0.0.zip",
  "repo_id": "fabricioslv/omnimind-zenodo-rehydration-public-bridge",
  "status": "ok",
  "exit_code": 0,
  "log_tail": "\nProcessing Files (0 / 0)      : |          |  0.00B /  0.00B            \n\nNew Data Upload               : |          |  0.00B /  0.00B            \u001b[A\n\n\n  ...ogies__figures_v1.0.0.zip: 100%|██████████| 5.61MB / 5.61MB            \u001b[A\u001b[A\n\n\n  ...ogies__figures_v1.0.0.zip: 100%|██████████| 5.61MB / 5.61MB            \u001b[A\u001b[A\nProcessing Files (1 / 1)      : 100%|██████████| 5.61MB / 5.61MB,  550kB/s  \n\n\n  ...ogies__figures_v1.0.0.zip: 100%|██████████| 5.61MB / 5.61MB            \u001b[A\u001b[A\n\n\n  ...ogies__figures_v1.0.0.zip: 100%|██████████| 5.61MB / 5.61MB            \u001b[A\u001b[A\n\n\n  ...ogies__figures_v1.0.0.zip: 100%|██████████| 5.61MB / 5.61MB            \u001b[A\u001b[A\n\n\n  ...ogies__figures_v1.0.0.zip: 100%|██████████| 5.61MB / 5.61MB            \u001b[A\u001b[A\n\n\n  ...ogies__figures_v1.0.0.zip: 100%|██████████| 5.61MB / 5.61MB            \u001b[A\u001b[A\nProcessing Files (1 / 1)      : 100%|██████████| 5.61MB / 5.61MB,  561kB/s  \n\nNew Data Upload               : |          |  0.00B /  0.00B,  0.00B/s  \n\n  ...ogies__figures_v1.0.0.zip: 100%|██████████| 5.61MB / 5.61MB            \nok\n",
  "provenance": "real-data-local",
  "note": "Binary upload probe with timeout control to detect hanging behavior."
}