{
  "timestamp_utc": "2026-02-19T11:48:54.382851+00:00",
  "metadata_only_materialization_report": "reports_runtime/hf_collection_materialize_20260217T181750Z.json",
  "tree_audit_report": "reports_runtime/hf_dataset_tree_audit_real_20260219T113808Z.json",
  "local_sample_analysis_report": "reports_runtime/hf_realdata_local_samples_analysis_20260219T114612Z.json",
  "qdrant_materialization_report": "reports_runtime/hf_realdata_samples_qdrant_materialization_20260219T114729Z.json",
  "before": {
    "mode": "metadata",
    "model_mode": "metadata",
    "pulled_items": 17,
    "characterization": "metadata-only pull (mostly README/config)."
  },
  "after": {
    "qdrant_collection": "hf_realdata_samples_live",
    "qdrant_points": 1338,
    "parquet_rows_ingested": 829,
    "csv_rows_ingested": 500,
    "repos_seen": {
      "OpenMed__Medical-Reasoning-SFT-Mega": 1,
      "OpenMed__Medical-Reasoning-SFT-Nemotron-Nano-30B": 1,
      "OpenResearcher__OpenResearcher-Dataset": 3,
      "UniverseTBD__mmu_sdss_sdss": 3,
      "ibm-nasa-geospatial__Landslide4sense": 1,
      "moonworks__lunara-aesthetic-image-variations": 3,
      "nvidia__SAGE-10k": 3
    }
  },
  "pending_deep_ingest_candidates": [
    {
      "repo_id": "ibm-nasa-geospatial/Prithvi-WxC-1.0-2300M",
      "reason": "strong_data_signal_but_no_data_ok_in_local_sample"
    },
    {
      "repo_id": "nohurry/Opus-4.6-Reasoning-3000x-filtered",
      "reason": "strong_data_signal_but_no_data_ok_in_local_sample"
    },
    {
      "repo_id": "TeichAI/gemini-3-pro-preview-high-reasoning-1000x",
      "reason": "strong_data_signal_but_no_data_ok_in_local_sample"
    }
  ],
  "note": "Real local extraction/read + qdrant upsert completed for sampled files; this is no longer catalog-only."
}
