{
  "timestamp_utc": "2026-02-19T11:46:12.351157+00:00",
  "sample_root": "/home/fahbrain/projects/omnimind/data/external/hf_collections_samples",
  "files_total": 54,
  "files_ok": 13,
  "data_files_ok": 7,
  "summary_by_repo": [
    {
      "repo": "OpenMed__Medical-Reasoning-SFT-Mega",
      "files": 5,
      "ok": 1,
      "data_ok": 1
    },
    {
      "repo": "OpenMed__Medical-Reasoning-SFT-Nemotron-Nano-30B",
      "files": 5,
      "ok": 1,
      "data_ok": 1
    },
    {
      "repo": "OpenResearcher__OpenResearcher-Dataset",
      "files": 10,
      "ok": 3,
      "data_ok": 1
    },
    {
      "repo": "UniverseTBD__mmu_sdss_sdss",
      "files": 10,
      "ok": 2,
      "data_ok": 2
    },
    {
      "repo": "ibm-nasa-geospatial__Landslide4sense",
      "files": 4,
      "ok": 1,
      "data_ok": 1
    },
    {
      "repo": "moonworks__lunara-aesthetic-image-variations",
      "files": 10,
      "ok": 3,
      "data_ok": 1
    },
    {
      "repo": "nvidia__SAGE-10k",
      "files": 10,
      "ok": 2,
      "data_ok": 0
    }
  ],
  "rows": [
    {
      "path": "data/external/hf_collections_samples/dataset/moonworks__lunara-aesthetic-image-variations/14_original.jpeg",
      "ext": ".jpeg",
      "size_bytes": 218227,
      "status": "ok",
      "image_size": [
        1600,
        1200
      ],
      "mode": "RGB"
    },
    {
      "path": "data/external/hf_collections_samples/dataset/moonworks__lunara-aesthetic-image-variations/10_original.jpg",
      "ext": ".jpg",
      "size_bytes": 955753,
      "status": "ok",
      "image_size": [
        2040,
        1536
      ],
      "mode": "RGB"
    },
    {
      "path": "data/external/hf_collections_samples/dataset/ibm-nasa-geospatial__Landslide4sense/.cache/huggingface/.gitignore",
      "ext": ".gitignore",
      "size_bytes": 1,
      "status": "skipped"
    },
    {
      "path": "data/external/hf_collections_samples/dataset/ibm-nasa-geospatial__Landslide4sense/.cache/huggingface/download/annotations/test/mask_1.h5.lock",
      "ext": ".lock",
      "size_bytes": 0,
      "status": "skipped"
    },
    {
      "path": "data/external/hf_collections_samples/dataset/ibm-nasa-geospatial__Landslide4sense/.cache/huggingface/download/annotations/test/mask_1.h5.metadata",
      "ext": ".metadata",
      "size_bytes": 125,
      "status": "skipped"
    },
    {
      "path": "data/external/hf_collections_samples/dataset/ibm-nasa-geospatial__Landslide4sense/annotations/test/mask_1.h5",
      "ext": ".h5",
      "size_bytes": 18432,
      "status": "ok",
      "h5_nodes_count": 1,
      "h5_nodes_preview": [
        "mask"
      ]
    },
    {
      "path": "data/external/hf_collections_samples/dataset/OpenMed__Medical-Reasoning-SFT-Mega/data/train-00000-of-00034.parquet",
      "ext": ".parquet",
      "size_bytes": 246137477,
      "status": "ok",
      "rows": 52647,
      "cols": 1,
      "cols_preview": [
        "messages"
      ]
    },
    {
      "path": "data/external/hf_collections_samples/dataset/OpenMed__Medical-Reasoning-SFT-Mega/.cache/huggingface/.gitignore",
      "ext": ".gitignore",
      "size_bytes": 1,
      "status": "skipped"
    },
    {
      "path": "data/external/hf_collections_samples/dataset/OpenMed__Medical-Reasoning-SFT-Mega/.cache/huggingface/download/data.lock",
      "ext": ".lock",
      "size_bytes": 0,
      "status": "skipped"
    },
    {
      "path": "data/external/hf_collections_samples/dataset/OpenMed__Medical-Reasoning-SFT-Mega/.cache/huggingface/download/data/train-00000-of-00034.parquet.lock",
      "ext": ".lock",
      "size_bytes": 0,
      "status": "skipped"
    },
    {
      "path": "data/external/hf_collections_samples/dataset/OpenMed__Medical-Reasoning-SFT-Mega/.cache/huggingface/download/data/train-00000-of-00034.parquet.metadata",
      "ext": ".metadata",
      "size_bytes": 125,
      "status": "skipped"
    },
    {
      "path": "data/external/hf_collections_samples/dataset/UniverseTBD__mmu_sdss_sdss/mmu_sdss_sdss/partition_info.csv",
      "ext": ".csv",
      "size_bytes": 5136,
      "status": "ok",
      "rows": 789,
      "cols": 2,
      "cols_preview": [
        "Norder",
        "Npix"
      ]
    },
    {
      "path": "data/external/hf_collections_samples/dataset/UniverseTBD__mmu_sdss_sdss/mmu_sdss_sdss/point_map.fits",
      "ext": ".fits",
      "size_bytes": 100670400,
      "status": "skipped"
    },
    {
      "path": "data/external/hf_collections_samples/dataset/UniverseTBD__mmu_sdss_sdss/mmu_sdss_sdss/dataset/Norder=10/Dir=130000/Npix=137896.parquet",
      "ext": ".parquet",
      "size_bytes": 87104,
      "status": "ok",
      "rows": 1,
      "cols": 31,
      "cols_preview": [
        "_healpix_29",
        "spectrum",
        "VDISP",
        "VDISP_ERR",
        "Z",
        "Z_ERR",
        "ra",
        "dec",
        "healpix",
        "ZWARNING",
        "SPECTROFLUX_U",
        "SPECTROFLUX_G",
        "SPECTROFLUX_R",
        "SPECTROFLUX_I",
        "SPECTROFLUX_Z",
        "SPECTROFLUX_IVAR_U",
        "SPECTROFLUX_IVAR_G",
        "SPECTROFLUX_IVAR_R",
        "SPECTROFLUX_IVAR_I",
        "SPECTROFLUX_IVAR_Z"
      ]
    },
    {
      "path": "data/external/hf_collections_samples/dataset/UniverseTBD__mmu_sdss_sdss/.cache/huggingface/.gitignore",
      "ext": ".gitignore",
      "size_bytes": 1,
      "status": "skipped"
    },
    {
      "path": "data/external/hf_collections_samples/dataset/UniverseTBD__mmu_sdss_sdss/.cache/huggingface/download/mmu_sdss_sdss/partition_info.csv.metadata",
      "ext": ".metadata",
      "size_bytes": 101,
      "status": "skipped"
    },
    {
      "path": "data/external/hf_collections_samples/dataset/UniverseTBD__mmu_sdss_sdss/.cache/huggingface/download/mmu_sdss_sdss/point_map.fits.lock",
      "ext": ".lock",
      "size_bytes": 0,
      "status": "skipped"
    },
    {
      "path": "data/external/hf_collections_samples/dataset/UniverseTBD__mmu_sdss_sdss/.cache/huggingface/download/mmu_sdss_sdss/point_map.fits.metadata",
      "ext": ".metadata",
      "size_bytes": 125,
      "status": "skipped"
    },
    {
      "path": "data/external/hf_collections_samples/dataset/UniverseTBD__mmu_sdss_sdss/.cache/huggingface/download/mmu_sdss_sdss/partition_info.csv.lock",
      "ext": ".lock",
      "size_bytes": 0,
      "status": "skipped"
    },
    {
      "path": "data/external/hf_collections_samples/dataset/UniverseTBD__mmu_sdss_sdss/.cache/huggingface/download/mmu_sdss_sdss/dataset/Norder=10/Dir=130000/Npix=137896.parquet.metadata",
      "ext": ".metadata",
      "size_bytes": 125,
      "status": "skipped"
    },
    {
      "path": "data/external/hf_collections_samples/dataset/UniverseTBD__mmu_sdss_sdss/.cache/huggingface/download/mmu_sdss_sdss/dataset/Norder=10/Dir=130000/Npix=137896.parquet.lock",
      "ext": ".lock",
      "size_bytes": 0,
      "status": "skipped"
    },
    {
      "path": "data/external/hf_collections_samples/dataset/nvidia__SAGE-10k/assets/object_counts_distribution.png",
      "ext": ".png",
      "size_bytes": 131351,
      "status": "ok",
      "image_size": [
        2820,
        1021
      ],
      "mode": "RGBA"
    },
    {
      "path": "data/external/hf_collections_samples/dataset/nvidia__SAGE-10k/assets/preview_grid.jpg",
      "ext": ".jpg",
      "size_bytes": 2932474,
      "status": "ok",
      "image_size": [
        3360,
        2160
      ],
      "mode": "RGB"
    },
    {
      "path": "data/external/hf_collections_samples/dataset/nvidia__SAGE-10k/scenes/20251213_020526_layout_84b703fb.zip",
      "ext": ".zip",
      "size_bytes": 50628632,
      "status": "skipped"
    },
    {
      "path": "data/external/hf_collections_samples/dataset/nvidia__SAGE-10k/.cache/huggingface/.gitignore",
      "ext": ".gitignore",
      "size_bytes": 1,
      "status": "skipped"
    },
    {
      "path": "data/external/hf_collections_samples/dataset/nvidia__SAGE-10k/.cache/huggingface/download/assets/preview_grid.jpg.metadata",
      "ext": ".metadata",
      "size_bytes": 124,
      "status": "skipped"
    },
    {
      "path": "data/external/hf_collections_samples/dataset/nvidia__SAGE-10k/.cache/huggingface/download/assets/object_counts_distribution.png.metadata",
      "ext": ".metadata",
      "size_bytes": 125,
      "status": "skipped"
    },
    {
      "path": "data/external/hf_collections_samples/dataset/nvidia__SAGE-10k/.cache/huggingface/download/assets/object_counts_distribution.png.lock",
      "ext": ".lock",
      "size_bytes": 0,
      "status": "skipped"
    },
    {
      "path": "data/external/hf_collections_samples/dataset/nvidia__SAGE-10k/.cache/huggingface/download/assets/preview_grid.jpg.lock",
      "ext": ".lock",
      "size_bytes": 0,
      "status": "skipped"
    },
    {
      "path": "data/external/hf_collections_samples/dataset/nvidia__SAGE-10k/.cache/huggingface/download/scenes/20251213_020526_layout_84b703fb.zip.metadata",
      "ext": ".metadata",
      "size_bytes": 124,
      "status": "skipped"
    },
    {
      "path": "data/external/hf_collections_samples/dataset/nvidia__SAGE-10k/.cache/huggingface/download/scenes/20251213_020526_layout_84b703fb.zip.lock",
      "ext": ".lock",
      "size_bytes": 0,
      "status": "skipped"
    },
    {
      "path": "data/external/hf_collections_samples/dataset/moonworks__lunara-aesthetic-image-variations/data/train-00000-of-00017.parquet",
      "ext": ".parquet",
      "size_bytes": 53521460,
      "status": "ok",
      "rows": 168,
      "cols": 7,
      "cols_preview": [
        "original_image",
        "variant_image",
        "semantic_category_changes",
        "base_prompt",
        "variation_prompt",
        "variation_set",
        "prompt_topic"
      ]
    },
    {
      "path": "data/external/hf_collections_samples/dataset/moonworks__lunara-aesthetic-image-variations/.cache/huggingface/.gitignore",
      "ext": ".gitignore",
      "size_bytes": 1,
      "status": "skipped"
    },
    {
      "path": "data/external/hf_collections_samples/dataset/moonworks__lunara-aesthetic-image-variations/.cache/huggingface/download/14_original.jpeg.lock",
      "ext": ".lock",
      "size_bytes": 0,
      "status": "skipped"
    },
    {
      "path": "data/external/hf_collections_samples/dataset/moonworks__lunara-aesthetic-image-variations/.cache/huggingface/download/10_original.jpg.lock",
      "ext": ".lock",
      "size_bytes": 0,
      "status": "skipped"
    },
    {
      "path": "data/external/hf_collections_samples/dataset/moonworks__lunara-aesthetic-image-variations/.cache/huggingface/download/10_original.jpg.metadata",
      "ext": ".metadata",
      "size_bytes": 125,
      "status": "skipped"
    },
    {
      "path": "data/external/hf_collections_samples/dataset/moonworks__lunara-aesthetic-image-variations/.cache/huggingface/download/14_original.jpeg.metadata",
      "ext": ".metadata",
      "size_bytes": 125,
      "status": "skipped"
    },
    {
      "path": "data/external/hf_collections_samples/dataset/moonworks__lunara-aesthetic-image-variations/.cache/huggingface/download/data/train-00000-of-00017.parquet.lock",
      "ext": ".lock",
      "size_bytes": 0,
      "status": "skipped"
    },
    {
      "path": "data/external/hf_collections_samples/dataset/moonworks__lunara-aesthetic-image-variations/.cache/huggingface/download/data/train-00000-of-00017.parquet.metadata",
      "ext": ".metadata",
      "size_bytes": 125,
      "status": "skipped"
    },
    {
      "path": "data/external/hf_collections_samples/dataset/OpenResearcher__OpenResearcher-Dataset/seed_42/train-00000-of-00003.parquet",
      "ext": ".parquet",
      "size_bytes": 145476933,
      "status": "ok",
      "rows": 2034,
      "cols": 10,
      "cols_preview": [
        "qid",
        "question",
        "answer",
        "messages",
        "latency_s",
        "error",
        "attempts",
        "status",
        "chunk_idx",
        "num_chunks"
      ]
    },
    {
      "path": "data/external/hf_collections_samples/dataset/OpenResearcher__OpenResearcher-Dataset/imgs/main_table.png",
      "ext": ".png",
      "size_bytes": 224640,
      "status": "ok",
      "image_size": [
        3191,
        1557
      ],
      "mode": "RGB"
    },
    {
      "path": "data/external/hf_collections_samples/dataset/OpenResearcher__OpenResearcher-Dataset/imgs/wechat_group.jpg",
      "ext": ".jpg",
      "size_bytes": 184081,
      "status": "ok",
      "image_size": [
        1050,
        1566
      ],
      "mode": "RGB"
    },
    {
      "path": "data/external/hf_collections_samples/dataset/OpenResearcher__OpenResearcher-Dataset/.cache/huggingface/.gitignore",
      "ext": ".gitignore",
      "size_bytes": 1,
      "status": "skipped"
    },
    {
      "path": "data/external/hf_collections_samples/dataset/OpenResearcher__OpenResearcher-Dataset/.cache/huggingface/download/seed_42/train-00000-of-00003.parquet.metadata",
      "ext": ".metadata",
      "size_bytes": 124,
      "status": "skipped"
    },
    {
      "path": "data/external/hf_collections_samples/dataset/OpenResearcher__OpenResearcher-Dataset/.cache/huggingface/download/seed_42/train-00000-of-00003.parquet.lock",
      "ext": ".lock",
      "size_bytes": 0,
      "status": "skipped"
    },
    {
      "path": "data/external/hf_collections_samples/dataset/OpenResearcher__OpenResearcher-Dataset/.cache/huggingface/download/imgs/wechat_group.jpg.metadata",
      "ext": ".metadata",
      "size_bytes": 125,
      "status": "skipped"
    },
    {
      "path": "data/external/hf_collections_samples/dataset/OpenResearcher__OpenResearcher-Dataset/.cache/huggingface/download/imgs/main_table.png.lock",
      "ext": ".lock",
      "size_bytes": 0,
      "status": "skipped"
    },
    {
      "path": "data/external/hf_collections_samples/dataset/OpenResearcher__OpenResearcher-Dataset/.cache/huggingface/download/imgs/wechat_group.jpg.lock",
      "ext": ".lock",
      "size_bytes": 0,
      "status": "skipped"
    },
    {
      "path": "data/external/hf_collections_samples/dataset/OpenResearcher__OpenResearcher-Dataset/.cache/huggingface/download/imgs/main_table.png.metadata",
      "ext": ".metadata",
      "size_bytes": 125,
      "status": "skipped"
    },
    {
      "path": "data/external/hf_collections_samples/dataset/OpenMed__Medical-Reasoning-SFT-Nemotron-Nano-30B/data/train-00000-of-00009.parquet",
      "ext": ".parquet",
      "size_bytes": 268804196,
      "status": "ok",
      "rows": 49394,
      "cols": 1,
      "cols_preview": [
        "messages"
      ]
    },
    {
      "path": "data/external/hf_collections_samples/dataset/OpenMed__Medical-Reasoning-SFT-Nemotron-Nano-30B/.cache/huggingface/.gitignore",
      "ext": ".gitignore",
      "size_bytes": 1,
      "status": "skipped"
    },
    {
      "path": "data/external/hf_collections_samples/dataset/OpenMed__Medical-Reasoning-SFT-Nemotron-Nano-30B/.cache/huggingface/download/data.lock",
      "ext": ".lock",
      "size_bytes": 0,
      "status": "skipped"
    },
    {
      "path": "data/external/hf_collections_samples/dataset/OpenMed__Medical-Reasoning-SFT-Nemotron-Nano-30B/.cache/huggingface/download/data/train-00000-of-00009.parquet.lock",
      "ext": ".lock",
      "size_bytes": 0,
      "status": "skipped"
    },
    {
      "path": "data/external/hf_collections_samples/dataset/OpenMed__Medical-Reasoning-SFT-Nemotron-Nano-30B/.cache/huggingface/download/data/train-00000-of-00009.parquet.metadata",
      "ext": ".metadata",
      "size_bytes": 125,
      "status": "skipped"
    }
  ],
  "note": "Local real sample analysis only; no synthetic data."
}
