{
  "timestamp_utc": "2026-02-19T11:48:13.973217+00:00",
  "samples_root": "/home/fahbrain/projects/omnimind/data/external/hf_collections_samples",
  "collection": "hf_realdata_samples_live",
  "stats": {
    "parquet_rows": 829,
    "csv_rows": 500,
    "files_seen": 15,
    "points": 1338
  },
  "repos_seen": {
    "OpenMed__Medical-Reasoning-SFT-Mega": 1,
    "OpenMed__Medical-Reasoning-SFT-Nemotron-Nano-30B": 1,
    "OpenResearcher__OpenResearcher-Dataset": 3,
    "UniverseTBD__mmu_sdss_sdss": 3,
    "ibm-nasa-geospatial__Landslide4sense": 1,
    "moonworks__lunara-aesthetic-image-variations": 3,
    "nvidia__SAGE-10k": 3
  },
  "note": "Real sample ingestion with file/row-level analysis; no synthetic generation."
}
