{
  "timestamp_utc": "2026-02-19T01:24:54.069882+00:00",
  "inputs": {
    "d15_json": "/home/fahbrain/projects/omnimind/docs/zenodo_packs/omnimind_bio_astro_integrated_20260218T231609Z_revastrofix2/data/d15_extended_correlation_validation_20260218T184552Z.json",
    "horizon_json": "/home/fahbrain/projects/omnimind/docs/zenodo_packs/omnimind_bio_astro_integrated_20260218T231609Z_revastrofix2/data/accelerated_structure_horizon_thermo_review_20260218T205849Z.json"
  },
  "d15_top_pair": {
    "proxy": "d15_rekh_proxy",
    "covariate": "moon_illum_frac",
    "best_lag_min": 300,
    "n": 5100,
    "pearson_r": -0.8323412104628806,
    "abs_r": 0.8323412104628806,
    "bootstrap": {
      "bootstrap_n": 12000,
      "ci_low": -0.8848940359995666,
      "ci_high": -0.7555366432077367,
      "mean": -0.8305901064859506,
      "std": 0.03280275886390245
    },
    "permutation": {
      "permutation_n": 6000,
      "p_abs": 0.00016663889351774705
    }
  },
  "d15_lag_histogram_top_pairs": {
    "300": 22,
    "-300": 3,
    "297": 1,
    "-123": 1,
    "54": 2,
    "59": 6,
    "-299": 1,
    "-284": 1,
    "-39": 1,
    "-249": 1,
    "166": 1,
    "185": 1,
    "217": 1,
    "244": 1,
    "-35": 1,
    "71": 1,
    "150": 1,
    "123": 1,
    "90": 1,
    "-97": 1,
    "177": 1,
    "197": 1,
    "230": 1,
    "-124": 1,
    "-237": 1,
    "258": 1,
    "-157": 1,
    "-176": 1,
    "255": 1,
    "-94": 1,
    "127": 1,
    "-100": 1,
    "-109": 1,
    "-116": 1
  },
  "horizon_keyword_counts": {
    "horizon": 22,
    "thermodynamics": 6,
    "entropy": 5,
    "jwst": 26,
    "galaxy": 28,
    "galaxies": 40,
    "structure formation": 5,
    "dissipative": 0,
    "non-unitary": 0,
    "dark matter": 12,
    "inertia": 24
  },
  "horizon_files": [
    "jwst_modified_inertia.py",
    "fig_jwst_analysis.png",
    "Brodie2026_JWSTMassiveGalaxies.pdf"
  ],
  "method_note": "Cross-link is evidential/diagnostic using existing local summaries. No direct joint JWST×d15 time-series was available here for causal inference."
}
