{
  "timestamp_utc": "2026-02-20T02:42:11Z",
  "source": "docs/zenodo_packs/omnimind_bio_astro_integrated_20260218T231609Z_revastrofix2/data/jwst_d15_link.json",
  "figure": "images/fig_jwst_analysis.png",
  "method_scope": "Cross-link is evidential/diagnostic using existing local summaries. No direct joint JWST×d15 time-series was available here for causal inference.",
  "d15_top_pair": {
    "best_lag_min": 300,
    "pearson_r": -0.8323412104628806,
    "abs_r": 0.8323412104628806,
    "n": 5100,
    "bootstrap_ci": {
      "bootstrap_n": 12000,
      "ci_low": -0.8848940359995666,
      "ci_high": -0.7555366432077367,
      "mean": -0.8305901064859506,
      "std": 0.03280275886390245
    },
    "permutation": {
      "permutation_n": 6000,
      "p_abs": 0.00016663889351774705
    }
  },
  "jwst_keywords": {
    "horizon": 22,
    "thermodynamics": 6,
    "entropy": 5,
    "jwst": 26,
    "galaxy": 28,
    "galaxies": 40,
    "structure formation": 5,
    "dissipative": 0,
    "non-unitary": 0,
    "dark matter": 12,
    "inertia": 24
  },
  "derived_markers": {
    "inertia_times_abs_d15r": 19.976189051109134,
    "galaxies_times_abs_d15r": 33.293648418515225
  },
  "interpretation_guardrail": {
    "causal_claim": "not_supported_in_this_artifact",
    "status": "diagnostic_cross_link_only"
  }
}
