{
  "timestamp_utc": "2026-02-19T01:51:30.401926+00:00",
  "inputs": {
    "metrics_csv": "/home/fahbrain/projects/omnimind/reports_runtime/space_weather_merged_20260209T104949Z.csv",
    "covariates_csv": "/home/fahbrain/projects/omnimind/reports_runtime/cosmic_covariates_20260210T205330Z.csv"
  },
  "event": "quadrantids_window_2026_01_01_to_01_05",
  "dataset_time_range": {
    "min": "2026-02-05 10:46:00+00:00",
    "max": "2026-02-09 10:49:00+00:00"
  },
  "window_rows": 0,
  "status": "insufficient_temporal_coverage",
  "note": "Local runtime series starts in Feb/2026; no Jan event window available in this artifact."
}
