{
  "timestamp_utc": "2026-02-19T01:24:54.355267+00:00",
  "house_scheme_runtime": "15",
  "legacy_filename_kept": "microbioma_d12.json",
  "inputs": {
    "dm2_json": "/home/fahbrain/projects/omnimind/docs/zenodo_packs/omnimind_bio_astro_integrated_20260218T231609Z_revastrofix2/data/dm2_gut_immune_realdata_validation_20260218T204707Z.json",
    "astro_15houses_json": "/home/fahbrain/projects/omnimind/docs/zenodo_packs/omnimind_bio_astro_integrated_20260218T231609Z_revastrofix2/data/astro_d15_15houses_broadened_cross_20260218T235601Z.json",
    "collection_microbiome": "bio_microbiome_ship_trend_glaucoma_live"
  },
  "genus_counts_collection_scan": {
    "Klebsiella": 1,
    "Eisenbergiella": 1,
    "Escherichia_shigella": 1
  },
  "dm2_realdata_evidence_microbiome_total": 1143,
  "house15_counts_sdss": {
    "1": 19233,
    "2": 20334,
    "5": 21059,
    "6": 32539,
    "7": 16218,
    "8": 23151,
    "9": 32100,
    "10": 14869,
    "11": 18303,
    "14": 17493,
    "15": 12082
  },
  "broadening_match_key_ref": "matches[r12.0_dz0.5]=617 (z_floor=1.5)",
  "method_note": "Counts derive from real payload scan + real 15-house cross summary; no synthetic interpolation."
}
