{
  "timestamp_utc": "2026-02-20T10:53:10.402289+00:00",
  "source_file": "/home/fahbrain/projects/omnimind/docs/zenodo_packs/omnimind_bio_astro_integrated_20260218T231609Z_revastrofix2/data/bio_logs_cosine_contamination_diagnosis_20260219T203902Z.json",
  "method": {
    "name": "cosine_null_model_for_bio_logs_alignment",
    "nulls": [
      "permutation_alignment_null",
      "independent_random_simplex_null"
    ],
    "n_permutations": 20000,
    "rng_seed": 20260220
  },
  "results": [
    {
      "scenario": "baseline",
      "lane": "sector15",
      "observed_cosine": 0.989391502860876,
      "n_dims": 15,
      "n_perm": 20000,
      "h0_permutation": {
        "mean": 0.989078344210521,
        "std": 0.0008989274855526698,
        "min": 0.986295828297231,
        "max": 0.991993644598779,
        "p_ge_observed": 0.3747,
        "p_two_sided": 0.7411,
        "z_score": 0.34836920150732625
      },
      "h0_random_simplex": {
        "mean": 0.5502475895369074,
        "std": 0.14006941710404028,
        "min": 0.09778711247708971,
        "max": 0.9470787913949372,
        "p_ge_observed": 0.0,
        "z_score": 3.1351876976669555
      }
    },
    {
      "scenario": "baseline",
      "lane": "house12",
      "observed_cosine": 0.9910821224213545,
      "n_dims": 12,
      "n_perm": 20000,
      "h0_permutation": {
        "mean": 0.990909615884153,
        "std": 0.000563354545930731,
        "min": 0.9892005775341804,
        "max": 0.992515174111578,
        "p_ge_observed": 0.3933,
        "p_two_sided": 0.773,
        "z_score": 0.30621309164456045
      },
      "h0_random_simplex": {
        "mean": 0.5579705825095462,
        "std": 0.15297537228739047,
        "min": 0.06581116783708528,
        "max": 0.9675985382910454,
        "p_ge_observed": 0.0,
        "z_score": 2.831250111933926
      }
    },
    {
      "scenario": "exclude_hw",
      "lane": "sector15",
      "observed_cosine": 0.989391502860876,
      "n_dims": 15,
      "n_perm": 20000,
      "h0_permutation": {
        "mean": 0.9890693887719386,
        "std": 0.0008949579259386871,
        "min": 0.9862649901363953,
        "max": 0.9918298875464925,
        "p_ge_observed": 0.37185,
        "p_two_sided": 0.73365,
        "z_score": 0.35992092991353625
      },
      "h0_random_simplex": {
        "mean": 0.5484646967046433,
        "std": 0.141639350621134,
        "min": 0.12204056934350412,
        "max": 0.9376588734447421,
        "p_ge_observed": 0.0,
        "z_score": 3.1130247648173137
      }
    },
    {
      "scenario": "exclude_hw",
      "lane": "house12",
      "observed_cosine": 0.9910821224213545,
      "n_dims": 12,
      "n_perm": 20000,
      "h0_permutation": {
        "mean": 0.9909001197507848,
        "std": 0.0005649904281773471,
        "min": 0.989235503000456,
        "max": 0.992535036586056,
        "p_ge_observed": 0.3838,
        "p_two_sided": 0.75745,
        "z_score": 0.32213407784058995
      },
      "h0_random_simplex": {
        "mean": 0.5596801904348483,
        "std": 0.15284402884751724,
        "min": 0.07002507894058077,
        "max": 0.972725976632469,
        "p_ge_observed": 0.0,
        "z_score": 2.8224977792026698
      }
    },
    {
      "scenario": "semantic_strict",
      "lane": "sector15",
      "observed_cosine": 0.4934427392924649,
      "n_dims": 15,
      "n_perm": 20000,
      "h0_permutation": {
        "mean": 0.20774653241367497,
        "std": 0.1527483042572447,
        "min": 0.0,
        "max": 0.4934427392924649,
        "p_ge_observed": 0.0684,
        "p_two_sided": 0.0684,
        "z_score": 1.8703723636607223
      },
      "h0_random_simplex": {
        "mean": 0.5500192426731717,
        "std": 0.1410341708559448,
        "min": 0.1044460785048297,
        "max": 0.9414196447363148,
        "p_ge_observed": 0.6481,
        "z_score": -0.40115457861978143
      }
    },
    {
      "scenario": "semantic_strict",
      "lane": "house12",
      "observed_cosine": 0.551745052599663,
      "n_dims": 12,
      "n_perm": 20000,
      "h0_permutation": {
        "mean": 0.2503448088193821,
        "std": 0.1464707550757424,
        "min": 0.0,
        "max": 0.551745052599663,
        "p_ge_observed": 0.0883,
        "p_two_sided": 0.0883,
        "z_score": 2.0577503244550215
      },
      "h0_random_simplex": {
        "mean": 0.5593238164318921,
        "std": 0.15257419636338543,
        "min": 0.09406273203830194,
        "max": 0.9686769307081862,
        "p_ge_observed": 0.5224,
        "z_score": -0.0496726446074721
      }
    },
    {
      "scenario": "semantic_strict_exclude_hw",
      "lane": "sector15",
      "observed_cosine": 0.4934427392924649,
      "n_dims": 15,
      "n_perm": 20000,
      "h0_permutation": {
        "mean": 0.21002581791793865,
        "std": 0.15224802962874628,
        "min": 0.0,
        "max": 0.4934427392924649,
        "p_ge_observed": 0.06795,
        "p_two_sided": 0.06795,
        "z_score": 1.8615473846566857
      },
      "h0_random_simplex": {
        "mean": 0.5494392340129143,
        "std": 0.13959684234959013,
        "min": 0.12221513014974639,
        "max": 0.9268250245783716,
        "p_ge_observed": 0.6501,
        "z_score": -0.4011300956236406
      }
    },
    {
      "scenario": "semantic_strict_exclude_hw",
      "lane": "house12",
      "observed_cosine": 0.551745052599663,
      "n_dims": 12,
      "n_perm": 20000,
      "h0_permutation": {
        "mean": 0.2484858975623788,
        "std": 0.14649244828452537,
        "min": 0.0,
        "max": 0.551745052599663,
        "p_ge_observed": 0.0833,
        "p_two_sided": 0.0833,
        "z_score": 2.0701350724119116
      },
      "h0_random_simplex": {
        "mean": 0.561151306851265,
        "std": 0.15448934099439102,
        "min": 0.0775507880808634,
        "max": 0.9865470642935013,
        "p_ge_observed": 0.52795,
        "z_score": -0.06088610509344802
      }
    },
    {
      "scenario": "time_only",
      "lane": "sector15",
      "observed_cosine": 0.9891805424981348,
      "n_dims": 15,
      "n_perm": 20000,
      "h0_permutation": {
        "mean": 0.989313813129584,
        "std": 0.0002444441889695527,
        "min": 0.9885665183739559,
        "max": 0.9900445993940533,
        "p_ge_observed": 0.7126,
        "p_two_sided": 0.5893,
        "z_score": -0.5451986075471371
      },
      "h0_random_simplex": {
        "mean": 0.5507520950925178,
        "std": 0.14003362012114395,
        "min": 0.10864351928368625,
        "max": 0.9644990560000736,
        "p_ge_observed": 0.0,
        "z_score": 3.13087990602778
      }
    },
    {
      "scenario": "time_only",
      "lane": "house12",
      "observed_cosine": 0.9910781497165723,
      "n_dims": 12,
      "n_perm": 20000,
      "h0_permutation": {
        "mean": 0.9909897323985504,
        "std": 0.00017826544932944793,
        "min": 0.9906285312706185,
        "max": 0.9912349933605099,
        "p_ge_observed": 0.40985,
        "p_two_sided": 0.66155,
        "z_score": 0.49598684632652545
      },
      "h0_random_simplex": {
        "mean": 0.559985254810013,
        "std": 0.15372589438395404,
        "min": 0.07944718762014759,
        "max": 0.9695163578042428,
        "p_ge_observed": 0.0,
        "z_score": 2.804295897149497
      }
    },
    {
      "scenario": "time_only_exclude_hw",
      "lane": "sector15",
      "observed_cosine": 0.9891805424981348,
      "n_dims": 15,
      "n_perm": 20000,
      "h0_permutation": {
        "mean": 0.9893171936064633,
        "std": 0.00024312956920063335,
        "min": 0.9885665183739557,
        "max": 0.9900445993940533,
        "p_ge_observed": 0.71775,
        "p_two_sided": 0.58005,
        "z_score": -0.56205055097899
      },
      "h0_random_simplex": {
        "mean": 0.5500535290746137,
        "std": 0.1410001934013571,
        "min": 0.12479589933764054,
        "max": 0.963702648616763,
        "p_ge_observed": 0.0,
        "z_score": 3.1143717099277013
      }
    },
    {
      "scenario": "time_only_exclude_hw",
      "lane": "house12",
      "observed_cosine": 0.9910781497165723,
      "n_dims": 12,
      "n_perm": 20000,
      "h0_permutation": {
        "mean": 0.990990187095743,
        "std": 0.00017814742403038055,
        "min": 0.9906285312706185,
        "max": 0.9912349933605099,
        "p_ge_observed": 0.4128,
        "p_two_sided": 0.6659,
        "z_score": 0.4937630802577171
      },
      "h0_random_simplex": {
        "mean": 0.5609033124393545,
        "std": 0.15287420214395533,
        "min": 0.11102531938679416,
        "max": 0.9747559827655162,
        "p_ge_observed": 0.0,
        "z_score": 2.8139138667238295
      }
    }
  ],
  "interpretation_guardrail": "High cosine close to 1 can emerge from shared distribution shape and alignment artifacts; claims of causal coupling require temporal and semantic controls beyond raw cosine.",
  "classification": "real-data-local",
  "no_simulation_note": "Observed vectors come from real local Qdrant scans. Null distributions are statistical resampling controls over those real vectors."
}
