{
  "timestamp_utc": "2026-02-20T02:42:11Z",
  "source_doc": "studies/null_model_honest_assessment_20260208.md",
  "null_model_v1": {
    "status": "inadequate_for_dynamic_houses",
    "p_value": 0.8006,
    "effect_size_cohens_d": 0.0953,
    "interpretation": "invalidates fixed-label interpretation only"
  },
  "dynamic_topology_reading": {
    "status": "partially_supported",
    "note": "requires cycle-aligned and lag-aware validation; satellite coupling still inconclusive in short windows"
  }
}
