{
  "timestamp_utc": "2026-02-19T02:33:50.549393+00:00",
  "inputs": {
    "qdrant_url": "http://127.0.0.1:6333",
    "sdss_collection": "sdss_structures_objectlevel_live_v2",
    "desi_collection": "astro_desi_lya_objectlevel_live",
    "z_min": 1.4,
    "limit_per_collection": 50000,
    "clusters_k_requested": 5
  },
  "counts": {
    "rows_sdss": 31399,
    "rows_desi": 24724,
    "rows_combined_clean": 56123,
    "gal_plane_cross_rate": 0.0,
    "gal_plane_cross_n": 0
  },
  "correlations": {
    "house12_vs_redshift": {
      "n": 56123,
      "pearson_r": 0.041003469985143995,
      "pearson_p": 2.534101509732578e-22,
      "spearman_r": -0.05732294618910989,
      "spearman_p": 4.537981924643171e-42
    },
    "house15_vs_redshift": {
      "n": 56123,
      "pearson_r": 0.0457501391473662,
      "pearson_p": 2.1346832101259188e-27,
      "spearman_r": -0.053372432272188505,
      "spearman_p": 1.0792671030126942e-36
    },
    "house12_vs_magnitude": {
      "n": 31399,
      "pearson_r": 0.009000651857267323,
      "pearson_p": 0.11074287899665558,
      "spearman_r": -0.010221680803037482,
      "spearman_p": 0.07010482059280018
    }
  },
  "linear_model_house12_to_redshift": {
    "slope": 0.010765538087073829,
    "intercept": 2.5596509361558355,
    "rvalue": 0.04100346998514394,
    "pvalue": 2.534101509733135e-22,
    "stderr": 0.0011073554223377333,
    "n": 56123
  },
  "cluster": {
    "k_used": 5,
    "feature_columns": [
      "redshift",
      "ra_rad",
      "dec_rad",
      "house_d12"
    ],
    "stats": [
      {
        "orbital_cluster": 0,
        "redshift_mean": 5.996889164407762,
        "redshift_median": 6.172213554382324,
        "redshift_count": 1668,
        "house_d12_mean": 5.974220623501199,
        "house_d12_median": 6.0,
        "house_d12_count": 1668,
        "house_d15_mean": 7.3950839328537175,
        "house_d15_median": 7.0,
        "house_d15_count": 1668
      },
      {
        "orbital_cluster": 1,
        "redshift_mean": 2.4273935782238754,
        "redshift_median": 2.330925941467285,
        "redshift_count": 11323,
        "house_d12_mean": 7.7176543318908415,
        "house_d12_median": 8.0,
        "house_d12_count": 11323,
        "house_d15_mean": 9.382672436633401,
        "house_d15_median": 9.0,
        "house_d15_count": 11323
      },
      {
        "orbital_cluster": 2,
        "redshift_mean": 2.5449222019774846,
        "redshift_median": 2.408640068733906,
        "redshift_count": 29819,
        "house_d12_mean": 1.0678761863241557,
        "house_d12_median": 1.0,
        "house_d12_count": 29819,
        "house_d15_mean": 1.0896072973607431,
        "house_d15_median": 1.0,
        "house_d15_count": 29819
      },
      {
        "orbital_cluster": 3,
        "redshift_mean": 2.5924809618858293,
        "redshift_median": 2.3460657596588135,
        "redshift_count": 3363,
        "house_d12_mean": 11.570324115373179,
        "house_d12_median": 12.0,
        "house_d12_count": 3363,
        "house_d15_mean": 14.384478144513826,
        "house_d15_median": 14.0,
        "house_d15_count": 3363
      },
      {
        "orbital_cluster": 4,
        "redshift_mean": 2.4043134887973268,
        "redshift_median": 2.33729887008667,
        "redshift_count": 9950,
        "house_d12_mean": 5.14964824120603,
        "house_d12_median": 5.0,
        "house_d12_count": 9950,
        "house_d15_mean": 6.338994974874372,
        "house_d15_median": 6.0,
        "house_d15_count": 9950
      }
    ]
  },
  "d15_context": {
    "top_r": -0.8323412104628806,
    "top_lag_min": 300,
    "top_proxy": "d15_rekh_proxy",
    "top_covariate": "moon_illum_frac",
    "path": "/home/fahbrain/projects/omnimind/reports_runtime/d15_extended_correlation_validation_compact200_20260218T184552Z.json",
    "absolute_weight_used": 0.8323412104628806,
    "top_d15_houses_by_effect_sum": {
      "7": 88119.26939128085,
      "8": 66483.67139142011,
      "1": 58762.540743055266,
      "5": 54854.207823046985,
      "6": 51560.211253730144,
      "12": 48206.76653770694,
      "9": 46304.404751510214,
      "11": 35635.022656875444
    }
  },
  "by_collection_summary": [
    {
      "_collection": "astro_desi_lya_objectlevel_live",
      "n": 24724,
      "z_mean": 2.5231475927914024,
      "z_median": 2.411707999754979,
      "gal_plane_cross_rate": 0.0
    },
    {
      "_collection": "sdss_structures_objectlevel_live_v2",
      "n": 31399,
      "z_mean": 2.6635993298324316,
      "z_median": 2.370873212814331,
      "gal_plane_cross_rate": 0.0
    }
  ],
  "figure": "/home/fahbrain/projects/omnimind/output/img/orbital_dynamics_full_analysis_20260219T023326Z.png",
  "status_candidate": "PASS_LOCAL",
  "no_simulation_note": "All metrics are computed from real Qdrant payloads and real local reports. No synthetic random values or payload injections were used."
}
