{
  "timestamp_utc": "2026-02-18T23:39:06Z",
  "inputs": {
    "schedule_24h": "reports_runtime/orbit_queue_ephemerides_schedule_20260218T233012Z.json",
    "schedule_48h": "reports_runtime/orbit_queue_ephemerides_schedule_20260218T233456Z.json",
    "schedule_72h": "reports_runtime/orbit_queue_ephemerides_schedule_20260218T233627Z.json"
  },
  "summary": {
    "priority_c_codes": 9,
    "all_horizons_missing_codes": [
      "C19DCG5",
      "C45RW41",
      "CE5LGG2",
      "CE5V9J2",
      "P22liAW",
      "P22lnpr",
      "P22lp4E",
      "ST26B07"
    ],
    "codes_with_any_records": [
      "A11y70v"
    ]
  },
  "horizons": [
    {
      "horizon": "24h",
      "window_utc": {
        "start": "2026-02-18T23:30:12Z",
        "end": "2026-02-19T23:30:12Z",
        "step_hours": 6.0
      },
      "coverage": {
        "queue_codes": 25,
        "objects_with_records": 17,
        "record_count": 81,
        "missing_queue_codes_count": 8
      },
      "priority_c": [
        {
          "code": "A11y70v",
          "in_queue": true,
          "priority": "C",
          "has_orbit_seed": false,
          "missing_in_coverage": false,
          "records_available": true
        },
        {
          "code": "C19DCG5",
          "in_queue": true,
          "priority": "C",
          "has_orbit_seed": false,
          "missing_in_coverage": true,
          "records_available": false
        },
        {
          "code": "C45RW41",
          "in_queue": true,
          "priority": "C",
          "has_orbit_seed": false,
          "missing_in_coverage": true,
          "records_available": false
        },
        {
          "code": "CE5LGG2",
          "in_queue": true,
          "priority": "C",
          "has_orbit_seed": false,
          "missing_in_coverage": true,
          "records_available": false
        },
        {
          "code": "CE5V9J2",
          "in_queue": true,
          "priority": "C",
          "has_orbit_seed": false,
          "missing_in_coverage": true,
          "records_available": false
        },
        {
          "code": "P22liAW",
          "in_queue": true,
          "priority": "C",
          "has_orbit_seed": false,
          "missing_in_coverage": true,
          "records_available": false
        },
        {
          "code": "P22lnpr",
          "in_queue": true,
          "priority": "C",
          "has_orbit_seed": false,
          "missing_in_coverage": true,
          "records_available": false
        },
        {
          "code": "P22lp4E",
          "in_queue": true,
          "priority": "C",
          "has_orbit_seed": false,
          "missing_in_coverage": true,
          "records_available": false
        },
        {
          "code": "ST26B07",
          "in_queue": true,
          "priority": "C",
          "has_orbit_seed": false,
          "missing_in_coverage": true,
          "records_available": false
        }
      ]
    },
    {
      "horizon": "48h",
      "window_utc": {
        "start": "2026-02-18T23:34:56Z",
        "end": "2026-02-20T23:34:56Z",
        "step_hours": 6.0
      },
      "coverage": {
        "queue_codes": 25,
        "objects_with_records": 17,
        "record_count": 145,
        "missing_queue_codes_count": 8
      },
      "priority_c": [
        {
          "code": "A11y70v",
          "in_queue": true,
          "priority": "C",
          "has_orbit_seed": false,
          "missing_in_coverage": false,
          "records_available": true
        },
        {
          "code": "C19DCG5",
          "in_queue": true,
          "priority": "C",
          "has_orbit_seed": false,
          "missing_in_coverage": true,
          "records_available": false
        },
        {
          "code": "C45RW41",
          "in_queue": true,
          "priority": "C",
          "has_orbit_seed": false,
          "missing_in_coverage": true,
          "records_available": false
        },
        {
          "code": "CE5LGG2",
          "in_queue": true,
          "priority": "C",
          "has_orbit_seed": false,
          "missing_in_coverage": true,
          "records_available": false
        },
        {
          "code": "CE5V9J2",
          "in_queue": true,
          "priority": "C",
          "has_orbit_seed": false,
          "missing_in_coverage": true,
          "records_available": false
        },
        {
          "code": "P22liAW",
          "in_queue": true,
          "priority": "C",
          "has_orbit_seed": false,
          "missing_in_coverage": true,
          "records_available": false
        },
        {
          "code": "P22lnpr",
          "in_queue": true,
          "priority": "C",
          "has_orbit_seed": false,
          "missing_in_coverage": true,
          "records_available": false
        },
        {
          "code": "P22lp4E",
          "in_queue": true,
          "priority": "C",
          "has_orbit_seed": false,
          "missing_in_coverage": true,
          "records_available": false
        },
        {
          "code": "ST26B07",
          "in_queue": true,
          "priority": "C",
          "has_orbit_seed": false,
          "missing_in_coverage": true,
          "records_available": false
        }
      ]
    },
    {
      "horizon": "72h",
      "window_utc": {
        "start": "2026-02-18T23:36:27Z",
        "end": "2026-02-21T23:36:27Z",
        "step_hours": 6.0
      },
      "coverage": {
        "queue_codes": 25,
        "objects_with_records": 17,
        "record_count": 209,
        "missing_queue_codes_count": 8
      },
      "priority_c": [
        {
          "code": "A11y70v",
          "in_queue": true,
          "priority": "C",
          "has_orbit_seed": false,
          "missing_in_coverage": false,
          "records_available": true
        },
        {
          "code": "C19DCG5",
          "in_queue": true,
          "priority": "C",
          "has_orbit_seed": false,
          "missing_in_coverage": true,
          "records_available": false
        },
        {
          "code": "C45RW41",
          "in_queue": true,
          "priority": "C",
          "has_orbit_seed": false,
          "missing_in_coverage": true,
          "records_available": false
        },
        {
          "code": "CE5LGG2",
          "in_queue": true,
          "priority": "C",
          "has_orbit_seed": false,
          "missing_in_coverage": true,
          "records_available": false
        },
        {
          "code": "CE5V9J2",
          "in_queue": true,
          "priority": "C",
          "has_orbit_seed": false,
          "missing_in_coverage": true,
          "records_available": false
        },
        {
          "code": "P22liAW",
          "in_queue": true,
          "priority": "C",
          "has_orbit_seed": false,
          "missing_in_coverage": true,
          "records_available": false
        },
        {
          "code": "P22lnpr",
          "in_queue": true,
          "priority": "C",
          "has_orbit_seed": false,
          "missing_in_coverage": true,
          "records_available": false
        },
        {
          "code": "P22lp4E",
          "in_queue": true,
          "priority": "C",
          "has_orbit_seed": false,
          "missing_in_coverage": true,
          "records_available": false
        },
        {
          "code": "ST26B07",
          "in_queue": true,
          "priority": "C",
          "has_orbit_seed": false,
          "missing_in_coverage": true,
          "records_available": false
        }
      ]
    }
  ],
  "priority_c_multihorizon": {
    "A11y70v": {
      "rows": [
        {
          "horizon": "24h",
          "missing_in_coverage": false,
          "records_available": true,
          "has_orbit_seed": false
        },
        {
          "horizon": "48h",
          "missing_in_coverage": false,
          "records_available": true,
          "has_orbit_seed": false
        },
        {
          "horizon": "72h",
          "missing_in_coverage": false,
          "records_available": true,
          "has_orbit_seed": false
        }
      ],
      "all_horizons_missing": false,
      "any_records_available": true,
      "next_action": "review_existing_records"
    },
    "C19DCG5": {
      "rows": [
        {
          "horizon": "24h",
          "missing_in_coverage": true,
          "records_available": false,
          "has_orbit_seed": false
        },
        {
          "horizon": "48h",
          "missing_in_coverage": true,
          "records_available": false,
          "has_orbit_seed": false
        },
        {
          "horizon": "72h",
          "missing_in_coverage": true,
          "records_available": false,
          "has_orbit_seed": false
        }
      ],
      "all_horizons_missing": true,
      "any_records_available": false,
      "next_action": "collect_multi_epoch_tracklets"
    },
    "C45RW41": {
      "rows": [
        {
          "horizon": "24h",
          "missing_in_coverage": true,
          "records_available": false,
          "has_orbit_seed": false
        },
        {
          "horizon": "48h",
          "missing_in_coverage": true,
          "records_available": false,
          "has_orbit_seed": false
        },
        {
          "horizon": "72h",
          "missing_in_coverage": true,
          "records_available": false,
          "has_orbit_seed": false
        }
      ],
      "all_horizons_missing": true,
      "any_records_available": false,
      "next_action": "collect_multi_epoch_tracklets"
    },
    "CE5LGG2": {
      "rows": [
        {
          "horizon": "24h",
          "missing_in_coverage": true,
          "records_available": false,
          "has_orbit_seed": false
        },
        {
          "horizon": "48h",
          "missing_in_coverage": true,
          "records_available": false,
          "has_orbit_seed": false
        },
        {
          "horizon": "72h",
          "missing_in_coverage": true,
          "records_available": false,
          "has_orbit_seed": false
        }
      ],
      "all_horizons_missing": true,
      "any_records_available": false,
      "next_action": "collect_multi_epoch_tracklets"
    },
    "CE5V9J2": {
      "rows": [
        {
          "horizon": "24h",
          "missing_in_coverage": true,
          "records_available": false,
          "has_orbit_seed": false
        },
        {
          "horizon": "48h",
          "missing_in_coverage": true,
          "records_available": false,
          "has_orbit_seed": false
        },
        {
          "horizon": "72h",
          "missing_in_coverage": true,
          "records_available": false,
          "has_orbit_seed": false
        }
      ],
      "all_horizons_missing": true,
      "any_records_available": false,
      "next_action": "collect_multi_epoch_tracklets"
    },
    "P22liAW": {
      "rows": [
        {
          "horizon": "24h",
          "missing_in_coverage": true,
          "records_available": false,
          "has_orbit_seed": false
        },
        {
          "horizon": "48h",
          "missing_in_coverage": true,
          "records_available": false,
          "has_orbit_seed": false
        },
        {
          "horizon": "72h",
          "missing_in_coverage": true,
          "records_available": false,
          "has_orbit_seed": false
        }
      ],
      "all_horizons_missing": true,
      "any_records_available": false,
      "next_action": "collect_multi_epoch_tracklets"
    },
    "P22lnpr": {
      "rows": [
        {
          "horizon": "24h",
          "missing_in_coverage": true,
          "records_available": false,
          "has_orbit_seed": false
        },
        {
          "horizon": "48h",
          "missing_in_coverage": true,
          "records_available": false,
          "has_orbit_seed": false
        },
        {
          "horizon": "72h",
          "missing_in_coverage": true,
          "records_available": false,
          "has_orbit_seed": false
        }
      ],
      "all_horizons_missing": true,
      "any_records_available": false,
      "next_action": "collect_multi_epoch_tracklets"
    },
    "P22lp4E": {
      "rows": [
        {
          "horizon": "24h",
          "missing_in_coverage": true,
          "records_available": false,
          "has_orbit_seed": false
        },
        {
          "horizon": "48h",
          "missing_in_coverage": true,
          "records_available": false,
          "has_orbit_seed": false
        },
        {
          "horizon": "72h",
          "missing_in_coverage": true,
          "records_available": false,
          "has_orbit_seed": false
        }
      ],
      "all_horizons_missing": true,
      "any_records_available": false,
      "next_action": "collect_multi_epoch_tracklets"
    },
    "ST26B07": {
      "rows": [
        {
          "horizon": "24h",
          "missing_in_coverage": true,
          "records_available": false,
          "has_orbit_seed": false
        },
        {
          "horizon": "48h",
          "missing_in_coverage": true,
          "records_available": false,
          "has_orbit_seed": false
        },
        {
          "horizon": "72h",
          "missing_in_coverage": true,
          "records_available": false,
          "has_orbit_seed": false
        }
      ],
      "all_horizons_missing": true,
      "any_records_available": false,
      "next_action": "collect_multi_epoch_tracklets"
    }
  },
  "operational_recommendation": [
    "Para c\u00f3digos missing em 24/48/72h: for\u00e7ar estrat\u00e9gia multi-epoch (24h/48h/72h + segunda noite).",
    "Anexar RA/Dec por timestamp no orbit_queue para cada c\u00f3digo Priority C.",
    "Regerar schedule ap\u00f3s ingest\u00e3o de novos tracklets para observar redu\u00e7\u00e3o de missing_queue_codes."
  ]
}
