{
  "timestamp_utc": "2026-02-20T00:06:28.949675+00:00",
  "pack_dir": "/home/fahbrain/projects/omnimind/docs/zenodo_packs/omnimind_bio_astro_integrated_20260218T231609Z_revastrofix2",
  "technical_report": "/home/fahbrain/projects/omnimind/docs/zenodo_packs/omnimind_bio_astro_integrated_20260218T231609Z_revastrofix2/TECHNICAL_REPORT.md",
  "mappings_count": 26,
  "copied_count": 26,
  "copied": [
    {
      "src": "reports_runtime/hf_collection_materialize_20260217T181750Z.json",
      "dst": "docs/zenodo_packs/omnimind_bio_astro_integrated_20260218T231609Z_revastrofix2/data/hf_collection_materialize_20260217T181750Z.json",
      "size_bytes": 9027
    },
    {
      "src": "reports_runtime/hf_datasets_omnimind_no_inference_20260217T182552Z.json",
      "dst": "docs/zenodo_packs/omnimind_bio_astro_integrated_20260218T231609Z_revastrofix2/data/hf_datasets_omnimind_no_inference_20260217T182552Z.json",
      "size_bytes": 851
    },
    {
      "src": "reports_runtime/space_weather_merged_historical_20260209T154121Z.csv",
      "dst": "docs/zenodo_packs/omnimind_bio_astro_integrated_20260218T231609Z_revastrofix2/data/space_weather_merged_historical_20260209T154121Z.csv",
      "size_bytes": 6014294
    },
    {
      "src": "reports_runtime/cosmic_covariates_20260219T021619Z.csv",
      "dst": "docs/zenodo_packs/omnimind_bio_astro_integrated_20260218T231609Z_revastrofix2/data/cosmic_covariates_20260219T021619Z.csv",
      "size_bytes": 21117194
    },
    {
      "src": "reports_runtime/historical_memory_ab_superposition_20260219T211710Z.json",
      "dst": "docs/zenodo_packs/omnimind_bio_astro_integrated_20260218T231609Z_revastrofix2/data/historical_memory_ab_superposition_20260219T211710Z.json",
      "size_bytes": 110093
    },
    {
      "src": "reports_runtime/historical_memory_ab_superposition_20260219T211710Z.md",
      "dst": "docs/zenodo_packs/omnimind_bio_astro_integrated_20260218T231609Z_revastrofix2/data/historical_memory_ab_superposition_20260219T211710Z.md",
      "size_bytes": 3034
    },
    {
      "src": "reports_runtime/tier2_memory_async_closure_20260219T212146Z.json",
      "dst": "docs/zenodo_packs/omnimind_bio_astro_integrated_20260218T231609Z_revastrofix2/data/tier2_memory_async_closure_20260219T212146Z.json",
      "size_bytes": 3262
    },
    {
      "src": "reports_runtime/tier2_memory_async_closure_20260219T212146Z.md",
      "dst": "docs/zenodo_packs/omnimind_bio_astro_integrated_20260218T231609Z_revastrofix2/data/tier2_memory_async_closure_20260219T212146Z.md",
      "size_bytes": 2284
    },
    {
      "src": "reports_runtime/dual_lane_temporal_psychoanalytic_closure_20260219T213726Z.json",
      "dst": "docs/zenodo_packs/omnimind_bio_astro_integrated_20260218T231609Z_revastrofix2/data/dual_lane_temporal_psychoanalytic_closure_20260219T213726Z.json",
      "size_bytes": 3317
    },
    {
      "src": "reports_runtime/dual_lane_temporal_psychoanalytic_closure_20260219T213726Z.md",
      "dst": "docs/zenodo_packs/omnimind_bio_astro_integrated_20260218T231609Z_revastrofix2/data/dual_lane_temporal_psychoanalytic_closure_20260219T213726Z.md",
      "size_bytes": 1107
    },
    {
      "src": "reports_runtime/historical_memory_ab_superposition_20260219T230033Z.json",
      "dst": "docs/zenodo_packs/omnimind_bio_astro_integrated_20260218T231609Z_revastrofix2/data/historical_memory_ab_superposition_20260219T230033Z.json",
      "size_bytes": 113662
    },
    {
      "src": "reports_runtime/historical_memory_ab_superposition_20260219T230033Z.md",
      "dst": "docs/zenodo_packs/omnimind_bio_astro_integrated_20260218T231609Z_revastrofix2/data/historical_memory_ab_superposition_20260219T230033Z.md",
      "size_bytes": 3028
    },
    {
      "src": "output/img/historical_memory_ab_superposition_20260219T230033Z/historical_memory_ab_cosines.png",
      "dst": "docs/zenodo_packs/omnimind_bio_astro_integrated_20260218T231609Z_revastrofix2/images/historical_memory_ab_cosines.png",
      "size_bytes": 99062
    },
    {
      "src": "reports_runtime/continuation_round3_status_20260219T231233Z.json",
      "dst": "docs/zenodo_packs/omnimind_bio_astro_integrated_20260218T231609Z_revastrofix2/data/continuation_round3_status_20260219T231233Z.json",
      "size_bytes": 81909
    },
    {
      "src": "reports_runtime/continuation_round3_status_20260219T231233Z.md",
      "dst": "docs/zenodo_packs/omnimind_bio_astro_integrated_20260218T231609Z_revastrofix2/data/continuation_round3_status_20260219T231233Z.md",
      "size_bytes": 1728
    },
    {
      "src": "reports_runtime/hf_public_zenodo_rehydration_upload_20260219T233448Z.json",
      "dst": "docs/zenodo_packs/omnimind_bio_astro_integrated_20260218T231609Z_revastrofix2/data/hf_public_zenodo_rehydration_upload_20260219T233448Z.json",
      "size_bytes": 6877
    },
    {
      "src": "reports_runtime/hf_public_zenodo_rehydration_upload_20260219T233448Z.md",
      "dst": "docs/zenodo_packs/omnimind_bio_astro_integrated_20260218T231609Z_revastrofix2/data/hf_public_zenodo_rehydration_upload_20260219T233448Z.md",
      "size_bytes": 423
    },
    {
      "src": "reports_runtime/wellington_hf_bridge_status_20260219T233544Z.json",
      "dst": "docs/zenodo_packs/omnimind_bio_astro_integrated_20260218T231609Z_revastrofix2/data/wellington_hf_bridge_status_20260219T233544Z.json",
      "size_bytes": 9132
    },
    {
      "src": "reports_runtime/wellington_hf_bridge_status_20260219T233544Z.md",
      "dst": "docs/zenodo_packs/omnimind_bio_astro_integrated_20260218T231609Z_revastrofix2/data/wellington_hf_bridge_status_20260219T233544Z.md",
      "size_bytes": 1123
    },
    {
      "src": "reports_runtime/hf_public_binary_upload_probe_20260219T233905Z.json",
      "dst": "docs/zenodo_packs/omnimind_bio_astro_integrated_20260218T231609Z_revastrofix2/data/hf_public_binary_upload_probe_20260219T233905Z.json",
      "size_bytes": 1807
    },
    {
      "src": "reports_runtime/hf_public_zenodo_raw_batch2_20260219T234030Z.json",
      "dst": "docs/zenodo_packs/omnimind_bio_astro_integrated_20260218T231609Z_revastrofix2/data/hf_public_zenodo_raw_batch2_20260219T234030Z.json",
      "size_bytes": 2231
    },
    {
      "src": "reports_runtime/hf_public_repo_snapshot_20260219T234322Z.json",
      "dst": "docs/zenodo_packs/omnimind_bio_astro_integrated_20260218T231609Z_revastrofix2/data/hf_public_repo_snapshot_20260219T234322Z.json",
      "size_bytes": 8474
    },
    {
      "src": "reports_runtime/zenodo_rehydration_18496170_missing_20260219T224904Z.txt",
      "dst": "docs/zenodo_packs/omnimind_bio_astro_integrated_20260218T231609Z_revastrofix2/data/zenodo_rehydration_18496170_missing_20260219T224904Z.txt",
      "size_bytes": 1194
    },
    {
      "src": "reports_runtime/zenodo_18496170_resume_status_20260219T234541Z.json",
      "dst": "docs/zenodo_packs/omnimind_bio_astro_integrated_20260218T231609Z_revastrofix2/data/zenodo_18496170_resume_status_20260219T234541Z.json",
      "size_bytes": 2587
    },
    {
      "src": "reports_runtime/zenodo_18496170_resume_status_20260219T234541Z.md",
      "dst": "docs/zenodo_packs/omnimind_bio_astro_integrated_20260218T231609Z_revastrofix2/data/zenodo_18496170_resume_status_20260219T234541Z.md",
      "size_bytes": 1477
    },
    {
      "src": "reports_runtime/zenodo_18496170_resume_detached_status_20260219T234938Z.json",
      "dst": "docs/zenodo_packs/omnimind_bio_astro_integrated_20260218T231609Z_revastrofix2/data/zenodo_18496170_resume_detached_status_20260219T234938Z.json",
      "size_bytes": 3009
    }
  ],
  "skipped_count": 78,
  "skipped": [
    {
      "path": "data/astro_mapping_overlap_diagnosis_20260218T230709Z.json",
      "reason": "not_found_in_repo"
    },
    {
      "path": "data/astro_rehydration_collisionfix_status_20260218T230903Z.json",
      "reason": "not_found_in_repo"
    },
    {
      "path": "data/astro_desi_box_diagnosis_realdata_20260219T001044Z.json",
      "reason": "not_found_in_repo"
    },
    {
      "path": "data/astro_d15_15houses_broadened_cross_20260218T235601Z.json",
      "reason": "not_found_in_repo"
    },
    {
      "path": "studies/astro_d15_15houses_broadened_cross_20260218T235601Z.md",
      "reason": "not_found_in_repo"
    },
    {
      "path": "images/matches_heatmap_z1p5.png",
      "reason": "not_found_in_repo"
    },
    {
      "path": "images/house15_distribution_sdss_desi.png",
      "reason": "not_found_in_repo"
    },
    {
      "path": "data/orbit_queue_priority_c_multihorizon_20260218T233906Z.json",
      "reason": "not_found_in_repo"
    },
    {
      "path": "studies/orbit_queue_priority_c_multihorizon_20260218T233906Z.md",
      "reason": "not_found_in_repo"
    },
    {
      "path": "data/astro_runtime_daemon_window_alignment_20260218T235730Z.json",
      "reason": "not_found_in_repo"
    },
    {
      "path": "data/reeds_indexer_forensic_fix_validation_20260219T004649Z.json",
      "reason": "not_found_in_repo"
    },
    {
      "path": "studies/reeds_indexer_forensic_fix_validation_20260219T004649Z.md",
      "reason": "not_found_in_repo"
    },
    {
      "path": "data/reeds_interest_gate_ab_validation_20260219T005334Z.json",
      "reason": "not_found_in_repo"
    },
    {
      "path": "studies/reeds_interest_gate_ab_validation_20260219T005334Z.md",
      "reason": "not_found_in_repo"
    },
    {
      "path": "data/topological_filter_astro_lexical_probe_20260219T005428Z.json",
      "reason": "not_found_in_repo"
    },
    {
      "path": "studies/topological_filter_astro_lexical_probe_20260219T005428Z.md",
      "reason": "not_found_in_repo"
    },
    {
      "path": "data/granger_matrix.json",
      "reason": "not_found_in_repo"
    },
    {
      "path": "data/d12_phase_alignment.json",
      "reason": "not_found_in_repo"
    },
    {
      "path": "data/var_model_summary.json",
      "reason": "not_found_in_repo"
    },
    {
      "path": "images/v9_causalidade.png",
      "reason": "not_found_in_repo"
    },
    {
      "path": "data/v9_manifest.json",
      "reason": "not_found_in_repo"
    },
    {
      "path": "studies/README_v9.md",
      "reason": "not_found_in_repo"
    },
    {
      "path": "images/ethan_brown_dwarfs_bridge_20260219T015129Z.png",
      "reason": "not_found_in_repo"
    },
    {
      "path": "data/zenodo_rehydration_readiness_20260219T025639Z.json",
      "reason": "not_found_in_repo"
    },
    {
      "path": "studies/zenodo_rehydration_readiness_20260219T025639Z.md",
      "reason": "not_found_in_repo"
    },
    {
      "path": "data/zenodo_rehydration_smallfirst_20260219T025639Z.txt",
      "reason": "not_found_in_repo"
    },
    {
      "path": "data/zenodo_rehydration_full_external_20260219T025639Z.txt",
      "reason": "not_found_in_repo"
    },
    {
      "path": "data/zenodo_rehydration_execution_20260219T030004Z.json",
      "reason": "not_found_in_repo"
    },
    {
      "path": "studies/zenodo_rehydration_execution_20260219T030004Z.md",
      "reason": "not_found_in_repo"
    },
    {
      "path": "data/health_astro_loop_closure_inventory_20260219T112507Z.json",
      "reason": "not_found_in_repo"
    },
    {
      "path": "studies/health_astro_loop_closure_inventory_20260219T112507Z.md",
      "reason": "not_found_in_repo"
    },
    {
      "path": "6797842/repo.zip",
      "reason": "not_found_in_repo"
    },
    {
      "path": "data/zenodo_rehydration_chain4_status_clean_20260219T112710Z.json",
      "reason": "not_found_in_repo"
    },
    {
      "path": "studies/zenodo_rehydration_chain4_status_clean_20260219T112710Z.md",
      "reason": "not_found_in_repo"
    },
    {
      "path": "data/hf_dataset_tree_audit_real_20260219T113808Z.json",
      "reason": "not_found_in_repo"
    },
    {
      "path": "studies/hf_dataset_tree_audit_real_20260219T113808Z.md",
      "reason": "not_found_in_repo"
    },
    {
      "path": "data/hf_realdata_local_samples_analysis_20260219T114612Z.json",
      "reason": "not_found_in_repo"
    },
    {
      "path": "studies/hf_realdata_local_samples_analysis_20260219T114612Z.md",
      "reason": "not_found_in_repo"
    },
    {
      "path": "data/hf_realdata_samples_qdrant_materialization_20260219T114729Z.json",
      "reason": "not_found_in_repo"
    },
    {
      "path": "studies/hf_realdata_samples_qdrant_materialization_20260219T114729Z.md",
      "reason": "not_found_in_repo"
    },
    {
      "path": "data/hf_realdata_integration_status_20260219T114854Z.json",
      "reason": "not_found_in_repo"
    },
    {
      "path": "studies/hf_realdata_integration_status_20260219T114854Z.md",
      "reason": "not_found_in_repo"
    },
    {
      "path": "data/aging_studies_integration_realdata_20260219T120225Z.json",
      "reason": "not_found_in_repo"
    },
    {
      "path": "studies/aging_studies_integration_realdata_20260219T120225Z.md",
      "reason": "not_found_in_repo"
    },
    {
      "path": "images/aging_studies_integration_realdata_20260219T120225Z.png",
      "reason": "not_found_in_repo"
    },
    {
      "path": "data/aging_studies_integration_realdata_20260219T125603Z.json",
      "reason": "not_found_in_repo"
    },
    {
      "path": "studies/aging_studies_integration_realdata_20260219T125603Z.md",
      "reason": "not_found_in_repo"
    },
    {
      "path": "images/aging_studies_integration_realdata_20260219T125603Z.png",
      "reason": "not_found_in_repo"
    },
    {
      "path": "data/aging_literature_crosscheck_20260219T120625Z.json",
      "reason": "not_found_in_repo"
    },
    {
      "path": "studies/aging_literature_crosscheck_20260219T120625Z.md",
      "reason": "not_found_in_repo"
    },
    {
      "path": "data/rehydrated_biomarker_scan_20260219T121615Z.json",
      "reason": "not_found_in_repo"
    },
    {
      "path": "studies/rehydrated_biomarker_scan_20260219T121615Z.md",
      "reason": "not_found_in_repo"
    },
    {
      "path": "data/federated_gemini_v3_analysis_audit_20260219T125030Z.json",
      "reason": "not_found_in_repo"
    },
    {
      "path": "studies/federated_gemini_v3_analysis_audit_20260219T125030Z.md",
      "reason": "not_found_in_repo"
    },
    {
      "path": "data/aging_cross_disease_phase_join_20260219T130512Z.json",
      "reason": "not_found_in_repo"
    },
    {
      "path": "studies/aging_cross_disease_phase_join_20260219T130512Z.md",
      "reason": "not_found_in_repo"
    },
    {
      "path": "images/aging_cross_disease_phase_join_20260219T130512Z.png",
      "reason": "not_found_in_repo"
    },
    {
      "path": "data/health_astro_loop_closure_inventory_20260219T130508Z.json",
      "reason": "not_found_in_repo"
    },
    {
      "path": "studies/health_astro_loop_closure_inventory_20260219T130508Z.md",
      "reason": "not_found_in_repo"
    },
    {
      "path": "Photometric Measurements for T- and Y-Type Brown Dwarfs_17684859.zip",
      "reason": "external_reference_keep"
    },
    {
      "path": "GB GMOS gri-band coadded and fully calibrated FITS images_56059.zip",
      "reason": "external_reference_keep"
    },
    {
      "path": "GEMINI-multimorbidity_GEMINI-LTC-code-list-Public_14824760.zip",
      "reason": "external_reference_keep"
    },
    {
      "path": "Multi-wavelength Photometric Study of the Transits of an Extrasolar Asteroid_1317527.zip",
      "reason": "external_reference_keep"
    },
    {
      "path": "Simulating Tandem Mass Spectra for Small Molecules using a General-Purpose Large-Language Model_17555571.zip",
      "reason": "external_reference_keep"
    },
    {
      "path": ".tgz/.zip",
      "reason": "not_found_in_repo"
    },
    {
      "path": "data/requested_root_archives_qdrant_materialization_20260219T140101Z.json",
      "reason": "not_found_in_repo"
    },
    {
      "path": "studies/requested_root_archives_qdrant_materialization_20260219T140101Z.md",
      "reason": "not_found_in_repo"
    },
    {
      "path": "data/requested_root_archives_analysis_20260219T140805Z.json",
      "reason": "not_found_in_repo"
    },
    {
      "path": "studies/requested_root_archives_analysis_20260219T140805Z.md",
      "reason": "not_found_in_repo"
    },
    {
      "path": "data/runtime_incident_and_continuity_followup_20260219T140758Z.json",
      "reason": "not_found_in_repo"
    },
    {
      "path": "studies/runtime_incident_and_continuity_followup_20260219T140758Z.md",
      "reason": "not_found_in_repo"
    },
    {
      "path": "data/runtime_continuity_hardening_20260219T143440Z.json",
      "reason": "not_found_in_repo"
    },
    {
      "path": "studies/runtime_continuity_hardening_20260219T143440Z.md",
      "reason": "not_found_in_repo"
    },
    {
      "path": "data/pcloud_snapshot_cleanup_20260219T142034Z.json",
      "reason": "not_found_in_repo"
    },
    {
      "path": "studies/pcloud_snapshot_cleanup_20260219T142034Z.md",
      "reason": "not_found_in_repo"
    },
    {
      "path": "data/runtime_continuity_postcleanup_20260219T143723Z.json",
      "reason": "not_found_in_repo"
    },
    {
      "path": "studies/runtime_continuity_postcleanup_20260219T143723Z.md",
      "reason": "not_found_in_repo"
    },
    {
      "path": ".../6797842/repo.zip",
      "reason": "not_found_in_repo"
    }
  ]
}