{
  "timestamp_utc": "2026-02-19T14:36:22.030396+00:00",
  "classification": "real-data-local",
  "target_remote": "pcloud:omnimind_offload/snapshots_autonomous_loop",
  "policy": {
    "keep_last_zips": 120,
    "always_delete_partial": true
  },
  "before": {
    "files_total": 273,
    "zips_total": 268,
    "partials_total": 4,
    "bytes_total": 164331691307
  },
  "planned_delete": {
    "files_total": 152,
    "bytes_total": 88007670749
  },
  "executed": {
    "deleted_files": 152,
    "deleted_bytes": 88007670749,
    "failed_files": 0
  },
  "after": {
    "files_total": 121,
    "bytes_total": 76324020558,
    "pcloud_about": {
      "total": 536870912000,
      "used": 449503708675,
      "free": 87367203325
    }
  },
  "failed_examples": [],
  "deleted_examples": [
    {
      "path": "pcloud:omnimind_offload/snapshots_autonomous_loop/20260212_104150_856.zip",
      "bytes": 584308288
    },
    {
      "path": "pcloud:omnimind_offload/snapshots_autonomous_loop/20260212_104854_705.zip",
      "bytes": 585013449
    },
    {
      "path": "pcloud:omnimind_offload/snapshots_autonomous_loop/20260212_105613_740.zip",
      "bytes": 585850189
    },
    {
      "path": "pcloud:omnimind_offload/snapshots_autonomous_loop/20260212_110441_926.zip",
      "bytes": 585989103
    },
    {
      "path": "pcloud:omnimind_offload/snapshots_autonomous_loop/20260212_133827_687.zip",
      "bytes": 569690516
    },
    {
      "path": "pcloud:omnimind_offload/snapshots_autonomous_loop/20260212_134516_499.zip",
      "bytes": 569702112
    },
    {
      "path": "pcloud:omnimind_offload/snapshots_autonomous_loop/20260212_135226_443.zip",
      "bytes": 569721802
    },
    {
      "path": "pcloud:omnimind_offload/snapshots_autonomous_loop/20260212_135951_161.zip",
      "bytes": 569741718
    },
    {
      "path": "pcloud:omnimind_offload/snapshots_autonomous_loop/20260212_140648_865.zip",
      "bytes": 569759031
    },
    {
      "path": "pcloud:omnimind_offload/snapshots_autonomous_loop/20260212_140648_865.zip.73cc5ce6.partial",
      "bytes": 378793984
    }
  ],
  "no_simulation_note": "Remote cleanup executed on real pcloud objects only."
}
