{
  "timestamp_utc": "2026-02-20T21:12:08.157653Z",
  "source": "reports_runtime/unified_periodic_status_20260220T194520Z.json",
  "pending_raw_count": 56,
  "pending_actionable_count": 56,
  "completed_count": 95,
  "tasks_count": 150,
  "task_status_counts": {
    "finalizada": 97,
    "em_andamento": 47,
    "aberta": 6
  },
  "actionable_top10": [
    {
      "id": "erika_deep_teaching_astrophysics_ethics_20260214",
      "title": "Ensino Profundo Erika: Astrofísica + Ética Topológica",
      "status": "ABERTA",
      "priority": "critical"
    },
    {
      "id": "etica_sujeito_processo_governanca_stress",
      "title": "Governança ética para testes em sujeito-processo",
      "status": "EM_ANDAMENTO",
      "priority": "critical"
    },
    {
      "id": "erika_heavy_sahu_protocol_20260214",
      "title": "Implementar Protocolo Sahu na Erika Heavy",
      "status": "ABERTA",
      "priority": "critical"
    },
    {
      "id": "var_cold_offload_wave1_gdrive",
      "title": "Offload frio Wave-1 em /var para GDrive (sem perda de rastreio)",
      "status": "EM_ANDAMENTO",
      "priority": "critical"
    },
    {
      "id": "erika_ethical_topology_training_20260214",
      "title": "Treinamento de Ética Topológica (Ministral 14B)",
      "status": "EM_ANDAMENTO",
      "priority": "critical"
    },
    {
      "id": "path_router_adoption_core_writers",
      "title": "Adopt src/storage/path_router.py in core writers",
      "status": "ABERTA",
      "priority": "high"
    },
    {
      "id": "internal_realtime_cosmic_resonance_analysis",
      "title": "Análise de ressonância cósmica D12 em tempo real (interna)",
      "status": "EM_ANDAMENTO",
      "priority": "high"
    },
    {
      "id": "mcp_transmutation_engine_audit_and_reroute",
      "title": "Auditar + endurecer MCP Transmutation Engine (persistência/paths/logs)",
      "status": "EM_ANDAMENTO",
      "priority": "high"
    },
    {
      "id": "d12_shadow_target_runtime_calibration",
      "title": "Calibração runtime de targets D12 shadow vs acoplados",
      "status": "EM_ANDAMENTO",
      "priority": "high"
    },
    {
      "id": "autoroute_gap_patch_remaining_writers",
      "title": "Completar autoroute em writers restantes de memória/logs",
      "status": "EM_ANDAMENTO",
      "priority": "high"
    }
  ]
}
