{
  "timestamp_utc": "2026-02-18T23:10:41.259696+00:00",
  "total_collections": 162,
  "astro_or_positional_collections": 5,
  "collections": [
    {
      "collection": "sdss_structures_objectlevel_live_v2",
      "count": 405000,
      "sampled": 50,
      "sample_with_ra_dec_z": 50,
      "sample_with_location": 50
    },
    {
      "collection": "sdss_structures_objectlevel_live",
      "count": 163152,
      "sampled": 50,
      "sample_with_ra_dec_z": 50,
      "sample_with_location": 50
    },
    {
      "collection": "astro_desi_lya_objectlevel_live",
      "count": 24724,
      "sampled": 50,
      "sample_with_ra_dec_z": 50,
      "sample_with_location": 50
    },
    {
      "collection": "astro_desi_lya_sample_live",
      "count": 22,
      "sampled": 22,
      "sample_with_ra_dec_z": 0,
      "sample_with_location": 0
    },
    {
      "collection": "phys_accelerated_structure_horizon_thermo_live",
      "count": 3,
      "sampled": 3,
      "sample_with_ra_dec_z": 0,
      "sample_with_location": 0
    }
  ]
}
