{
  "timestamp_utc": "2026-02-19T00:40:56.503466+00:00",
  "sample_h5": "/media/fahbrain/DEV_BRAIN_CLEAN/omnimind_knowledge/temp_deglutition/reeds_neurais_extracted/central_obsdata_uchuumod.h5",
  "dataset_indexer_module": "/home/fahbrain/projects/omnimind/src/memory/dataset_indexer.py",
  "dataset_indexer_signature": "index_dataset(dataset_path, collection_name=None, chunk_size=500, dataset_type=None)",
  "probe_counts": {
    "chunks_total": 1,
    "resonance_decisions": {
      "accept": 1
    },
    "topological_decisions": {
      "interest": 1
    },
    "accepted_by_current_gate": 0
  },
  "examples": [
    {
      "chunk_id": "chunk_0",
      "resonance_decision": "accept",
      "topological_decision": "interest",
      "noise_detected": [],
      "rejection_reasons": [],
      "content_preview": "HDF5 Structure for central_obsdata_uchuumod.h5: - Dataset: ID (shape=(28975,), dtype=int64) - Datase..."
    }
  ],
  "diagnosis": [
    "Topological filter is active and can classify neutral technical metadata as interest when no lexical noise/care pattern dominates.",
    "Current DatasetIndexer gate accepts only topological decisions accept/protect_only; interest is dropped.",
    "Therefore 0/N can occur without explicit violence detection; it is a gate policy effect, not necessarily a false violence hit."
  ],
  "note_local_ethics": "Topological ethical filtering here is a native runtime module of the local system, not an external API policy wrapper."
}
