{
  "timestamp_utc": "2026-02-19T00:31:22.549828+00:00",
  "index_process": {
    "script": "scripts/science/index_reeds_neurais.py",
    "status": "finished",
    "exit_code": 0,
    "observed_log_summary": "Dataset indexer completed with repeated \"Status: success - Chunks: 0\" and \"Filtros éticos: 0/N chunks aceitos\" entries."
  },
  "qdrant": {
    "collections_total": 162,
    "counts": {
      "kb_reeds_neurais": 0,
      "erika_reeds_light_map": 1000,
      "sdss_structures_objectlevel_live_v2": 405000,
      "astro_desi_lya_objectlevel_live": 24724
    }
  },
  "diagnosis": "kb_reeds_neurais remained empty after run due to runtime filtering path rejecting all chunks.",
  "next_step": "Use dedicated raw materializer path for reeds metadata/arrays (without ethical text-chunk gating) into separate collection, preserving traceability."
}
