{
  "timestamp_utc": "2026-02-19T12:16:50.159869+00:00",
  "inputs": {
    "zenodo_root": "/mnt/welinton_users/Public/datasets/zenodo_records",
    "target_records": [
      "small_first/1173657",
      "small_first/18496170",
      "small_first/2641868",
      "full_external/2641868",
      "full_external/6797842",
      "full_external/7327525"
    ],
    "max_read_bytes": 2000000,
    "max_zip_members": 400,
    "materialize_qdrant": true,
    "qdrant_collection": "bio_aging_biomarker_terms_live"
  },
  "scan": {
    "entries_total": 12,
    "readable_entries": 7,
    "missing_paths": [
      "/mnt/welinton_users/Public/datasets/zenodo_records/full_external/7327525"
    ],
    "by_record": {
      "small_first/1173657": {
        "files": 5,
        "readable_files": 5,
        "bio_total": 8,
        "astro_total": 5,
        "disease_total": 1
      },
      "small_first/18496170": {
        "files": 3,
        "readable_files": 2,
        "bio_total": 169,
        "astro_total": 1467,
        "disease_total": 79
      },
      "small_first/2641868": {
        "files": 1,
        "readable_files": 0,
        "bio_total": 0,
        "astro_total": 0,
        "disease_total": 0
      },
      "full_external/2641868": {
        "files": 1,
        "readable_files": 0,
        "bio_total": 0,
        "astro_total": 0,
        "disease_total": 0
      },
      "full_external/6797842": {
        "files": 2,
        "readable_files": 0,
        "bio_total": 0,
        "astro_total": 0,
        "disease_total": 0
      }
    }
  },
  "term_totals": {
    "biomarker": {
      "p16": 37,
      "cdkn2a": 0,
      "p21": 23,
      "cdkn1a": 0,
      "tfeb": 3,
      "nad": 48,
      "nad+": 1,
      "eomes": 1,
      "il-4": 0,
      "il4": 22,
      "stat6": 0,
      "senescence": 0,
      "senolytic": 0,
      "mitophagy": 0,
      "microglia": 0,
      "hsc": 41,
      "myelopoiesis": 0,
      "mielopoese": 0,
      "sasp": 1,
      "apoptosis": 0
    },
    "astro": {
      "sdss": 92,
      "jwst": 0,
      "lya": 26,
      "ly-alpha": 0,
      "redshift": 0,
      "galaxy": 0,
      "galaxies": 0,
      "horizon": 42,
      "bao": 486,
      "inertia": 0,
      "cosmology": 1,
      "mcmc": 534,
      "omega": 178,
      "wcdm": 113
    },
    "disease": {
      "hiv": 43,
      "lupus": 0,
      "dm2": 37,
      "diabetes": 0,
      "microbiome": 0,
      "colorectal": 0,
      "glaucoma": 0
    }
  },
  "top_entries": [
    {
      "mode": "small_first",
      "record_id": "18496170",
      "kind": "zip",
      "path": "/mnt/welinton_users/Public/datasets/zenodo_records/small_first/18496170/consistency_of_standard_cosmologies__plotting_code_v1.0.0.zip",
      "ext": ".zip",
      "size_bytes": 2661590,
      "readable": true,
      "members_count": 4,
      "sampled_members": 4,
      "biomarker_counts": {
        "p16": 35,
        "cdkn2a": 0,
        "p21": 22,
        "cdkn1a": 0,
        "tfeb": 3,
        "nad": 48,
        "nad+": 1,
        "eomes": 1,
        "il-4": 0,
        "il4": 18,
        "stat6": 0,
        "senescence": 0,
        "senolytic": 0,
        "mitophagy": 0,
        "microglia": 0,
        "hsc": 40,
        "myelopoiesis": 0,
        "mielopoese": 0,
        "sasp": 1,
        "apoptosis": 0
      },
      "astro_counts": {
        "sdss": 92,
        "jwst": 0,
        "lya": 24,
        "ly-alpha": 0,
        "redshift": 0,
        "galaxy": 0,
        "galaxies": 0,
        "horizon": 35,
        "bao": 484,
        "inertia": 0,
        "cosmology": 0,
        "mcmc": 1,
        "omega": 156,
        "wcdm": 113
      },
      "disease_counts": {
        "hiv": 42,
        "lupus": 0,
        "dm2": 37,
        "diabetes": 0,
        "microbiome": 0,
        "colorectal": 0,
        "glaucoma": 0
      },
      "biomarker_total": 169,
      "astro_total": 905,
      "disease_total": 79
    },
    {
      "mode": "small_first",
      "record_id": "18496170",
      "kind": "zip",
      "path": "/mnt/welinton_users/Public/datasets/zenodo_records/small_first/18496170/anesthetic_2.12.0.dev0+lukashergt-devel.zip",
      "ext": ".zip",
      "size_bytes": 6463623,
      "readable": true,
      "members_count": 179,
      "sampled_members": 116,
      "biomarker_counts": {
        "p16": 0,
        "cdkn2a": 0,
        "p21": 0,
        "cdkn1a": 0,
        "tfeb": 0,
        "nad": 0,
        "nad+": 0,
        "eomes": 0,
        "il-4": 0,
        "il4": 0,
        "stat6": 0,
        "senescence": 0,
        "senolytic": 0,
        "mitophagy": 0,
        "microglia": 0,
        "hsc": 0,
        "myelopoiesis": 0,
        "mielopoese": 0,
        "sasp": 0,
        "apoptosis": 0
      },
      "astro_counts": {
        "sdss": 0,
        "jwst": 0,
        "lya": 0,
        "ly-alpha": 0,
        "redshift": 0,
        "galaxy": 0,
        "galaxies": 0,
        "horizon": 7,
        "bao": 0,
        "inertia": 0,
        "cosmology": 1,
        "mcmc": 532,
        "omega": 22,
        "wcdm": 0
      },
      "disease_counts": {
        "hiv": 0,
        "lupus": 0,
        "dm2": 0,
        "diabetes": 0,
        "microbiome": 0,
        "colorectal": 0,
        "glaucoma": 0
      },
      "biomarker_total": 0,
      "astro_total": 562,
      "disease_total": 0
    },
    {
      "mode": "small_first",
      "record_id": "1173657",
      "kind": "regular",
      "path": "/mnt/welinton_users/Public/datasets/zenodo_records/small_first/1173657/POPS_amber_lipid17_ff99ions_prod_rep2.restart",
      "ext": ".restart",
      "size_bytes": 1432512,
      "readable": true,
      "biomarker_counts": {
        "p16": 1,
        "cdkn2a": 0,
        "p21": 0,
        "cdkn1a": 0,
        "tfeb": 0,
        "nad": 0,
        "nad+": 0,
        "eomes": 0,
        "il-4": 0,
        "il4": 3,
        "stat6": 0,
        "senescence": 0,
        "senolytic": 0,
        "mitophagy": 0,
        "microglia": 0,
        "hsc": 0,
        "myelopoiesis": 0,
        "mielopoese": 0,
        "sasp": 0,
        "apoptosis": 0
      },
      "astro_counts": {
        "sdss": 0,
        "jwst": 0,
        "lya": 1,
        "ly-alpha": 0,
        "redshift": 0,
        "galaxy": 0,
        "galaxies": 0,
        "horizon": 0,
        "bao": 2,
        "inertia": 0,
        "cosmology": 0,
        "mcmc": 1,
        "omega": 0,
        "wcdm": 0
      },
      "disease_counts": {
        "hiv": 1,
        "lupus": 0,
        "dm2": 0,
        "diabetes": 0,
        "microbiome": 0,
        "colorectal": 0,
        "glaucoma": 0
      },
      "biomarker_total": 4,
      "astro_total": 4,
      "disease_total": 1
    },
    {
      "mode": "small_first",
      "record_id": "1173657",
      "kind": "regular",
      "path": "/mnt/welinton_users/Public/datasets/zenodo_records/small_first/1173657/POPS_amber_lipid17_ff99ions_prod_rep1.restart",
      "ext": ".restart",
      "size_bytes": 1432512,
      "readable": true,
      "biomarker_counts": {
        "p16": 1,
        "cdkn2a": 0,
        "p21": 1,
        "cdkn1a": 0,
        "tfeb": 0,
        "nad": 0,
        "nad+": 0,
        "eomes": 0,
        "il-4": 0,
        "il4": 1,
        "stat6": 0,
        "senescence": 0,
        "senolytic": 0,
        "mitophagy": 0,
        "microglia": 0,
        "hsc": 1,
        "myelopoiesis": 0,
        "mielopoese": 0,
        "sasp": 0,
        "apoptosis": 0
      },
      "astro_counts": {
        "sdss": 0,
        "jwst": 0,
        "lya": 1,
        "ly-alpha": 0,
        "redshift": 0,
        "galaxy": 0,
        "galaxies": 0,
        "horizon": 0,
        "bao": 0,
        "inertia": 0,
        "cosmology": 0,
        "mcmc": 0,
        "omega": 0,
        "wcdm": 0
      },
      "disease_counts": {
        "hiv": 0,
        "lupus": 0,
        "dm2": 0,
        "diabetes": 0,
        "microbiome": 0,
        "colorectal": 0,
        "glaucoma": 0
      },
      "biomarker_total": 4,
      "astro_total": 1,
      "disease_total": 0
    },
    {
      "mode": "small_first",
      "record_id": "1173657",
      "kind": "regular",
      "path": "/mnt/welinton_users/Public/datasets/zenodo_records/small_first/1173657/POPS_amber.run",
      "ext": ".run",
      "size_bytes": 357,
      "readable": true,
      "biomarker_counts": {
        "p16": 0,
        "cdkn2a": 0,
        "p21": 0,
        "cdkn1a": 0,
        "tfeb": 0,
        "nad": 0,
        "nad+": 0,
        "eomes": 0,
        "il-4": 0,
        "il4": 0,
        "stat6": 0,
        "senescence": 0,
        "senolytic": 0,
        "mitophagy": 0,
        "microglia": 0,
        "hsc": 0,
        "myelopoiesis": 0,
        "mielopoese": 0,
        "sasp": 0,
        "apoptosis": 0
      },
      "astro_counts": {
        "sdss": 0,
        "jwst": 0,
        "lya": 0,
        "ly-alpha": 0,
        "redshift": 0,
        "galaxy": 0,
        "galaxies": 0,
        "horizon": 0,
        "bao": 0,
        "inertia": 0,
        "cosmology": 0,
        "mcmc": 0,
        "omega": 0,
        "wcdm": 0
      },
      "disease_counts": {
        "hiv": 0,
        "lupus": 0,
        "dm2": 0,
        "diabetes": 0,
        "microbiome": 0,
        "colorectal": 0,
        "glaucoma": 0
      },
      "biomarker_total": 0,
      "astro_total": 0,
      "disease_total": 0
    },
    {
      "mode": "small_first",
      "record_id": "1173657",
      "kind": "regular",
      "path": "/mnt/welinton_users/Public/datasets/zenodo_records/small_first/1173657/POPS_amber_lipid17_ff99ions.prmtop",
      "ext": ".prmtop",
      "size_bytes": 8720818,
      "readable": true,
      "biomarker_counts": {
        "p16": 0,
        "cdkn2a": 0,
        "p21": 0,
        "cdkn1a": 0,
        "tfeb": 0,
        "nad": 0,
        "nad+": 0,
        "eomes": 0,
        "il-4": 0,
        "il4": 0,
        "stat6": 0,
        "senescence": 0,
        "senolytic": 0,
        "mitophagy": 0,
        "microglia": 0,
        "hsc": 0,
        "myelopoiesis": 0,
        "mielopoese": 0,
        "sasp": 0,
        "apoptosis": 0
      },
      "astro_counts": {
        "sdss": 0,
        "jwst": 0,
        "lya": 0,
        "ly-alpha": 0,
        "redshift": 0,
        "galaxy": 0,
        "galaxies": 0,
        "horizon": 0,
        "bao": 0,
        "inertia": 0,
        "cosmology": 0,
        "mcmc": 0,
        "omega": 0,
        "wcdm": 0
      },
      "disease_counts": {
        "hiv": 0,
        "lupus": 0,
        "dm2": 0,
        "diabetes": 0,
        "microbiome": 0,
        "colorectal": 0,
        "glaucoma": 0
      },
      "biomarker_total": 0,
      "astro_total": 0,
      "disease_total": 0
    },
    {
      "mode": "small_first",
      "record_id": "1173657",
      "kind": "regular",
      "path": "/mnt/welinton_users/Public/datasets/zenodo_records/small_first/1173657/membrane_64_64_water.pdb",
      "ext": ".pdb",
      "size_bytes": 2583374,
      "readable": true,
      "biomarker_counts": {
        "p16": 0,
        "cdkn2a": 0,
        "p21": 0,
        "cdkn1a": 0,
        "tfeb": 0,
        "nad": 0,
        "nad+": 0,
        "eomes": 0,
        "il-4": 0,
        "il4": 0,
        "stat6": 0,
        "senescence": 0,
        "senolytic": 0,
        "mitophagy": 0,
        "microglia": 0,
        "hsc": 0,
        "myelopoiesis": 0,
        "mielopoese": 0,
        "sasp": 0,
        "apoptosis": 0
      },
      "astro_counts": {
        "sdss": 0,
        "jwst": 0,
        "lya": 0,
        "ly-alpha": 0,
        "redshift": 0,
        "galaxy": 0,
        "galaxies": 0,
        "horizon": 0,
        "bao": 0,
        "inertia": 0,
        "cosmology": 0,
        "mcmc": 0,
        "omega": 0,
        "wcdm": 0
      },
      "disease_counts": {
        "hiv": 0,
        "lupus": 0,
        "dm2": 0,
        "diabetes": 0,
        "microbiome": 0,
        "colorectal": 0,
        "glaucoma": 0
      },
      "biomarker_total": 0,
      "astro_total": 0,
      "disease_total": 0
    },
    {
      "mode": "small_first",
      "record_id": "18496170",
      "kind": "zip",
      "path": "/mnt/welinton_users/Public/datasets/zenodo_records/small_first/18496170/consistency_of_standard_cosmologies__figures_v1.0.0.zip",
      "ext": ".zip",
      "size_bytes": 5606122,
      "readable": false,
      "members_count": 22,
      "sampled_members": 0,
      "biomarker_counts": {},
      "astro_counts": {},
      "disease_counts": {},
      "biomarker_total": 0,
      "astro_total": 0,
      "disease_total": 0
    },
    {
      "mode": "small_first",
      "record_id": "2641868",
      "kind": "regular",
      "path": "/mnt/welinton_users/Public/datasets/zenodo_records/small_first/2641868/ThiS_process.tar",
      "ext": ".tar",
      "size_bytes": 20480,
      "readable": false
    },
    {
      "mode": "full_external",
      "record_id": "2641868",
      "kind": "regular",
      "path": "/mnt/welinton_users/Public/datasets/zenodo_records/full_external/2641868/ThiS-form3.tar",
      "ext": ".tar",
      "size_bytes": 4845475840,
      "readable": false
    },
    {
      "mode": "full_external",
      "record_id": "6797842",
      "kind": "zip",
      "path": "/mnt/welinton_users/Public/datasets/zenodo_records/full_external/6797842/repo.zip",
      "ext": ".zip",
      "size_bytes": 22029533184,
      "readable": false,
      "members_count": 0,
      "sampled_members": 0,
      "error": "File is not a zip file"
    },
    {
      "mode": "full_external",
      "record_id": "6797842",
      "kind": "regular",
      "path": "/mnt/welinton_users/Public/datasets/zenodo_records/full_external/6797842/repo.zip.aria2",
      "ext": ".aria2",
      "size_bytes": 3153,
      "readable": false
    }
  ],
  "qdrant_materialization": {
    "collection": "bio_aging_biomarker_terms_live",
    "points_upserted": 12
  },
  "no_simulation_note": "Scan over real local files and archives only; no synthetic text/data generation."
}
