{
  "timestamp_utc": "2026-02-19T13:15:06.235268+00:00",
  "qdrant_url": "http://127.0.0.1:6333",
  "vector_size": 16,
  "zip_specs_total": 5,
  "materialized_total": 5,
  "missing_zips": [],
  "materialized": [
    {
      "zip_name": "Photometric Measurements for T- and Y-Type Brown Dwarfs_17684859.zip",
      "collection": "astro_brown_dwarfs_photometric_17684859_live",
      "dataset_tag": "brown_dwarfs_photometric",
      "zip_size_bytes_on_disk": 237218,
      "entries_total": 1,
      "files_total": 1,
      "dirs_total": 0,
      "total_uncompressed_bytes": 237032,
      "total_compressed_bytes": 237032,
      "extensions_top": {
        ".txt": 1
      },
      "record_type_counts": {
        "file_meta": 1,
        "text_snippet": 1
      },
      "table_rows_ingested": 0,
      "qdrant_points_count_after": 2
    },
    {
      "zip_name": "GB GMOS gri-band coadded and fully calibrated FITS images_56059.zip",
      "collection": "astro_gmos_gri_fits_56059_live",
      "dataset_tag": "gmos_gri_fits_images",
      "zip_size_bytes_on_disk": 2285270232,
      "entries_total": 17,
      "files_total": 17,
      "dirs_total": 0,
      "total_uncompressed_bytes": 2285267632,
      "total_compressed_bytes": 2285267632,
      "extensions_top": {
        ".tgz": 17
      },
      "record_type_counts": {
        "file_meta": 17,
        "nested_member_meta": 119
      },
      "table_rows_ingested": 0,
      "qdrant_points_count_after": 136
    },
    {
      "zip_name": "GEMINI-multimorbidity_GEMINI-LTC-code-list-Public_14824760.zip",
      "collection": "bio_gemini_multimorbidity_ltc_14824760_live",
      "dataset_tag": "gemini_multimorbidity_ltc_codes",
      "zip_size_bytes_on_disk": 446336,
      "entries_total": 1,
      "files_total": 1,
      "dirs_total": 0,
      "total_uncompressed_bytes": 446078,
      "total_compressed_bytes": 446078,
      "extensions_top": {
        ".zip": 1
      },
      "record_type_counts": {
        "file_meta": 1,
        "nested_member_meta": 89
      },
      "table_rows_ingested": 0,
      "qdrant_points_count_after": 90
    },
    {
      "zip_name": "Multi-wavelength Photometric Study of the Transits of an Extrasolar Asteroid_1317527.zip",
      "collection": "astro_extrasolar_asteroid_transits_1317527_live",
      "dataset_tag": "extrasolar_asteroid_transits_photometric",
      "zip_size_bytes_on_disk": 4302661,
      "entries_total": 1,
      "files_total": 1,
      "dirs_total": 0,
      "total_uncompressed_bytes": 4302481,
      "total_compressed_bytes": 4302481,
      "extensions_top": {
        ".pdf": 1
      },
      "record_type_counts": {
        "file_meta": 1
      },
      "table_rows_ingested": 0,
      "qdrant_points_count_after": 1
    },
    {
      "zip_name": "Simulating Tandem Mass Spectra for Small Molecules using a General-Purpose Large-Language Model_17555571.zip",
      "collection": "chem_tandem_mass_spectra_llm_17555571_live",
      "dataset_tag": "tandem_mass_spectra_small_molecules",
      "zip_size_bytes_on_disk": 9027203,
      "entries_total": 13,
      "files_total": 13,
      "dirs_total": 0,
      "total_uncompressed_bytes": 9024657,
      "total_compressed_bytes": 9024657,
      "extensions_top": {
        ".txt": 5,
        ".msp": 2,
        ".csv": 2,
        ".xlsx": 2,
        ".json": 1,
        ".py": 1
      },
      "record_type_counts": {
        "file_meta": 13,
        "text_snippet": 6,
        "table_row": 30138
      },
      "table_rows_ingested": 30138,
      "qdrant_points_count_after": 30157
    }
  ],
  "method_note": "Real local ZIP ingestion with complete entry traversal and structured table parsing for CSV/TSV/XLSX where present. No synthetic data generation."
}
