{
  "timestamp_utc": "2026-02-19T14:08:05.355692+00:00",
  "archives_requested_total": 5,
  "archives_found_total": 5,
  "archives_missing": [],
  "archives": [
    {
      "zip_name": "Photometric Measurements for T- and Y-Type Brown Dwarfs_17684859.zip",
      "size_bytes_on_disk": 237218,
      "entries_total": 1,
      "files_total": 1,
      "dirs_total": 0,
      "total_uncompressed_bytes": 237032,
      "total_compressed_bytes": 237032,
      "compression_ratio": 1.0,
      "extensions_top": {
        ".txt": 1
      },
      "largest_entries_top10": [
        {
          "name": "apjadf21ft6_mrt.v4.txt",
          "size_bytes": 237032,
          "compressed_bytes": 237032
        }
      ]
    },
    {
      "zip_name": "GB GMOS gri-band coadded and fully calibrated FITS images_56059.zip",
      "size_bytes_on_disk": 2285270232,
      "entries_total": 17,
      "files_total": 17,
      "dirs_total": 0,
      "total_uncompressed_bytes": 2285267632,
      "total_compressed_bytes": 2285267632,
      "compression_ratio": 1.0,
      "extensions_top": {
        ".tgz": 17
      },
      "largest_entries_top10": [
        {
          "name": "J2240-0927.tgz",
          "size_bytes": 204926757,
          "compressed_bytes": 204926757
        },
        {
          "name": "J15051944.tgz",
          "size_bytes": 138387286,
          "compressed_bytes": 138387286
        },
        {
          "name": "J01592703.tgz",
          "size_bytes": 136899047,
          "compressed_bytes": 136899047
        },
        {
          "name": "J00243258.tgz",
          "size_bytes": 136819696,
          "compressed_bytes": 136819696
        },
        {
          "name": "J23083303.tgz",
          "size_bytes": 134769204,
          "compressed_bytes": 134769204
        },
        {
          "name": "J01112253.tgz",
          "size_bytes": 134658693,
          "compressed_bytes": 134658693
        },
        {
          "name": "J13510816.tgz",
          "size_bytes": 132497176,
          "compressed_bytes": 132497176
        },
        {
          "name": "J14412517.tgz",
          "size_bytes": 132199773,
          "compressed_bytes": 132199773
        },
        {
          "name": "J15043439.tgz",
          "size_bytes": 132146056,
          "compressed_bytes": 132146056
        },
        {
          "name": "J22022309.tgz",
          "size_bytes": 132000820,
          "compressed_bytes": 132000820
        }
      ]
    },
    {
      "zip_name": "GEMINI-multimorbidity_GEMINI-LTC-code-list-Public_14824760.zip",
      "size_bytes_on_disk": 446336,
      "entries_total": 1,
      "files_total": 1,
      "dirs_total": 0,
      "total_uncompressed_bytes": 446078,
      "total_compressed_bytes": 446078,
      "compression_ratio": 1.0,
      "extensions_top": {
        ".zip": 1
      },
      "largest_entries_top10": [
        {
          "name": "GEMINI-multimorbidity/GEMINI-LTC-code-list-Public-v1.0.zip",
          "size_bytes": 446078,
          "compressed_bytes": 446078
        }
      ]
    },
    {
      "zip_name": "Multi-wavelength Photometric Study of the Transits of an Extrasolar Asteroid_1317527.zip",
      "size_bytes_on_disk": 4302661,
      "entries_total": 1,
      "files_total": 1,
      "dirs_total": 0,
      "total_uncompressed_bytes": 4302481,
      "total_compressed_bytes": 4302481,
      "compression_ratio": 1.0,
      "extensions_top": {
        ".pdf": 1
      },
      "largest_entries_top10": [
        {
          "name": "OPS2018_Talk_Xu.pdf",
          "size_bytes": 4302481,
          "compressed_bytes": 4302481
        }
      ]
    },
    {
      "zip_name": "Simulating Tandem Mass Spectra for Small Molecules using a General-Purpose Large-Language Model_17555571.zip",
      "size_bytes_on_disk": 9027203,
      "entries_total": 13,
      "files_total": 13,
      "dirs_total": 0,
      "total_uncompressed_bytes": 9024657,
      "total_compressed_bytes": 9024657,
      "compression_ratio": 1.0,
      "extensions_top": {
        ".txt": 5,
        ".msp": 2,
        ".csv": 2,
        ".xlsx": 2,
        ".json": 1,
        ".py": 1
      },
      "largest_entries_top10": [
        {
          "name": "Positive_mode_spectra_similarity_results.csv",
          "size_bytes": 3732126,
          "compressed_bytes": 3732126
        },
        {
          "name": "Gemini_Prediction_Positive_Mass_Spectra_11.04.2025.msp",
          "size_bytes": 2175947,
          "compressed_bytes": 2175947
        },
        {
          "name": "Negative_mode_spectra_similarity_results.csv",
          "size_bytes": 1492542,
          "compressed_bytes": 1492542
        },
        {
          "name": "Gemini_prediction_Negative_Mass_Spectra_11.04.2025.msp",
          "size_bytes": 1218876,
          "compressed_bytes": 1218876
        },
        {
          "name": "positive_mode_nodes_cytoscape.txt",
          "size_bytes": 200136,
          "compressed_bytes": 200136
        },
        {
          "name": "negative_mode_nodes_cytoscape.txt",
          "size_bytes": 95075,
          "compressed_bytes": 95075
        },
        {
          "name": "IDSL.CSA_parameters_for_negative_mode.xlsx",
          "size_bytes": 40101,
          "compressed_bytes": 40101
        },
        {
          "name": "IDSL.CSA_parameters_for_positive_mode.xlsx",
          "size_bytes": 40084,
          "compressed_bytes": 40084
        },
        {
          "name": "gemini_spectra_generate.py",
          "size_bytes": 14570,
          "compressed_bytes": 14570
        },
        {
          "name": "gemini_prompt_negative_mode.txt",
          "size_bytes": 6179,
          "compressed_bytes": 6179
        }
      ]
    }
  ],
  "method_note": "Central directory analysis only; no extraction and no synthetic data."
}
