{
  "timestamp_utc": "2026-02-19T14:37:23.931617+00:00",
  "classification": "real-data-local",
  "runtime_continuity_hardening_report": "reports_runtime/runtime_continuity_hardening_20260219T143440Z.json",
  "pcloud_snapshot_cleanup_report": "reports_runtime/pcloud_snapshot_cleanup_20260219T142034Z.json",
  "final_pcloud_about": {
    "total": 536870912000,
    "used": 449503708675,
    "free": 87367203325
  },
  "final_snapshots_autonomous_loop": {
    "files_total": 121,
    "bytes_total": 76324020558,
    "keep_last_zips_policy": 120
  },
  "download_phase2_status": "completed",
  "download_phase2_file": "/mnt/welinton_users/Public/datasets/zenodo_records/full_external/6797842/repo.zip",
  "hardening": {
    "swappiness": 65,
    "vfs_cache_pressure": 80,
    "dirty_ratio": 15,
    "dirty_background_ratio": 5,
    "oomd_effective_excerpt": [
      "20:#DefaultMemoryPressureLimit=60%",
      "21:#DefaultMemoryPressureDurationSec=30s",
      "25:DefaultMemoryPressureDurationSec=20s",
      "30:DefaultMemoryPressureLimit=70%",
      "31:DefaultMemoryPressureDurationSec=45s",
      "32:SwapUsedLimit=95%"
    ],
    "files": [
      "/etc/sysctl.d/99-omnimind-memory.conf",
      "/etc/sysctl.d/99-omnimind.conf",
      "/etc/systemd/oomd.conf.d/99-omnimind-antireset.conf"
    ]
  },
  "incident_conclusion": "Session reset cascade from user-slice memory pressure; NVIDIA messages are secondary during display/session restart.",
  "no_simulation_note": "Only real local runtime logs/config and real remote metadata were used."
}
