{
  "timestamp_utc": "2026-02-19T14:07:59.250394+00:00",
  "classification": "real-data-local",
  "incident": {
    "event_window": "2026-02-19 10:20-10:40 local",
    "primary_trigger": "systemd-oomd killed user dbus due memory pressure",
    "supporting_signals": [
      "pcloud.bin ANOM_ABEND (sig=7)",
      "chrome/windsurf abort after dbus disconnect",
      "gnome-session manager lost bus name",
      "nvidia-drm modeset ownership errors during session teardown/restart"
    ],
    "inference": "Session reset likely triggered by memory pressure (systemd-oomd killed user dbus) with concurrent pcloud.bin abort and NVIDIA/GDM modeset errors; no full reboot detected."
  },
  "updates_audit": {
    "auto_upgrades_config_20auto_upgrades": "APT::Periodic::Update-Package-Lists \"1\";\nAPT::Periodic::Unattended-Upgrade \"1\";",
    "note": "Unattended upgrades enabled (Update-Package-Lists=1, Unattended-Upgrade=1)."
  },
  "continuity_status": {
    "phase2_download_progress_line": "FILE: /mnt/welinton_users/Public/datasets/zenodo_records/full_external/6797842/repo.zip",
    "key_processes": [
      "fahbrain  273772    6023  0 08:25 ?        00:00:00 bash -c MARKER=\"/mnt/welinton_users/Public/datasets/zenodo_records/full_external/6797842/repo.zip.aria2\"; PH3=\"reports_runtime/zenodo_rehydration_phase3_20260219T0305Z.txt\"; PH3LOG=\"reports_runtime/wellington_zenodo_rehydration_phase3_setsess_20260219T112535Z.log\"; echo \"[chain4] start $(date -Iseconds)\"; while [ -e \"$MARKER\" ]; do echo \"[chain4] waiting marker @ $(date -Iseconds)\"; sleep 60; done; echo \"[chain4] marker cleared @ $(date -Iseconds)\"; exec aria2c -i \"$PH3\" -x 8 -s 8 -j 1 --continue=true --summary-interval=30 --auto-file-renaming=false --file-allocation=none --max-overall-download-limit=30M >> \"$PH3LOG\" 2>&1",
      "fahbrain  497569    6023  1 09:11 ?        00:01:36 aria2c -i reports_runtime/zenodo_rehydration_phase2_20260219T0305Z.txt -x 8 -s 8 -j 1 --continue=true --summary-interval=30 --auto-file-renaming=false --file-allocation=none --max-overall-download-limit=30M",
      "fahbrain  706444       1  0 Feb12 ?        01:37:41 /usr/bin/qdrant",
      "fahbrain  982289       1  0 Feb16 ?        00:00:21 /home/fahbrain/projects/omnimind/.venv/bin/python /home/fahbrain/projects/omnimind/dream_weaver.py",
      "root     2897881 2891518  0 02:55 ?        00:00:00 [aria2c] <defunct>"
    ],
    "memory_snapshot": "total       usada       livre    compart.  buff/cache  disponível\nMem.:           23Gi        15Gi       727Mi       668Mi       7.4Gi       7.1Gi\nSwap:           30Gi        11Gi        18Gi",
    "timers_snapshot": [
      "2:Thu 2026-02-19 11:08:16 -03 17s left      Thu 2026-02-19 11:03:16 -03 4min 42s ago     omnimind-snapshots-offload-pcloud.timer      omnimind-snapshots-offload-pcloud.service",
      "3:Thu 2026-02-19 11:10:00 -03 2min 0s left  Thu 2026-02-19 11:00:02 -03 7min ago         omnimind-pcloud-stream-uploader.timer        omnimind-pcloud-stream-uploader.service",
      "6:Thu 2026-02-19 11:10:19 -03 2min 20s left Thu 2026-02-19 11:00:19 -03 7min ago         omnimind-pcloud-backfill-dirty.timer         omnimind-pcloud-backfill-dirty.service",
      "7:Thu 2026-02-19 11:11:56 -03 3min 56s left Thu 2026-02-19 10:41:56 -03 26min ago        omnimind-qdrant-autopilot.timer              omnimind-qdrant-autopilot.service",
      "10:Thu 2026-02-19 11:15:01 -03 7min left     Thu 2026-02-19 11:01:19 -03 6min ago         omnimind-gdrive-cold-offload.timer           omnimind-gdrive-cold-offload.service",
      "11:Thu 2026-02-19 11:30:49 -03 22min left    Thu 2026-02-19 11:00:19 -03 7min ago         omnimind-hf-private-cold-offload.timer       omnimind-hf-private-cold-offload.service",
      "12:Thu 2026-02-19 11:35:16 -03 27min left    Thu 2026-02-19 10:50:16 -03 17min ago        omnimind-bio-15houses-refresh.timer          omnimind-bio-15houses-refresh.service",
      "13:n/a                         n/a           Wed 2026-02-11 02:12:22 -03 1 week 1 day ago omnimind-pcloud-overflow-user.timer          omnimind-pcloud-overflow-user.service"
    ]
  },
  "pcloud_status": {
    "about": {
      "total": 536870912000,
      "used": 537511379424,
      "free": 0
    },
    "topdir_cleanup_candidates": [
      {
        "dir": "omnimind_offload",
        "bytes": 164331691307,
        "size_gib": 153.046,
        "objects": "273"
      },
      {
        "dir": "DEV_BRAIN_CLEAN",
        "bytes": 91525498752,
        "size_gib": 85.24,
        "objects": "113.139k (113139)"
      },
      {
        "dir": "omnimind_memory",
        "bytes": 32970090966,
        "size_gib": 30.706,
        "objects": "4.777k (4777)"
      },
      {
        "dir": "omnimind_cold",
        "bytes": 17863441076,
        "size_gib": 16.637,
        "objects": "113"
      },
      {
        "dir": "omnimind_archives",
        "bytes": 6026781023,
        "size_gib": 5.613,
        "objects": "127"
      }
    ],
    "note": "pCloud is at/over quota; largest usage concentrated in snapshots and DEV_BRAIN_CLEAN trees."
  },
  "new_root_archives_ingestion": {
    "report_json": "/home/fahbrain/projects/omnimind/reports_runtime/requested_root_archives_qdrant_materialization_20260219T140101Z.json",
    "materialized_total": 5,
    "zip_specs_total": 5,
    "collections": [
      {
        "collection": "astro_brown_dwarfs_photometric_17684859_live",
        "entries_total": 1,
        "table_rows_ingested": 0,
        "qdrant_points_count_after": 2
      },
      {
        "collection": "astro_gmos_gri_fits_56059_live",
        "entries_total": 17,
        "table_rows_ingested": 0,
        "qdrant_points_count_after": 136
      },
      {
        "collection": "bio_gemini_multimorbidity_ltc_14824760_live",
        "entries_total": 1,
        "table_rows_ingested": 0,
        "qdrant_points_count_after": 90
      },
      {
        "collection": "astro_extrasolar_asteroid_transits_1317527_live",
        "entries_total": 1,
        "table_rows_ingested": 0,
        "qdrant_points_count_after": 1
      },
      {
        "collection": "chem_tandem_mass_spectra_llm_17555571_live",
        "entries_total": 13,
        "table_rows_ingested": 30138,
        "qdrant_points_count_after": 30157
      }
    ],
    "no_simulation_note": "Real local ZIP ingestion with complete entry traversal and structured table parsing for CSV/TSV/XLSX where present. No synthetic data generation."
  },
  "operational_recommendations": [
    "Reduce concurrent pCloud-heavy timers during active interactive sessions.",
    "Keep large dataset scans bounded to avoid additional memory pressure.",
    "Prioritize remote cleanup in pcloud:omnimind_offload/snapshots_autonomous_loop and pcloud:DEV_BRAIN_CLEAN/omnimind_complete_20251214_071425.",
    "Maintain chain4 watcher; do not interrupt phase2 until marker clears."
  ],
  "method_note": "Compiled from local logs, process state, filesystem/network probes, and generated runtime reports. No synthetic data."
}
