{
  "timestamp_utc": "2026-02-19T14:34:48.285007+00:00",
  "classification": "real-data-local",
  "incident": {
    "oomd_primary_line": "Feb 19 11:33:42 omnimind-dev systemd[1]: Started Userspace Out-Of-Memory (OOM) Killer.",
    "impact_chain_excerpt": [
      "194099:Feb 19 10:31:06 omnimind-dev audit[3290228]: ANOM_ABEND auid=1000 uid=1000 gid=1000 ses=3 subj=unconfined pid=3290228 comm=\"ThreadPoolSingl\" exe=\"/opt/google/chrome/chrome\" sig=5 res=1",
      "194110:Feb 19 10:31:06 omnimind-dev audit[2524187]: ANOM_ABEND auid=1000 uid=1000 gid=1000 ses=3 subj=unconfined pid=2524187 comm=\"ThreadPoolSingl\" exe=\"/tmp/.mount_pcloudZl9OaA/pcloud.bin\" sig=5 res=1",
      "194123:Feb 19 10:31:06 omnimind-dev audit[2524275]: ANOM_ABEND auid=1000 uid=1000 gid=1000 ses=3 subj=unconfined pid=2524275 comm=\"pcloud.bin\" exe=\"/tmp/.mount_pcloudZl9OaA/pcloud.bin\" sig=7 res=1",
      "194124:Feb 19 10:31:06 omnimind-dev audit[2524274]: ANOM_ABEND auid=1000 uid=1000 gid=1000 ses=3 subj=unconfined pid=2524274 comm=\"pcloud.bin\" exe=\"/tmp/.mount_pcloudZl9OaA/pcloud.bin\" sig=7 res=1",
      "194125:Feb 19 10:31:06 omnimind-dev audit[2524385]: ANOM_ABEND auid=1000 uid=1000 gid=1000 ses=3 subj=unconfined pid=2524385 comm=\"Chrome_ChildIOT\" exe=\"/tmp/.mount_pcloudZl9OaA/pcloud.bin\" sig=7 res=1",
      "194126:Feb 19 10:31:06 omnimind-dev audit[2524391]: ANOM_ABEND auid=1000 uid=1000 gid=1000 ses=3 subj=unconfined pid=2524391 comm=\"Chrome_ChildIOT\" exe=\"/tmp/.mount_pcloudZl9OaA/pcloud.bin\" sig=7 res=1",
      "196136:Feb 19 10:31:46 omnimind-dev gnome-session[876470]: gnome-session-binary[876470]: WARNING: Lost name on bus: org.gnome.SessionManager",
      "196137:Feb 19 10:31:46 omnimind-dev gnome-session-binary[876470]: WARNING: Lost name on bus: org.gnome.SessionManager",
      "196198:Feb 19 10:31:46 omnimind-dev kernel: [drm:nv_drm_master_set [nvidia_drm]] *ERROR* [nvidia-drm] [GPU ID 0x00000100] Failed to grab modeset ownership",
      "196199:Feb 19 10:31:46 omnimind-dev kernel: [drm:nv_drm_master_set [nvidia_drm]] *ERROR* [nvidia-drm] [GPU ID 0x00000100] Failed to grab modeset ownership",
      "196200:Feb 19 10:31:46 omnimind-dev kernel: [drm:nv_drm_master_set [nvidia_drm]] *ERROR* [nvidia-drm] [GPU ID 0x00000100] Failed to grab modeset ownership",
      "196201:Feb 19 10:31:46 omnimind-dev kernel: [drm:nv_drm_master_set [nvidia_drm]] *ERROR* [nvidia-drm] [GPU ID 0x00000100] Failed to grab modeset ownership",
      "196202:Feb 19 10:31:47 omnimind-dev kernel: [drm:nv_drm_master_set [nvidia_drm]] *ERROR* [nvidia-drm] [GPU ID 0x00000100] Failed to grab modeset ownership",
      "196203:Feb 19 10:31:47 omnimind-dev kernel: [drm:nv_drm_master_set [nvidia_drm]] *ERROR* [nvidia-drm] [GPU ID 0x00000100] Failed to grab modeset ownership",
      "196204:Feb 19 10:31:47 omnimind-dev kernel: [drm:nv_drm_master_set [nvidia_drm]] *ERROR* [nvidia-drm] [GPU ID 0x00000100] Failed to grab modeset ownership",
      "196205:Feb 19 10:31:47 omnimind-dev kernel: [drm:nv_drm_master_set [nvidia_drm]] *ERROR* [nvidia-drm] [GPU ID 0x00000100] Failed to grab modeset ownership",
      "196207:Feb 19 10:31:47 omnimind-dev kernel: [drm:nv_drm_master_set [nvidia_drm]] *ERROR* [nvidia-drm] [GPU ID 0x00000100] Failed to grab modeset ownership",
      "196208:Feb 19 10:31:47 omnimind-dev kernel: [drm:nv_drm_master_set [nvidia_drm]] *ERROR* [nvidia-drm] [GPU ID 0x00000100] Failed to grab modeset ownership",
      "196209:Feb 19 10:31:47 omnimind-dev kernel: [drm:nv_drm_master_set [nvidia_drm]] *ERROR* [nvidia-drm] [GPU ID 0x00000100] Failed to grab modeset ownership",
      "196210:Feb 19 10:31:47 omnimind-dev kernel: [drm:nv_drm_master_set [nvidia_drm]] *ERROR* [nvidia-drm] [GPU ID 0x00000100] Failed to grab modeset ownership"
    ],
    "conclusion": "Session reset cascade from user-slice memory pressure; NVIDIA messages are secondary during display/session restart."
  },
  "hardening_applied": {
    "swappiness": 65,
    "vfs_cache_pressure": 80,
    "dirty_ratio": 15,
    "dirty_background_ratio": 5,
    "oomd_effective_excerpt": [
      "20:#DefaultMemoryPressureLimit=60%",
      "21:#DefaultMemoryPressureDurationSec=30s",
      "25:DefaultMemoryPressureDurationSec=20s",
      "30:DefaultMemoryPressureLimit=70%",
      "31:DefaultMemoryPressureDurationSec=45s",
      "32:SwapUsedLimit=95%"
    ],
    "files": [
      "/etc/sysctl.d/99-omnimind-memory.conf",
      "/etc/sysctl.d/99-omnimind.conf",
      "/etc/systemd/oomd.conf.d/99-omnimind-antireset.conf"
    ]
  },
  "wellington_download": {
    "repo_zip_path": "/mnt/welinton_users/Public/datasets/zenodo_records/full_external/6797842/repo.zip",
    "repo_zip_exists": true,
    "repo_zip_size_bytes": 24780453704,
    "phase2_tail": [
      "[#5128d8 23GiB/23GiB(99%) CN:8 DL:4.3MiB ETA:12s]",
      "[#5128d8 23GiB/23GiB(99%) CN:8 DL:0B]",
      "[#5128d8 23GiB/23GiB(99%) CN:8 DL:31KiB ETA:26m43s]",
      " *** Download Progress Summary as of Thu Feb 19 11:26:57 2026 *** ",
      "===============================================================================",
      "[#5128d8 23GiB/23GiB(99%) CN:8 DL:1.3MiB ETA:34s]",
      "FILE: /mnt/welinton_users/Public/datasets/zenodo_records/full_external/6797842/repo.zip",
      "-------------------------------------------------------------------------------",
      "",
      "[#5128d8 23GiB/23GiB(99%) CN:8 DL:1.3MiB ETA:34s]",
      "[#5128d8 23GiB/23GiB(99%) CN:8 DL:2.7MiB ETA:14s]",
      "[#5128d8 23GiB/23GiB(99%) CN:8 DL:3.6MiB ETA:9s]",
      "[#5128d8 23GiB/23GiB(99%) CN:8 DL:3.1MiB ETA:10s]",
      "[#5128d8 23GiB/23GiB(99%) CN:7 DL:3.6MiB ETA:7s]",
      "[#5128d8 23GiB/23GiB(99%) CN:7 DL:3.5MiB ETA:6s]",
      "[#5128d8 23GiB/23GiB(99%) CN:6 DL:3.6MiB ETA:4s]",
      "[#5128d8 23GiB/23GiB(99%) CN:5 DL:3.8MiB ETA:3s]",
      "[#5128d8 23GiB/23GiB(99%) CN:4 DL:4.2MiB ETA:1s]",
      "[#5128d8 23GiB/23GiB(99%) CN:4 DL:1.8MiB ETA:2s]",
      "[#5128d8 23GiB/23GiB(99%) CN:1 DL:1.7MiB]",
      "",
      "02/19 11:27:14 [\u001b[1;32mNOTICE\u001b[0m] Download completo: /mnt/welinton_users/Public/datasets/zenodo_records/full_external/6797842/repo.zip",
      "",
      "Resultados do Download:",
      "gid   |stat|avg speed  |path/URI",
      "======+====+===========+=======================================================",
      "5128d8|OK  |   2.5MiB/s|/mnt/welinton_users/Public/datasets/zenodo_records/full_external/6797842/repo.zip",
      "",
      "Legenda de estados:",
      "(OK):download completo."
    ],
    "status": "completed"
  },
  "pcloud_status": {
    "about": {
      "total": 536870912000,
      "used": 459008115898,
      "free": 77862796102
    },
    "snapshots_autonomous_loop_size": {
      "count": 137,
      "bytes": 85828427781,
      "sizeless": 0
    }
  },
  "root_archives_reports": [
    "reports_runtime/requested_root_archives_analysis_20260219T140805Z.json",
    "reports_runtime/requested_root_archives_qdrant_materialization_20260219T140101Z.json"
  ],
  "no_simulation_note": "Only local logs/configs/processes and real remote storage metadata were used."
}
