{
  "timestamp_utc": "2026-02-19T21:21:46.884620+00:00",
  "source": "/home/fahbrain/projects/omnimind/reports_runtime/historical_memory_ab_superposition_20260219T211710Z.json",
  "classification": "real-data-local",
  "time_sync_summary": {
    "bio": {
      "abs_ts_count_total": 1621,
      "min_utc": "2026-02-18T11:17:59.131463+00:00",
      "max_utc": "2026-02-18T18:22:28.253211+00:00"
    },
    "log_base": {
      "abs_ts_count_total": 10536,
      "min_utc": "2026-02-12T06:54:10.683000+00:00",
      "max_utc": "2026-02-18T13:55:22.344000+00:00"
    },
    "historical": {
      "abs_ts_count_total": 285044,
      "min_utc": "2026-01-25T00:37:59+00:00",
      "max_utc": "2026-01-28T00:44:50+00:00"
    },
    "logs_plus_historical": {
      "abs_ts_count_total": 295580,
      "min_utc": "2026-01-25T00:37:59+00:00",
      "max_utc": "2026-02-18T13:55:22.344000+00:00"
    }
  },
  "anchors": {
    "24h": {
      "available": true,
      "window_hours": 24,
      "start_ts_unix": 1771336522.344,
      "end_ts_unix": 1771422922.344,
      "start_utc": "2026-02-17T13:55:22.344000+00:00",
      "end_utc": "2026-02-18T13:55:22.344000+00:00",
      "lag_hours_max": 4.45164144747787,
      "overlap_hours_total": 2.623114593625069
    },
    "72h": {
      "available": true,
      "window_hours": 72,
      "start_ts_unix": 1771163722.344,
      "end_ts_unix": 1771422922.344,
      "start_utc": "2026-02-15T13:55:22.344000+00:00",
      "end_utc": "2026-02-18T13:55:22.344000+00:00",
      "lag_hours_max": 4.45164144747787,
      "overlap_hours_total": 2.623114593625069
    }
  },
  "baseline_windows": {
    "24h": {
      "sector15": {
        "base_cosine": 0.8834561598344011,
        "plus_cosine": 0.8834561598344011,
        "delta_cosine": 0.0,
        "closure_score": 0.004101652972245828,
        "bio_points": 57,
        "logs_base_points": 2523,
        "historical_points": 0
      },
      "house12": {
        "base_cosine": 0.8988780680860721,
        "plus_cosine": 0.8988780680860721,
        "delta_cosine": 0.0,
        "closure_score": 0.0035143181539889867,
        "bio_points": 48,
        "logs_base_points": 2523,
        "historical_points": 0
      }
    },
    "72h": {
      "sector15": {
        "base_cosine": 0.8944602440846564,
        "plus_cosine": 0.8944602440846564,
        "delta_cosine": 0.0,
        "closure_score": 0.004783196267873875,
        "bio_points": 57,
        "logs_base_points": 7364,
        "historical_points": 0
      },
      "house12": {
        "base_cosine": 0.9051820322565377,
        "plus_cosine": 0.9051820322565377,
        "delta_cosine": 0.0,
        "closure_score": 0.004076237364677684,
        "bio_points": 48,
        "logs_base_points": 7364,
        "historical_points": 0
      }
    }
  },
  "interpretation": {
    "historical_contributes_in_sync_windows": false,
    "reason": "historical_points=0 in both 24h and 72h windows, so plus_cosine equals base_cosine",
    "system_effect_note": "Historical Tier-2 memory still affects all-time distributions strongly (large delta vs base in full-run), but not short synchronized windows due to timestamp drift."
  },
  "no_simulation_note": "Derived from real local Qdrant collections only; no synthetic data."
}
