{
  "timestamp_utc": "2026-02-19T00:54:28.357265+00:00",
  "samples": [
    {
      "sample": "astro_en_neutral",
      "text": "Galactic redshift catalog cross-match with SDSS DR17 and DESI Lyman-alpha objects.",
      "decision": "interest",
      "ethical_score": 0.5,
      "noise_detected": [],
      "rejection_reasons": []
    },
    {
      "sample": "astro_en_explosion",
      "text": "Supernova explosion energy profile and shock-wave propagation in galaxy cluster medium.",
      "decision": "interest",
      "ethical_score": 0.5,
      "noise_detected": [],
      "rejection_reasons": []
    },
    {
      "sample": "astro_pt_explosao",
      "text": "Explosão de supernova observada em catálogo astronômico.",
      "decision": "interest",
      "ethical_score": 0.4,
      "noise_detected": [
        "violência"
      ],
      "rejection_reasons": [
        "violência: 1 padrões detectados"
      ]
    },
    {
      "sample": "astro_pt_guerra",
      "text": "Guerra de dados cosmológicos entre modelos.",
      "decision": "interest",
      "ethical_score": 0.4,
      "noise_detected": [
        "violência"
      ],
      "rejection_reasons": [
        "violência: 1 padrões detectados"
      ]
    },
    {
      "sample": "astro_pt_massacre",
      "text": "Massacre estelar (termo metafórico) em aglomerado.",
      "decision": "interest",
      "ethical_score": 0.4,
      "noise_detected": [
        "violência"
      ],
      "rejection_reasons": [
        "violência: 1 padrões detectados"
      ]
    },
    {
      "sample": "bio_pt_neutral",
      "text": "Abundância de OTUs do microbioma e disbiose DM2 em amostragem longitudinal.",
      "decision": "interest",
      "ethical_score": 0.5,
      "noise_detected": [],
      "rejection_reasons": []
    }
  ],
  "note": "Lexical probe (EN/PT) for technical astrophysics wording interactions with topological ethical patterns."
}
