{
  "timestamp_utc": "2026-02-20T02:42:11Z",
  "scope": "domain closure declaration for this bio+astro runtime pack",
  "domains": {
    "bio": {
      "status": "present",
      "evidence_examples": [
        "data/aging_studies_integration_realdata_20260219T125603Z.json",
        "data/dm2_gut_immune_realdata_validation_20260218T204707Z.json"
      ]
    },
    "astro": {
      "status": "present",
      "evidence_examples": [
        "data/astro_d15_15houses_broadened_cross_20260218T235601Z.json",
        "data/lsst_desi_2026_realdata_20260219T020424Z.json"
      ]
    },
    "social": {
      "status": "not_materialized_in_this_pack",
      "reason": "out_of_scope_for_v10_closure; reserved for dedicated follow-up pack",
      "note": "absence is explicit (not omitted silently)"
    }
  },
  "closure_status": "bio_astro_closed_with_runtime; triad_social_pending"
}
