{
  "timestamp_utc": "2026-02-20T11:57:38Z",
  "scope": "domain closure declaration for this bio+astro+social federation pack",
  "domains": {
    "bio": {
      "status": "present",
      "evidence_examples": [
        "data/aging_studies_integration_realdata_20260219T125603Z.json",
        "data/dm2_gut_immune_realdata_validation_20260218T204707Z.json"
      ]
    },
    "astro": {
      "status": "present",
      "evidence_examples": [
        "data/astro_d15_15houses_broadened_cross_20260218T235601Z.json",
        "data/lsst_desi_2026_realdata_20260219T020424Z.json"
      ]
    },
    "social": {
      "status": "present",
      "materialization": "federation event stream (witness + watermarks + territory + alien_storage index + reports_runtime snapshot)",
      "evidence_examples": [
        "data/social_federation/federation_social_dataset_summary_20260220T115413Z.json",
        "data/social_federation/federation_social_dataset_20260220T115413Z.jsonl"
      ],
      "privacy_note": "no raw URLs; only url_hash + netloc + provenance-tagged events"
    }
  },
  "closure_status": "bio_astro_closed_with_runtime; social_materialized_as_eventstream"
}

