{
  "timestamp_utc": "2026-02-19T01:24:59.907379+00:00",
  "source_pack_dir": "/home/fahbrain/projects/omnimind/docs/zenodo_packs/omnimind_bio_astro_integrated_20260218T231609Z_revastrofix2",
  "outputs_dir": "output/zenodo_v8_cross_20260219T012400Z",
  "outputs_total": 6,
  "entries": [
    {
      "path": "jwst_d15_link.json",
      "size_bytes": 2053,
      "sha256": "ef8788e7443a846f638f43980fd203a52b579eae5ebdfd3f0687af81c016088a"
    },
    {
      "path": "microbioma_d12.json",
      "size_bytes": 1190,
      "sha256": "957dfb38735e2f2ec06e2236c935298ed75d40c8b07d8474b7aea0cec90e67b6"
    },
    {
      "path": "zenodo_v7_cross.png",
      "size_bytes": 223740,
      "sha256": "7a08f0eab3bd2b12727d134962cd43377e89588bf00f3da94ba22773bb44622f"
    },
    {
      "path": "disease_skyplot.png",
      "size_bytes": 87987,
      "sha256": "1be1c721f2231f7ccf3f37a066bf4f49b9fcb9a674ec6b68e564727187fc817a"
    },
    {
      "path": "termo_psicanalise.md",
      "size_bytes": 879,
      "sha256": "3af61fb8fab192a8f58612fbf458c3f22fb0295d0caa5d7d5d49bdf5ea50b862"
    },
    {
      "path": "termo_psicanalise.pdf",
      "size_bytes": 89447,
      "sha256": "aeb47f588fd3a1584c89d0cb8717965e2b46dfdc4e30c3ae94159e2436deb51b"
    }
  ],
  "no_simulation_note": "All outputs derived from local real artifacts (json/qdrant/images/text)."
}
