{
  "timestamp_utc": "2026-02-19T01:33:32.176518+00:00",
  "outputs_dir": "/home/fahbrain/projects/omnimind/output/zenodo_v9_causalidade_20260219T013325Z",
  "entries": [
    {
      "path": "v9_causalidade.png",
      "size_bytes": 344571,
      "sha256": "f3dbe33822b13d187e5ce415697bef386470ad4c17017294b3810e5335c243c5"
    },
    {
      "path": "granger_matrix.json",
      "size_bytes": 18851,
      "sha256": "8bad594fa44e2a9ec5e1407717db91ff452e6df54e4154669e50d345e5cf2090"
    },
    {
      "path": "d12_phase_alignment.json",
      "size_bytes": 1680,
      "sha256": "b423abbefb482cb65f138d37c5ba6f06b8651a433d3a121612bbbf0dd69c2028"
    },
    {
      "path": "var_model_summary.json",
      "size_bytes": 670,
      "sha256": "97950568ed5689a0713f262a62642488d731fd6cc26c53864aee3a469cb07c7d"
    }
  ],
  "no_simulation_note": "All outputs produced from local real artifacts."
}
