{
  "timestamp_utc": "2026-02-19T01:33:30.243850+00:00",
  "inputs": {
    "metrics_csv": "reports_runtime/space_weather_merged_20260209T104949Z.csv",
    "covariates_csv": "reports_runtime/cosmic_covariates_20260210T205330Z.csv"
  },
  "model_columns": [
    "d15_rekh_proxy",
    "d15_seshet_proxy",
    "d15_isfet_proxy",
    "moon_illum_frac",
    "sun_moon_sep_deg",
    "moon_sep_mercury_deg"
  ],
  "var": {
    "status": "ok",
    "rows": 5400,
    "selected_lag": 5,
    "aic": -79.27017092340594,
    "bic": -79.04286037933723,
    "hqic": -79.19080808919777,
    "nobs": 5395
  },
  "no_simulation_note": "VAR estimated only from real minute-level series."
}
