{
  "timestamp_utc": "2026-02-19T23:35:44.173237+00:00",
  "provenance": "real-data-local",
  "wellington_path": "/mnt/welinton_users/Public/datasets/zenodo_records/full_external/18496170",
  "disk_snapshot_df_h": "Sist. Arq.            Tam. Usado Disp. Uso% Montado em\n//192.168.15.5/Users  466G  444G   23G  96% /mnt/welinton_users\n/dev/nvme0n1p2        366G  326G   22G  94% /\n/dev/nvme0n1p3        274G  210G   51G  81% /home",
  "download_process_snapshot": "2347859 Z<      05:22:54 [aria2c] <defunct>\n4062574 Ss         00:01 /bin/bash -lc ./.venv/bin/python - <<'PY' import os, json, subprocess from pathlib import Path from datetime import datetime, timezone from huggingface_hub import HfApi  root=Path('/home/fahbrain/projects/omnimind') now=datetime.now(timezone.utc) ts=now.strftime('%Y%m%dT%H%M%SZ')  # token keys=('HF_TOKEN','HUGGING_FACE_HUB_TOKEN','HUGGINGFACE_TOKEN') token=next((os.getenv(k) for k in keys if os.getenv(k)), None) if not token:     env=root/'.env'     if env.exists():         for line in env.read_text(encoding='utf-8',errors='ignore').splitlines():             s=line.strip()             if not s or s.startswith('#'): continue             if s.startswith('export '): s=s[7:]             if '=' not in s: continue             k,v=s.split('=',1)             if k.strip() in keys:                 token=v.strip().strip('\"').strip(\"'\")                 break  repo_id='fabricioslv/omnimind-zenodo-rehydration-public-bridge' api=HfApi(token=token) if token else None repo_files=[] if api:     repo_files=api.list_repo_files(repo_id, repo_type='dataset')  prefixes=sorted({p.split('/')[1] for p in repo_files if p.startswith('rehydration/') and p.count('/')>=2})  d184=Path('/mnt/welinton_users/Public/datasets/zenodo_records/full_external/18496170') rows=[] for p in sorted(d184.glob('*')):     if p.is_file():         rows.append({             'name': p.name,             'size_bytes': p.stat().st_size,             'mtime_utc': datetime.fromtimestamp(p.stat().st_mtime, tz=timezone.utc).isoformat(),             'is_aria2': p.suffix=='.aria2'         })  aria_markers=[r for r in rows if r['is_aria2']]  ps_out=subprocess.run(\"ps -eo pid,stat,etime,cmd | rg -i 'aria2c|qbittorrent|transmission' || true\", shell=True, text=True, capture_output=True).stdout  df_out=subprocess.run(\"df -h /mnt/welinton_users / /home\", shell=True, text=True, capture_output=True).stdout  latest_upload=sorted(root.glob('reports_runtime/hf_public_zenodo_rehydration_upload_*.json'))[-1] latest_upload_obj=json.loads(latest_upload.read_text(encoding='utf-8'))  report={     'timestamp_utc': now.isoformat(),     'provenance':'real-data-local',     'wellington_path':'/mnt/welinton_users/Public/datasets/zenodo_records/full_external/18496170',     'disk_snapshot_df_h': df_out.strip(),     'download_process_snapshot': ps_out.strip(),     '18496170_files': rows,     '18496170_aria2_marker_count': len(aria_markers),     'download_active_for_18496170': False,     'hf_public_bridge': {         'repo_id': repo_id,         'repo_url': f'https://huggingface.co/datasets/{repo_id}',         'repo_total_files': len(repo_files),         'rehydration_prefixes': prefixes,         'latest_upload_report': str(latest_upload.relative_to(root)),         'latest_uploaded_files': latest_upload_obj.get('uploaded_files'),         'latest_error_files': latest_upload_obj.get('error_files'),     },     'v10_pack_blocking_assessment': {         'is_blocking_for_current_v10_closure': False,         'rationale': [             'Key rehydration evidence from 1173657/2641868/6797842/7327525 is already extracted and materialized in local reports/Qdrant.',             '18496170 large chains are complementary for expansion and should be resumed, but are not required to preserve current v10 conclusions.'         ]     },     'recommended_next_actions': [         'Restart 18496170 download controller (aria2 or alternative) with resume from existing partial files.',         'Do not delete partial ZIPs; keep .aria2 pairing for resume.',         'After completion, run extraction + qdrant materialization pass and publish a second HF bridge package with selected derived outputs.'     ] }  j=root/'reports_runtime'/f'wellington_hf_bridge_status_{ts}.json' m=root/'reports_runtime'/f'wellington_hf_bridge_status_{ts}.md' j.write_text(json.dumps(report, ensure_ascii=False, indent=2), encoding='utf-8')  lines=[     f\"# Wellington + HF Bridge Status ({ts})\",     '',     f\"- provenance: `{report['provenance']}`\",     f\"- wellington path: `{report['wellington_path']}`\",     f\"- 18496170 .aria2 markers: `{report['18496170_aria2_marker_count']}`\",     f\"- active download process for 18496170: `{report['download_active_for_18496170']}`\",     f\"- HF repo: `{report['hf_public_bridge']['repo_url']}`\",     f\"- HF total files: `{report['hf_public_bridge']['repo_total_files']}`\",     f\"- latest HF upload report: `{report['hf_public_bridge']['latest_upload_report']}`\",     '',     '## v10 Blocking Assessment',     f\"- blocking: `{report['v10_pack_blocking_assessment']['is_blocking_for_current_v10_closure']}`\", ] for r in report['v10_pack_blocking_assessment']['rationale']:     lines.append(f\"- {r}\") lines.append('') lines.append('## Recommended Next Actions') for a in report['recommended_next_actions']:     lines.append(f\"- {a}\") m.write_text('\\n'.join(lines), encoding='utf-8')  print(j) print(m) PY\n4062603 S          00:00 /bin/sh -c ps -eo pid,stat,etime,cmd | rg -i 'aria2c|qbittorrent|transmission' || true\n4062605 S          00:00 rg -i aria2c|qbittorrent|transmission",
  "18496170_files": [
    {
      "name": "LCDM.zip",
      "size_bytes": 8266629780,
      "mtime_utc": "2026-02-19T23:19:35.786406+00:00",
      "is_aria2": false
    },
    {
      "name": "LCDM.zip.aria2",
      "size_bytes": 1322,
      "mtime_utc": "2026-02-19T23:19:36.589681+00:00",
      "is_aria2": true
    },
    {
      "name": "LCDM_Mnu-d3.zip",
      "size_bytes": 7437530632,
      "mtime_utc": "2026-02-19T22:58:25.547507+00:00",
      "is_aria2": false
    },
    {
      "name": "LCDM_Mnu-d3.zip.aria2",
      "size_bytes": 1210,
      "mtime_utc": "2026-02-19T23:19:38.832666+00:00",
      "is_aria2": true
    },
    {
      "name": "LCDM_OmegaK.zip",
      "size_bytes": 9967398812,
      "mtime_utc": "2026-02-19T22:58:25.857505+00:00",
      "is_aria2": false
    },
    {
      "name": "LCDM_OmegaK.zip.aria2",
      "size_bytes": 1554,
      "mtime_utc": "2026-02-19T23:19:42.566642+00:00",
      "is_aria2": true
    },
    {
      "name": "anesthetic_2.12.0.dev0+lukashergt-devel.zip",
      "size_bytes": 6463623,
      "mtime_utc": "2026-02-19T02:56:16.993053+00:00",
      "is_aria2": false
    },
    {
      "name": "consistency_of_standard_cosmologies__figures_v1.0.0.zip",
      "size_bytes": 5606122,
      "mtime_utc": "2026-02-19T02:56:22.657991+00:00",
      "is_aria2": false
    },
    {
      "name": "consistency_of_standard_cosmologies__plotting_code_v1.0.0.zip",
      "size_bytes": 2661590,
      "mtime_utc": "2026-02-19T02:56:20.670013+00:00",
      "is_aria2": false
    },
    {
      "name": "w0waCDM.zip",
      "size_bytes": 10480079344,
      "mtime_utc": "2026-02-19T22:58:26.062504+00:00",
      "is_aria2": false
    },
    {
      "name": "w0waCDM.zip.aria2",
      "size_bytes": 1624,
      "mtime_utc": "2026-02-19T23:19:44.688628+00:00",
      "is_aria2": true
    },
    {
      "name": "wCDM.zip",
      "size_bytes": 8395672484,
      "mtime_utc": "2026-02-19T23:19:39.967213+00:00",
      "is_aria2": false
    },
    {
      "name": "wCDM.zip.aria2",
      "size_bytes": 1340,
      "mtime_utc": "2026-02-19T23:19:40.826653+00:00",
      "is_aria2": true
    }
  ],
  "18496170_aria2_marker_count": 5,
  "download_active_for_18496170": false,
  "hf_public_bridge": {
    "repo_id": "fabricioslv/omnimind-zenodo-rehydration-public-bridge",
    "repo_url": "https://huggingface.co/datasets/fabricioslv/omnimind-zenodo-rehydration-public-bridge",
    "repo_total_files": 56,
    "rehydration_prefixes": [
      "hf_public_zenodo_rehydration_bridge_20260219T232753Z",
      "hf_public_zenodo_rehydration_textbridge_20260219T233409Z"
    ],
    "latest_upload_report": "reports_runtime/hf_public_zenodo_rehydration_upload_20260219T233448Z.json",
    "latest_uploaded_files": 24,
    "latest_error_files": 0
  },
  "v10_pack_blocking_assessment": {
    "is_blocking_for_current_v10_closure": false,
    "rationale": [
      "Key rehydration evidence from 1173657/2641868/6797842/7327525 is already extracted and materialized in local reports/Qdrant.",
      "18496170 large chains are complementary for expansion and should be resumed, but are not required to preserve current v10 conclusions."
    ]
  },
  "recommended_next_actions": [
    "Restart 18496170 download controller (aria2 or alternative) with resume from existing partial files.",
    "Do not delete partial ZIPs; keep .aria2 pairing for resume.",
    "After completion, run extraction + qdrant materialization pass and publish a second HF bridge package with selected derived outputs."
  ]
}