{
  "timestamp_utc": "2026-02-20T00:12:50.791850+00:00",
  "pack_dir": "/home/fahbrain/projects/omnimind/docs/zenodo_packs/omnimind_bio_astro_integrated_20260218T231609Z_revastrofix2",
  "manifest": {
    "path": "/home/fahbrain/projects/omnimind/docs/zenodo_packs/omnimind_bio_astro_integrated_20260218T231609Z_revastrofix2/PACK_MANIFEST.json",
    "entries_total": 265,
    "errors_total": 0,
    "errors": []
  },
  "references": {
    "scanned_files": [
      "README.md",
      "TECHNICAL_REPORT.md"
    ],
    "candidates_total": 103,
    "internal_ok_total": 98,
    "external_ok_total": 5,
    "missing_total": 0,
    "missing_top20": []
  },
  "status_candidate": "PASS_LOCAL",
  "note": "external_ok means references exist in repository but outside current pack boundary."
}
