{
  "timestamp_utc": "2026-02-19T02:57:08.592016+00:00",
  "inputs": {
    "records": [
      "18496170",
      "1173657",
      "2641868",
      "6797842",
      "7327525"
    ],
    "scan_roots": [
      {
        "path": "/home/fahbrain/projects/omnimind/public/datasets",
        "max_depth": 6
      },
      {
        "path": "/home/fahbrain/Downloads",
        "max_depth": 5
      },
      {
        "path": "/mnt/welinton_users/Public/datasets",
        "max_depth": 8
      },
      {
        "path": "/omnimind_storage/offload_home",
        "max_depth": 6
      }
    ],
    "small_max_mb": 50
  },
  "scan_stats": {
    "/home/fahbrain/projects/omnimind/public/datasets": 0,
    "/home/fahbrain/Downloads": 7856,
    "/mnt/welinton_users/Public/datasets": 21467,
    "/omnimind_storage/offload_home": 16674
  },
  "disk_snapshot_gb": {
    "/home": {
      "total_gb": 273.948,
      "used_gb": 206.523,
      "free_gb": 53.439
    },
    "/mnt/welinton_users": {
      "total_gb": 465.662,
      "used_gb": 295.412,
      "free_gb": 170.251
    },
    "/": {
      "total_gb": 365.615,
      "used_gb": 303.582,
      "free_gb": 43.39
    }
  },
  "records": [
    {
      "record_id": "18496170",
      "title": "Inference products and plotting code for \"Consistency of standard cosmologies using Bayesian model comparison and tension quantification\"",
      "doi": "10.5281/zenodo.18496170",
      "published": "2026-02-05",
      "files_count": 8,
      "total_size_bytes": 50829888876,
      "present_count": 3,
      "missing_count": 5,
      "files": [
        {
          "name": "LCDM.zip",
          "size_bytes": 9424260708,
          "present": false,
          "matches": []
        },
        {
          "name": "LCDM_Mnu-d3.zip",
          "size_bytes": 8482430624,
          "present": false,
          "matches": []
        },
        {
          "name": "wCDM.zip",
          "size_bytes": 9575741651,
          "present": false,
          "matches": []
        },
        {
          "name": "LCDM_OmegaK.zip",
          "size_bytes": 11373928818,
          "present": false,
          "matches": []
        },
        {
          "name": "w0waCDM.zip",
          "size_bytes": 11958795740,
          "present": false,
          "matches": []
        },
        {
          "name": "anesthetic_2.12.0.dev0+lukashergt-devel.zip",
          "size_bytes": 6463623,
          "present": true,
          "matches": [
            "/mnt/welinton_users/Public/datasets/zenodo_records/small_first/18496170/anesthetic_2.12.0.dev0+lukashergt-devel.zip"
          ]
        },
        {
          "name": "consistency_of_standard_cosmologies__plotting_code_v1.0.0.zip",
          "size_bytes": 2661590,
          "present": true,
          "matches": [
            "/mnt/welinton_users/Public/datasets/zenodo_records/small_first/18496170/consistency_of_standard_cosmologies__plotting_code_v1.0.0.zip"
          ]
        },
        {
          "name": "consistency_of_standard_cosmologies__figures_v1.0.0.zip",
          "size_bytes": 5606122,
          "present": true,
          "matches": [
            "/mnt/welinton_users/Public/datasets/zenodo_records/small_first/18496170/consistency_of_standard_cosmologies__figures_v1.0.0.zip"
          ]
        }
      ]
    },
    {
      "record_id": "1173657",
      "title": "Molecular dynamics simulation trajectory of an anionic lipid bilayer: 100 mol% POPS with Na+ counterions using ff99 ions",
      "doi": "10.5281/zenodo.1173657",
      "published": "2018-02-15",
      "files_count": 15,
      "total_size_bytes": 35808177653,
      "present_count": 5,
      "missing_count": 10,
      "files": [
        {
          "name": "POPS_amber_lipid17_ff99ions_equilibration_3_rep1.nc",
          "size_bytes": 3579400808,
          "present": false,
          "matches": []
        },
        {
          "name": "membrane_64_64_water.pdb",
          "size_bytes": 2583374,
          "present": true,
          "matches": [
            "/mnt/welinton_users/Public/datasets/zenodo_records/small_first/1173657/membrane_64_64_water.pdb"
          ]
        },
        {
          "name": "POPS_amber_lipid17_ff99ions_equilibration_2_rep2.nc",
          "size_bytes": 3579400808,
          "present": false,
          "matches": []
        },
        {
          "name": "POPS_amber_lipid17_ff99ions_equilibration_2_rep1.nc",
          "size_bytes": 3579400808,
          "present": false,
          "matches": []
        },
        {
          "name": "POPS_amber_lipid17_ff99ions_equilibration_4_rep1.nc",
          "size_bytes": 3579400808,
          "present": false,
          "matches": []
        },
        {
          "name": "POPS_amber_lipid17_ff99ions_equilibration_3_rep2.nc",
          "size_bytes": 3579400808,
          "present": false,
          "matches": []
        },
        {
          "name": "POPS_amber_lipid17_ff99ions_equilibration_4_rep2.nc",
          "size_bytes": 3579400808,
          "present": false,
          "matches": []
        },
        {
          "name": "POPS_amber_lipid17_ff99ions.prmtop",
          "size_bytes": 8720818,
          "present": true,
          "matches": [
            "/mnt/welinton_users/Public/datasets/zenodo_records/small_first/1173657/POPS_amber_lipid17_ff99ions.prmtop"
          ]
        },
        {
          "name": "POPS_amber_lipid17_ff99ions_prod_rep1.nc",
          "size_bytes": 3579400808,
          "present": false,
          "matches": []
        },
        {
          "name": "POPS_amber_lipid17_ff99ions_prod_rep1.restart",
          "size_bytes": 1432512,
          "present": true,
          "matches": [
            "/mnt/welinton_users/Public/datasets/zenodo_records/small_first/1173657/POPS_amber_lipid17_ff99ions_prod_rep1.restart"
          ]
        },
        {
          "name": "POPS_amber_lipid17_ff99ions_equilibration_1_rep2.nc",
          "size_bytes": 3579400808,
          "present": false,
          "matches": []
        },
        {
          "name": "POPS_amber_lipid17_ff99ions_prod_rep2.nc",
          "size_bytes": 3579400808,
          "present": false,
          "matches": []
        },
        {
          "name": "POPS_amber_lipid17_ff99ions_prod_rep2.restart",
          "size_bytes": 1432512,
          "present": true,
          "matches": [
            "/mnt/welinton_users/Public/datasets/zenodo_records/small_first/1173657/POPS_amber_lipid17_ff99ions_prod_rep2.restart"
          ]
        },
        {
          "name": "POPS_amber_lipid17_ff99ions_equilibration_1_rep1.nc",
          "size_bytes": 3579400808,
          "present": false,
          "matches": []
        },
        {
          "name": "POPS_amber.run",
          "size_bytes": 357,
          "present": true,
          "matches": [
            "/mnt/welinton_users/Public/datasets/zenodo_records/small_first/1173657/POPS_amber.run"
          ]
        }
      ]
    },
    {
      "record_id": "2641868",
      "title": "X-ray diffraction images for Thiazole synthase from M. thermolithotrophicus.",
      "doi": "10.5281/zenodo.2641868",
      "published": "2019-04-16",
      "files_count": 2,
      "total_size_bytes": 4845496320,
      "present_count": 1,
      "missing_count": 1,
      "files": [
        {
          "name": "ThiS_process.tar",
          "size_bytes": 20480,
          "present": true,
          "matches": [
            "/mnt/welinton_users/Public/datasets/zenodo_records/small_first/2641868/ThiS_process.tar"
          ]
        },
        {
          "name": "ThiS-form3.tar",
          "size_bytes": 4845475840,
          "present": false,
          "matches": []
        }
      ]
    },
    {
      "record_id": "6797842",
      "title": "Raw data for: Sublytic gasdermin-D pores captured in atomistic molecular simulations",
      "doi": "10.5281/zenodo.6797842",
      "published": "2022-11-17",
      "files_count": 1,
      "total_size_bytes": 24780453704,
      "present_count": 0,
      "missing_count": 1,
      "files": [
        {
          "name": "repo.zip",
          "size_bytes": 24780453704,
          "present": false,
          "matches": []
        }
      ]
    },
    {
      "record_id": "7327525",
      "title": "Raw data for: Cell-free biosynthesis combined with deep learning accelerates de novo-development of antimicrobial peptides",
      "doi": "10.5281/zenodo.7327525",
      "published": "2022-11-19",
      "files_count": 1,
      "total_size_bytes": 37077706064,
      "present_count": 0,
      "missing_count": 1,
      "files": [
        {
          "name": "repo.zip",
          "size_bytes": 37077706064,
          "present": false,
          "matches": []
        }
      ]
    }
  ],
  "download_plan": {
    "small_first_entries": 9,
    "full_external_entries": 27,
    "small_first_aria2": "/home/fahbrain/projects/omnimind/reports_runtime/zenodo_rehydration_smallfirst_20260219T025639Z.txt",
    "full_external_aria2": "/home/fahbrain/projects/omnimind/reports_runtime/zenodo_rehydration_full_external_20260219T025639Z.txt"
  },
  "notes": [
    "No download executed by this script; it only emits readiness + aria2 manifests.",
    "Use Wellington external share as target for multi-GB files to avoid local disk pressure."
  ]
}
