{
  "timestamp_utc": "2026-02-19T12:07:31.749225+00:00",
  "pack_dir": "/home/fahbrain/projects/omnimind/docs/zenodo_packs/omnimind_bio_astro_integrated_20260218T231609Z_revastrofix2",
  "pack_zip": "/home/fahbrain/projects/omnimind/docs/zenodo_packs/omnimind_bio_astro_integrated_20260218T231609Z_revastrofix2.zip",
  "pack_zip_size_bytes": 9835415,
  "pack_zip_sha256": "abbb9185a114e77c74a3545823918e6d6e046fff7ee22038680b9f09aac19ff7",
  "added_artifacts": [
    "/home/fahbrain/projects/omnimind/reports_runtime/aging_studies_integration_realdata_20260219T120225Z.json",
    "/home/fahbrain/projects/omnimind/reports_runtime/aging_studies_integration_realdata_20260219T120225Z.md",
    "/home/fahbrain/projects/omnimind/output/img/aging_studies_integration_realdata_20260219T120225Z.png",
    "/home/fahbrain/projects/omnimind/reports_runtime/aging_literature_crosscheck_20260219T120625Z.json",
    "/home/fahbrain/projects/omnimind/reports_runtime/aging_literature_crosscheck_20260219T120625Z.md"
  ],
  "aging_status_candidate": "PASS_LOCAL",
  "aging_qdrant_collection": "bio_aging_cellular_proxies_live",
  "aging_qdrant_points": 44581,
  "aging_primary_supported_claims": 2,
  "aging_partial_claims": 2,
  "manifest_updated": "/home/fahbrain/projects/omnimind/docs/zenodo_packs/omnimind_bio_astro_integrated_20260218T231609Z_revastrofix2/PACK_MANIFEST.json"
}
