{
  "timestamp_utc": "2026-02-19T12:28:56.528546+00:00",
  "phase2_target": "/mnt/welinton_users/Public/datasets/zenodo_records/full_external/6797842/repo.zip",
  "phase2_target_exists": true,
  "phase2_target_size_bytes": 22222471168,
  "delta_bytes_4s": 1048576,
  "phase2_marker_exists": true,
  "phase2_aria2_processes": [
    "497569 aria2c -i reports_runtime/zenodo_rehydration_phase2_20260219T0305Z.txt -x 8 -s 8 -j 1 --continue=true --summary-interval=30 --auto-file-renaming=false --file-allocation=none --max-overall-download-limit=30M",
    "578000 /bin/bash -lc ./.venv/bin/python - <<'PY' import json,subprocess,time from pathlib import Path from datetime import datetime,timezone root=Path('/home/fahbrain/projects/omnimind') ts=datetime.now(timezone.utc).strftime('%Y%m%dT%H%M%SZ') outj=root/f'reports_runtime/zenodo_rehydration_phase2_status_{ts}.json' outm=root/f'reports_runtime/zenodo_rehydration_phase2_status_{ts}.md' t=Path('/mnt/welinton_users/Public/datasets/zenodo_records/full_external/6797842/repo.zip') m=Path(str(t)+'.aria2') res=subprocess.run(\"pgrep -fa 'aria2c -i reports_runtime/zenodo_rehydration_phase2_20260219T0305Z.txt'\",shell=True,capture_output=True,text=True) procs=[x for x in res.stdout.splitlines() if x.strip()] s0=t.stat().st_size if t.exists() else 0 time.sleep(4) s1=t.stat().st_size if t.exists() else 0 obj={   'timestamp_utc':datetime.now(timezone.utc).isoformat(),   'phase2_target':str(t),   'phase2_target_exists':t.exists(),   'phase2_target_size_bytes':s1,   'delta_bytes_4s':int(s1-s0),   'phase2_marker_exists':m.exists(),   'phase2_aria2_processes':procs,   'status':'ACTIVE' if procs and (s1>s0 or m.exists()) else ('RUNNING_NO_GROWTH' if procs else ('COMPLETED_OR_IDLE' if not m.exists() else 'WAITING_OR_STALLED')) } outj.write_text(json.dumps(obj,indent=2,ensure_ascii=False)+'\\n',encoding='utf-8') outm.write_text('\\n'.join([   f'# Zenodo Rehydration Phase2 Status ({ts})','',   f\"- status: `{obj['status']}`\",   f\"- target_size_bytes: `{obj['phase2_target_size_bytes']}`\",   f\"- delta_bytes_4s: `{obj['delta_bytes_4s']}`\",   f\"- marker_exists: `{obj['phase2_marker_exists']}`\",   f\"- active_processes: `{len(procs)}`\",   '',f\"JSON: `{outj}`\" ])+'\\n',encoding='utf-8') print(outj) print(outm) PY",
    "578004 /bin/sh -c pgrep -fa 'aria2c -i reports_runtime/zenodo_rehydration_phase2_20260219T0305Z.txt'"
  ],
  "status": "ACTIVE"
}
