{
  "timestamp_utc": "2026-02-19T03:00:06.014909+00:00",
  "inputs": {
    "readiness_json": "/home/fahbrain/projects/omnimind/reports_runtime/zenodo_rehydration_readiness_20260219T025639Z.json"
  },
  "smallfirst_status": {
    "expected_files": 9,
    "present_files": 9,
    "files": [
      {
        "path": "/mnt/welinton_users/Public/datasets/zenodo_records/small_first/18496170/anesthetic_2.12.0.dev0+lukashergt-devel.zip",
        "exists": true,
        "size_bytes": 6463623
      },
      {
        "path": "/mnt/welinton_users/Public/datasets/zenodo_records/small_first/18496170/consistency_of_standard_cosmologies__plotting_code_v1.0.0.zip",
        "exists": true,
        "size_bytes": 2661590
      },
      {
        "path": "/mnt/welinton_users/Public/datasets/zenodo_records/small_first/18496170/consistency_of_standard_cosmologies__figures_v1.0.0.zip",
        "exists": true,
        "size_bytes": 5606122
      },
      {
        "path": "/mnt/welinton_users/Public/datasets/zenodo_records/small_first/1173657/membrane_64_64_water.pdb",
        "exists": true,
        "size_bytes": 2583374
      },
      {
        "path": "/mnt/welinton_users/Public/datasets/zenodo_records/small_first/1173657/POPS_amber_lipid17_ff99ions.prmtop",
        "exists": true,
        "size_bytes": 8720818
      },
      {
        "path": "/mnt/welinton_users/Public/datasets/zenodo_records/small_first/1173657/POPS_amber_lipid17_ff99ions_prod_rep1.restart",
        "exists": true,
        "size_bytes": 1432512
      },
      {
        "path": "/mnt/welinton_users/Public/datasets/zenodo_records/small_first/1173657/POPS_amber_lipid17_ff99ions_prod_rep2.restart",
        "exists": true,
        "size_bytes": 1432512
      },
      {
        "path": "/mnt/welinton_users/Public/datasets/zenodo_records/small_first/1173657/POPS_amber.run",
        "exists": true,
        "size_bytes": 357
      },
      {
        "path": "/mnt/welinton_users/Public/datasets/zenodo_records/small_first/2641868/ThiS_process.tar",
        "exists": true,
        "size_bytes": 20480
      }
    ]
  },
  "phase1_status": {
    "pid": 2021365,
    "alive": true,
    "log": "/home/fahbrain/projects/omnimind/reports_runtime/wellington_zenodo_rehydration_phase1_setsess_20260219T025811Z.log",
    "target_file": "/mnt/welinton_users/Public/datasets/zenodo_records/full_external/2641868/ThiS-form3.tar",
    "target_size_bytes": 1301807104
  }
}
