{
  "timestamp_utc": "2026-02-19T01:08:40.787737+00:00",
  "deposition_id": 18688532,
  "state": "done",
  "submitted": true,
  "doi": "10.5281/zenodo.18688532",
  "conceptdoi": "10.5281/zenodo.18686119",
  "record_id": 18688532,
  "links": {
    "self": "https://zenodo.org/api/records/18688532",
    "html": "https://zenodo.org/records/18688532",
    "doi": "https://doi.org/10.5281/zenodo.18688532",
    "parent_doi": "https://doi.org/10.5281/zenodo.18686119",
    "badge": "https://zenodo.org/badge/doi/10.5281%2Fzenodo.18688532.svg",
    "conceptbadge": "https://zenodo.org/badge/doi/10.5281%2Fzenodo.18686119.svg",
    "files": "https://zenodo.org/api/records/18688532/files",
    "bucket": "https://zenodo.org/api/files/61584401-725e-43f5-a66e-e84bdde3ba8e",
    "thumb250": "https://zenodo.org/record/18688532/thumb250",
    "thumbs": {
      "10": "https://zenodo.org/record/18688532/thumb10",
      "50": "https://zenodo.org/record/18688532/thumb50",
      "100": "https://zenodo.org/record/18688532/thumb100",
      "250": "https://zenodo.org/record/18688532/thumb250",
      "750": "https://zenodo.org/record/18688532/thumb750",
      "1200": "https://zenodo.org/record/18688532/thumb1200"
    },
    "latest_draft": "https://zenodo.org/api/deposit/depositions/18688532",
    "latest_draft_html": "https://zenodo.org/deposit/18688532",
    "publish": "https://zenodo.org/api/deposit/depositions/18688532/actions/publish",
    "edit": "https://zenodo.org/api/deposit/depositions/18688532/actions/edit",
    "discard": "https://zenodo.org/api/deposit/depositions/18688532/actions/discard",
    "newversion": "https://zenodo.org/api/deposit/depositions/18688532/actions/newversion",
    "record": "https://zenodo.org/api/records/18688532",
    "record_html": "https://zenodo.org/record/18688532",
    "latest": "https://zenodo.org/api/records/18688532/versions/latest",
    "latest_html": "https://zenodo.org/records/18688532/latest"
  },
  "status": "PUBLISHED_CONFIRMED"
}
