{
  "timestamp_utc": "2026-02-19T14:13:10.704590+00:00",
  "pack_dir": "docs/zenodo_packs/omnimind_bio_astro_integrated_20260218T231609Z_revastrofix2",
  "pack_zip": "docs/zenodo_packs/omnimind_bio_astro_integrated_20260218T231609Z_revastrofix2.zip",
  "pack_zip_size_bytes": 10664110,
  "pack_zip_sha256": "3abb31f84179617015456e0b96ce6b4dd5c8be6a496fc1214a1792e78cba8a26",
  "updated_summary": "docs/zenodo_packs/omnimind_bio_astro_integrated_20260218T231609Z_revastrofix2/RESULTS_SUMMARY.json",
  "updated_technical_report": "docs/zenodo_packs/omnimind_bio_astro_integrated_20260218T231609Z_revastrofix2/TECHNICAL_REPORT.md",
  "manifest_path": "docs/zenodo_packs/omnimind_bio_astro_integrated_20260218T231609Z_revastrofix2/PACK_MANIFEST.json",
  "included_new_reports": [
    "reports_runtime/requested_root_archives_qdrant_materialization_20260219T140101Z.json",
    "reports_runtime/requested_root_archives_analysis_20260219T140805Z.json",
    "reports_runtime/runtime_incident_and_continuity_followup_20260219T140758Z.json",
    "reports_runtime/health_astro_loop_closure_inventory_20260219T141016Z.json"
  ],
  "status": "PACK_REFRESHED_LOCAL",
  "provenance": "real-data-local",
  "no_simulation_note": "Refresh includes only local runtime and dataset-ingestion artifacts."
}
