{
  "timestamp_utc": "2026-02-20T02:46:25.339098+00:00",
  "pack": "/home/fahbrain/projects/omnimind/docs/zenodo_packs/omnimind_bio_astro_integrated_20260218T231609Z_revastrofix2",
  "manifest_timestamp": "20260220T024525Z",
  "files_total": 279,
  "gaps": [
    {
      "id": 1,
      "title": "Recent control artifacts included",
      "state": "partial_fixed_local",
      "checks": {
        "bio_logs_cosine_json": true,
        "bio_logs_cosine_md": true,
        "historical_memory_ab_json": true,
        "historical_memory_ab_md": true,
        "tier2_memory_async_json": true,
        "tier2_memory_async_md": true,
        "session_codex_1771536120": true
      }
    },
    {
      "id": 2,
      "title": "Temporal contamination declared in methods",
      "state": "fixed_local",
      "evidence": {
        "section": "TECHNICAL_REPORT.md::Diagnóstico de contaminação temporal (cos~0.99)",
        "artifacts": [
          "data/bio_logs_cosine_contamination_diagnosis_20260219T203902Z.json",
          "data/historical_memory_ab_superposition_20260219T211710Z.json",
          "data/tier2_memory_async_closure_20260219T212146Z.json"
        ]
      }
    },
    {
      "id": 3,
      "title": "Multiple Doxihewu versions",
      "state": "fixed_local",
      "counts": {
        "doxihewu_files_in_pack": 3
      }
    },
    {
      "id": 4,
      "title": "Legacy integrated zip proliferation",
      "state": "fixed_local",
      "counts": {
        "legacy_omnimind_integrated_zips_in_pack": 0
      }
    },
    {
      "id": 5,
      "title": "README navigation depth",
      "state": "fixed_local",
      "sizes_bytes": {
        "README.md": 2527,
        "README_EN.md": 2294
      },
      "added": "quick reading path section in PT and EN"
    },
    {
      "id": 6,
      "title": "Null model absent",
      "state": "fixed_local",
      "artifacts": [
        "studies/null_model_honest_assessment_20260208.md",
        "data/null_model_status_20260220T024211Z.json"
      ]
    },
    {
      "id": 7,
      "title": "JWST figure without report",
      "state": "fixed_local",
      "artifacts": [
        "data/jwst_analysis_report_20260220T024211Z.json",
        "studies/jwst_analysis_report_20260220T024211Z.md",
        "images/fig_jwst_analysis.png"
      ]
    },
    {
      "id": 8,
      "title": "Third domain (social) not declared",
      "state": "partially_fixed_local",
      "artifacts": [
        "data/triad_domain_scope_status_20260220T024211Z.json",
        "studies/triad_domain_scope_status_20260220T024211Z.md"
      ],
      "note": "explicitly declared as pending/not materialized in this pack"
    }
  ]
}
