{
  "timestamp_utc": "2026-02-19T13:18:45.729006+00:00",
  "pack_dir": "docs/zenodo_packs/omnimind_bio_astro_integrated_20260218T231609Z_revastrofix2",
  "zip_path": "docs/zenodo_packs/omnimind_bio_astro_integrated_20260218T231609Z_revastrofix2.zip",
  "zip_size_bytes": 10645980,
  "zip_sha256": "da3b72eed342759b404fad90da3a26c09297297aa2929d17c546972d6ca48b26",
  "manifest_path": "docs/zenodo_packs/omnimind_bio_astro_integrated_20260218T231609Z_revastrofix2/PACK_MANIFEST.json",
  "manifest_sha256": "fa7f350a9c5bd4bb026cafd113ca6841710c8d193c12acbc5bef18e4c06d773f",
  "added_or_updated_artifacts": [
    "reports_runtime/requested_root_archives_qdrant_materialization_20260219T131353Z.json",
    "reports_runtime/requested_root_archives_analysis_20260219T131602Z.json",
    "reports_runtime/health_astro_loop_closure_inventory_20260219T131809Z.json",
    "output/img/requested_root_archives_qdrant_overview_20260219T131353Z.png"
  ],
  "notes": [
    "Pack upgraded with requested root archives ingest + analysis.",
    "Rehydration monitor snapshot refreshed during active phase2."
  ]
}
