{
  "timestamp_utc": "2026-02-19T01:25:35.716726+00:00",
  "outputs_dir": "output/zenodo_v8_cross_20260219T012400Z",
  "status": "OK_LOCAL_REALDATA",
  "crossings": {
    "d15_jwst_top_pair": {
      "proxy": "d15_rekh_proxy",
      "covariate": "moon_illum_frac",
      "best_lag_min": 300,
      "pearson_r": -0.8323412104628806
    },
    "horizon_keywords": {
      "horizon": 22,
      "thermodynamics": 6,
      "entropy": 5,
      "jwst": 26,
      "galaxy": 28,
      "galaxies": 40,
      "structure formation": 5,
      "dissipative": 0,
      "non-unitary": 0,
      "dark matter": 12,
      "inertia": 24
    },
    "microbiome_genus_counts": {
      "Klebsiella": 1,
      "Eisenbergiella": 1,
      "Escherichia_shigella": 1
    },
    "house_scheme_runtime": "15",
    "outputs_total": 6
  },
  "no_simulation": true,
  "note": "Crossings are diagnostic/evidential over available real summaries and payload scans."
}
