{
  "timestamp_utc": "2026-02-19T13:17:45.175398+00:00",
  "pack_dir": "docs/zenodo_packs/omnimind_bio_astro_integrated_20260218T231609Z_revastrofix2",
  "zip_path": "docs/zenodo_packs/omnimind_bio_astro_integrated_20260218T231609Z_revastrofix2.zip",
  "zip_size_bytes": 10639589,
  "zip_sha256": "36c9e47fef206459f6cf28e67560c1542dc3dfb9087e6a9e6f9f73e4cf8f9e9c",
  "manifest_path": "docs/zenodo_packs/omnimind_bio_astro_integrated_20260218T231609Z_revastrofix2/PACK_MANIFEST.json",
  "manifest_sha256": "02079b1b9406dcacf880cf17636c2acc62b05fcd5a472b7c97645c072059f0df",
  "added_or_updated_artifacts": [
    "reports_runtime/requested_root_archives_qdrant_materialization_20260219T131353Z.json",
    "reports_runtime/requested_root_archives_analysis_20260219T131602Z.json",
    "reports_runtime/health_astro_loop_closure_inventory_20260219T131612Z.json",
    "output/img/requested_root_archives_qdrant_overview_20260219T131353Z.png"
  ],
  "notes": [
    "5 requested root archives analyzed and materialized to dedicated Qdrant collections.",
    "Nested archive member metadata indexing enabled for .tgz/.zip inside ZIP.",
    "Download monitor kept active; phase2 remains alive with growing target file."
  ]
}
