{
  "timestamp_utc": "2026-02-19T12:09:15.273233+00:00",
  "pack_dir": "/home/fahbrain/projects/omnimind/docs/zenodo_packs/omnimind_bio_astro_integrated_20260218T231609Z_revastrofix2",
  "pack_zip": "/home/fahbrain/projects/omnimind/docs/zenodo_packs/omnimind_bio_astro_integrated_20260218T231609Z_revastrofix2.zip",
  "pack_zip_size_bytes": 9838328,
  "pack_zip_sha256": "d88d0ec2881639568d54fc42bc2b864a1dd6eca1e4ed76791acc00ba744c6024",
  "added_in_this_upgrade": [
    "reports_runtime/aging_studies_integration_realdata_20260219T120225Z.json",
    "reports_runtime/aging_studies_integration_realdata_20260219T120225Z.md",
    "output/img/aging_studies_integration_realdata_20260219T120225Z.png",
    "reports_runtime/aging_literature_crosscheck_20260219T120625Z.json",
    "reports_runtime/aging_literature_crosscheck_20260219T120625Z.md",
    "reports_runtime/zenodo_rehydration_phase2_status_20260219T120835Z.json",
    "reports_runtime/zenodo_rehydration_phase2_status_20260219T120835Z.md"
  ],
  "key_results": {
    "aging_collection": "bio_aging_cellular_proxies_live",
    "aging_points": 44581,
    "aging_status": "PASS_LOCAL",
    "d12_vs_senescence_r": 0.30665979024325823,
    "d15_vs_senescence_r": 0.3066597902432582,
    "literature_primary_supported_claims": 2,
    "literature_partial_claims": 2,
    "phase2_status": "ACTIVE"
  },
  "notes": "No synthetic time-series generation in aging integration. D12 legacy + D15 sectors compatibility retained."
}
