{
  "timestamp_utc": "2026-02-19T13:07:41.306130+00:00",
  "pack_dir": "docs/zenodo_packs/omnimind_bio_astro_integrated_20260218T231609Z_revastrofix2",
  "zip_path": "docs/zenodo_packs/omnimind_bio_astro_integrated_20260218T231609Z_revastrofix2.zip",
  "zip_size_bytes": 10495492,
  "zip_sha256": "1d4d0c191917aab33da9f3e11a6c1937a6c32f8d1b2a1c93801b6998b2a01370",
  "manifest_path": "docs/zenodo_packs/omnimind_bio_astro_integrated_20260218T231609Z_revastrofix2/PACK_MANIFEST.json",
  "manifest_sha256": "d551983a66bbb49dc327f224fc942b5fed45b513563093c0a9362e4e81186142",
  "added_or_updated_artifacts": [
    "data/aging_cross_disease_phase_join_20260219T130512Z.json",
    "studies/aging_cross_disease_phase_join_20260219T130512Z.md",
    "images/aging_cross_disease_phase_join_20260219T130512Z.png",
    "data/health_astro_loop_closure_inventory_20260219T130508Z.json",
    "studies/health_astro_loop_closure_inventory_20260219T130508Z.md"
  ],
  "notes": [
    "Aging x disease phase join incorporated (real-data only).",
    "Health/rehydration loop snapshot refreshed during active phase2 download.",
    "PACK_MANIFEST and ZIP rebuilt after file integration."
  ]
}
