{
  "timestamp_utc": "2026-02-20T00:11:38.157640+00:00",
  "pack_dir": "/home/fahbrain/projects/omnimind/docs/zenodo_packs/omnimind_bio_astro_integrated_20260218T231609Z_revastrofix2",
  "manifest": {
    "path": "/home/fahbrain/projects/omnimind/docs/zenodo_packs/omnimind_bio_astro_integrated_20260218T231609Z_revastrofix2/PACK_MANIFEST.json",
    "entries_total": 261,
    "errors_total": 3,
    "errors": [
      "sha_mismatch:README.md",
      "sha_mismatch:TECHNICAL_REPORT.md",
      "sha_mismatch:ZENODO_METADATA_CC_BY_NC_ND.json"
    ]
  },
  "references": {
    "scanned_files": [
      "README.md",
      "TECHNICAL_REPORT.md"
    ],
    "candidates_total": 104,
    "internal_ok_total": 98,
    "external_ok_total": 5,
    "missing_total": 1,
    "missing_top20": [
      {
        "source": "TECHNICAL_REPORT.md",
        "path": "6797842/repo.zip"
      }
    ]
  },
  "status_candidate": "FIX_REQUIRED",
  "note": "external_ok means references exist in repository but outside current pack boundary."
}
