{
  "timestamp_utc": "2026-02-19T12:08:35.942873+00:00",
  "phase2_target": "/mnt/welinton_users/Public/datasets/zenodo_records/full_external/6797842/repo.zip",
  "phase2_target_exists": true,
  "phase2_target_size_bytes": 21955084288,
  "phase2_marker_exists": true,
  "phase2_aria2_processes": [
    "463751 aria2c -i reports_runtime/zenodo_rehydration_phase2_20260219T0305Z.txt -x 8 -s 8 -j 1 --continue=true --summary-interval=5 --auto-file-renaming=false --file-allocation=none --max-overall-download-limit=30M",
    "481964 /bin/bash -lc ./.venv/bin/python - <<'PY' import json,os,subprocess from pathlib import Path from datetime import datetime,timezone root=Path('/home/fahbrain/projects/omnimind') ts=datetime.now(timezone.utc).strftime('%Y%m%dT%H%M%SZ') outj=root/f'reports_runtime/zenodo_rehydration_phase2_status_{ts}.json' outm=root/f'reports_runtime/zenodo_rehydration_phase2_status_{ts}.md' file=Path('/mnt/welinton_users/Public/datasets/zenodo_records/full_external/6797842/repo.zip') marker=Path(str(file)+'.aria2') cmd=\"pgrep -fa \\\"aria2c -i reports_runtime/zenodo_rehydration_phase2_20260219T0305Z.txt\\\"\" res=subprocess.run(cmd,shell=True,capture_output=True,text=True) procs=[line for line in res.stdout.splitlines() if line.strip()] obj={  'timestamp_utc':datetime.now(timezone.utc).isoformat(),  'phase2_target':str(file),  'phase2_target_exists':file.exists(),  'phase2_target_size_bytes':file.stat().st_size if file.exists() else 0,  'phase2_marker_exists':marker.exists(),  'phase2_aria2_processes':procs,  'status':'ACTIVE' if procs else ('WAITING_OR_STALLED' if marker.exists() else 'COMPLETED') } outj.write_text(json.dumps(obj,indent=2,ensure_ascii=False)+'\\n',encoding='utf-8') outm.write_text('\\n'.join([  f'# Zenodo Rehydration Phase2 Status ({ts})','',  f\"- status: `{obj['status']}`\",  f\"- target_size_bytes: `{obj['phase2_target_size_bytes']}`\",  f\"- marker_exists: `{obj['phase2_marker_exists']}`\",  f\"- active_processes: `{len(procs)}`\",  '',f'JSON: `{outj}`'])+'\\n',encoding='utf-8') print(outj) print(outm) PY",
    "481967 /bin/sh -c pgrep -fa \"aria2c -i reports_runtime/zenodo_rehydration_phase2_20260219T0305Z.txt\""
  ],
  "status": "ACTIVE"
}
