{
  "timestamp_utc": "2026-02-19T23:49:38.953306+00:00",
  "classification": "real-data-local",
  "resume_mode": "setsid_detached",
  "manifest": "reports_runtime/zenodo_rehydration_18496170_missing_20260219T224904Z.txt",
  "log": "reports_runtime/wellington_zenodo_rehydration_18496170_resume_detached_20260219T234853Z.log",
  "active_processes": [
    "4134036 aria2c -i reports_runtime/zenodo_rehydration_18496170_missing_20260219T224904Z.txt --allow-overwrite=false --auto-file-renaming=false --check-integrity=true --file-allocation=none --summary-interval=30",
    "4137803 /bin/bash -lc ./.venv/bin/python - <<'PY' import json, subprocess from pathlib import Path from datetime import datetime, timezone  root=Path('/home/fahbrain/projects/omnimind') log=Path('reports_runtime/wellington_zenodo_rehydration_18496170_resume_detached_20260219T234853Z.log') ps=subprocess.run(\"pgrep -af 'aria2c -i reports_runtime/zenodo_rehydration_18496170_missing_20260219T224904Z.txt'\",shell=True,text=True,capture_output=True).stdout.strip().splitlines() base=Path('/mnt/welinton_users/Public/datasets/zenodo_records/full_external/18496170') files=['LCDM.zip','LCDM_Mnu-d3.zip','wCDM.zip','LCDM_OmegaK.zip','w0waCDM.zip'] rows=[] for n in files:     p=base/n     rows.append({'name':n,'size_bytes':p.stat().st_size if p.exists() else 0,'marker':Path(str(p)+'.aria2').exists()}) now=datetime.now(timezone.utc) ts=now.strftime('%Y%m%dT%H%M%SZ') obj={   'timestamp_utc': now.isoformat(),   'classification':'real-data-local',   'resume_mode':'setsid_detached',   'manifest':'reports_runtime/zenodo_rehydration_18496170_missing_20260219T224904Z.txt',   'log':str(log),   'active_processes':ps,   'file_snapshot':rows } j=root/'reports_runtime'/f'zenodo_18496170_resume_detached_status_{ts}.json' m=root/'reports_runtime'/f'zenodo_18496170_resume_detached_status_{ts}.md' j.write_text(json.dumps(obj,ensure_ascii=False,indent=2),encoding='utf-8') lines=[  f\"# Zenodo 18496170 Resume Detached Status ({ts})\",  '',  f\"- manifest: `{obj['manifest']}`\",  f\"- log: `{obj['log']}`\",  f\"- active_processes: `{len(ps)}`\", ] for p in ps:     lines.append(f\"- `{p}`\") lines.append('') lines.append('## File snapshot') for r in rows:     lines.append(f\"- `{r['name']}` size=`{r['size_bytes']}` marker=`{r['marker']}`\") m.write_text('\\n'.join(lines),encoding='utf-8') print(j) print(m) PY",
    "4137808 /bin/sh -c pgrep -af 'aria2c -i reports_runtime/zenodo_rehydration_18496170_missing_20260219T224904Z.txt'"
  ],
  "file_snapshot": [
    {
      "name": "LCDM.zip",
      "size_bytes": 8270118912,
      "marker": true
    },
    {
      "name": "LCDM_Mnu-d3.zip",
      "size_bytes": 8038604800,
      "marker": true
    },
    {
      "name": "wCDM.zip",
      "size_bytes": 8397418968,
      "marker": true
    },
    {
      "name": "LCDM_OmegaK.zip",
      "size_bytes": 9969860608,
      "marker": true
    },
    {
      "name": "w0waCDM.zip",
      "size_bytes": 10482614272,
      "marker": true
    }
  ]
}