{
  "timestamp_utc": "2026-02-19T12:18:17.965437+00:00",
  "pack_zip": "docs/zenodo_packs/omnimind_bio_astro_integrated_20260218T231609Z_revastrofix2.zip",
  "pack_zip_size_bytes": 9844688,
  "pack_zip_sha256": "7764e7b806c7f0a88b7cf2705e84aa977d5733d07d50a95de99ddf33fb627248",
  "added_artifacts": [
    "reports_runtime/rehydrated_biomarker_scan_20260219T121615Z.json",
    "reports_runtime/rehydrated_biomarker_scan_20260219T121615Z.md",
    "reports_runtime/zenodo_rehydration_phase2_status_20260219T121723Z.json",
    "reports_runtime/zenodo_rehydration_phase2_status_20260219T121723Z.md"
  ],
  "rehydrated_biomarker_scan_summary": {
    "entries_total": 12,
    "readable_entries": 7,
    "qdrant_collection": "bio_aging_biomarker_terms_live",
    "points_upserted": 12
  },
  "phase2_download_status": {
    "active": true,
    "target": "/mnt/welinton_users/Public/datasets/zenodo_records/full_external/6797842/repo.zip",
    "size_bytes": 22029555844,
    "marker_present": true
  },
  "note": "Cycle continues with phase2 active; rerun biomarker scan after 6797842 completion for full ingestion."
}
