{
  "timestamp_utc": "2026-02-19T12:18:55.535448+00:00",
  "phase2_target": "/mnt/welinton_users/Public/datasets/zenodo_records/full_external/6797842/repo.zip",
  "phase2_target_size_bytes": 22030581760,
  "phase2_marker_exists": true,
  "phase2_aria2_processes": [
    "497569 aria2c -i reports_runtime/zenodo_rehydration_phase2_20260219T0305Z.txt -x 8 -s 8 -j 1 --continue=true --summary-interval=30 --auto-file-renaming=false --file-allocation=none --max-overall-download-limit=30M",
    "531048 /bin/bash -lc ./.venv/bin/python - <<'PY' import json,subprocess from pathlib import Path from datetime import datetime,timezone root=Path('/home/fahbrain/projects/omnimind') ts=datetime.now(timezone.utc).strftime('%Y%m%dT%H%M%SZ') outj=root/f'reports_runtime/zenodo_rehydration_phase2_status_{ts}.json' file=Path('/mnt/welinton_users/Public/datasets/zenodo_records/full_external/6797842/repo.zip') marker=Path(str(file)+'.aria2') res=subprocess.run(\"pgrep -fa \\\"aria2c -i reports_runtime/zenodo_rehydration_phase2_20260219T0305Z.txt\\\"\",shell=True,capture_output=True,text=True) procs=[line for line in res.stdout.splitlines() if line.strip()] obj={  'timestamp_utc':datetime.now(timezone.utc).isoformat(),  'phase2_target':str(file),  'phase2_target_size_bytes':file.stat().st_size if file.exists() else 0,  'phase2_marker_exists':marker.exists(),  'phase2_aria2_processes':procs,  'status':'ACTIVE' if procs else ('WAITING_OR_STALLED' if marker.exists() else 'COMPLETED') } outj.write_text(json.dumps(obj,indent=2,ensure_ascii=False)+'\\n',encoding='utf-8') print(outj) PY",
    "531056 /bin/sh -c pgrep -fa \"aria2c -i reports_runtime/zenodo_rehydration_phase2_20260219T0305Z.txt\""
  ],
  "status": "ACTIVE"
}
