{
  "timestamp_utc": "2026-02-19T11:04:33.479381+00:00",
  "phase2": {
    "pid": 80466,
    "alive": true,
    "target": "/mnt/welinton_users/Public/datasets/zenodo_records/full_external/6797842/repo.zip",
    "size_bytes": 21701573376,
    "aria2_state_present": true,
    "io": {
      "rchar": 265479,
      "wchar": 140741064,
      "syscr": 68,
      "syscw": 9318,
      "read_bytes": 5378048,
      "write_bytes": 141086720,
      "cancelled_write_bytes": 0
    },
    "log": "reports_runtime/wellington_zenodo_rehydration_phase2_setsess_20260219T104642Z.log"
  },
  "chain2": {
    "pid": 164380,
    "alive": false,
    "log": "reports_runtime/wellington_zenodo_rehydration_chain2_20260219T110416Z.log",
    "phase3_manifest": "reports_runtime/zenodo_rehydration_phase3_20260219T0305Z.txt"
  }
}
