{
  "timestamp_utc": "2026-02-19T11:29:21.208939+00:00",
  "action": "sync_pack_with_waiting_inventory",
  "pack_dir": "/home/fahbrain/projects/omnimind/docs/zenodo_packs/omnimind_bio_astro_integrated_20260218T231609Z_revastrofix2",
  "pack_zip": "/home/fahbrain/projects/omnimind/docs/zenodo_packs/omnimind_bio_astro_integrated_20260218T231609Z_revastrofix2.zip",
  "pack_zip_size_bytes": 9398192,
  "added_reports": [
    "reports_runtime/health_astro_loop_closure_inventory_20260219T112507Z.json",
    "reports_runtime/zenodo_rehydration_chain4_status_clean_20260219T112710Z.json"
  ],
  "phase2_pid": 80466,
  "chain4_pid": 273772,
  "phase2_target": "/mnt/welinton_users/Public/datasets/zenodo_records/full_external/6797842/repo.zip"
}
