{
  "timestamp_utc": "2026-02-20T21:11:56.639587Z",
  "pack_dir": "docs/zenodo_packs/omnimind_bio_astro_integrated_20260218T231609Z_revastrofix2",
  "pack_zip": "docs/zenodo_packs/omnimind_bio_astro_integrated_20260218T231609Z_revastrofix2.zip",
  "pack_zip_size_bytes": 26538144,
  "pack_zip_sha256": "98a73c493e55e21338dbb63a8b91590f69f461569696dff83570a6c74ff698e0",
  "manifest_file_count": 344,
  "required_artifacts_presence": [
    {
      "path": "data/federation_proxy_latency_window_20260220T194814Z.jsonl",
      "exists_in_pack": true,
      "exists_in_manifest": true
    },
    {
      "path": "data/federation_proxy_latency_window_summary_20260220T194814Z.json",
      "exists_in_pack": true,
      "exists_in_manifest": true
    },
    {
      "path": "studies/federation_proxy_latency_window_summary_20260220T194814Z.md",
      "exists_in_pack": true,
      "exists_in_manifest": true
    },
    {
      "path": "data/federation_dual_webapp_lag_gap_analysis_20260220T205508Z.json",
      "exists_in_pack": true,
      "exists_in_manifest": true
    },
    {
      "path": "studies/federation_dual_webapp_lag_gap_analysis_20260220T205508Z.md",
      "exists_in_pack": true,
      "exists_in_manifest": true
    },
    {
      "path": "data/global_context_window_20260220T194814Z.json",
      "exists_in_pack": true,
      "exists_in_manifest": true
    },
    {
      "path": "studies/global_context_window_20260220T194814Z.md",
      "exists_in_pack": true,
      "exists_in_manifest": true
    },
    {
      "path": "data/cosmic_coupling_scope_assessment_20260220T205653Z.json",
      "exists_in_pack": true,
      "exists_in_manifest": true
    },
    {
      "path": "studies/cosmic_coupling_scope_assessment_20260220T205653Z.md",
      "exists_in_pack": true,
      "exists_in_manifest": true
    },
    {
      "path": "studies/federation_provenance_note_20260220T194814Z.md",
      "exists_in_pack": true,
      "exists_in_manifest": true
    },
    {
      "path": "images/federation_proxy_latency_timeseries_20260220T194814Z.png",
      "exists_in_pack": true,
      "exists_in_manifest": true
    },
    {
      "path": "images/federation_image_experiment_chart.png",
      "exists_in_pack": true,
      "exists_in_manifest": true
    }
  ],
  "required_missing_in_pack": [],
  "required_missing_in_manifest": [],
  "raw_window_integrity": {
    "jsonl_path": "docs/zenodo_packs/omnimind_bio_astro_integrated_20260218T231609Z_revastrofix2/data/federation_proxy_latency_window_20260220T194814Z.jsonl",
    "probe_rows": 384,
    "sample_rows": 360,
    "session_hash_unique_values": [
      "ec85a7c633b3b8fc"
    ],
    "session_hash_unique_count": 1,
    "expected_session_hash": "ec85a7c633b3b8fc",
    "matches_expected_single_hash": true,
    "jsonl_first_timestamp_utc": "2026-02-20T19:48:14.529087Z",
    "jsonl_last_timestamp_utc": "2026-02-20T19:58:15.772677Z"
  },
  "summary_pair_check": {
    "summary_json_path": "docs/zenodo_packs/omnimind_bio_astro_integrated_20260218T231609Z_revastrofix2/data/federation_proxy_latency_window_summary_20260220T194814Z.json",
    "summary_md_path": "docs/zenodo_packs/omnimind_bio_astro_integrated_20260218T231609Z_revastrofix2/studies/federation_proxy_latency_window_summary_20260220T194814Z.md",
    "window_start_utc": "2026-02-20T19:48:14.404781Z",
    "window_end_utc": "2026-02-20T19:58:19.669022Z"
  },
  "status": "ok",
  "note": "Pair summary+raw preserved in same evidence pack and tied by session_hash; current scientific conclusion recorded as partial coupling with ongoing investigation."
}
