{
  "timestamp_utc": "2026-02-19T23:45:41.487773+00:00",
  "record_id": "18496170",
  "base_dir": "/mnt/welinton_users/Public/datasets/zenodo_records/full_external/18496170",
  "resume_process": {
    "pid": 4109018,
    "log": "/home/fahbrain/projects/omnimind/reports_runtime/wellington_zenodo_rehydration_18496170_resume_20260219T234418Z.log"
  },
  "progress": {
    "files_total": 8,
    "files_complete_no_marker": 3,
    "files_in_progress_with_marker": 5,
    "files_missing": 0,
    "rows": [
      {
        "name": "LCDM.zip",
        "expected_size": 9424260708,
        "size_bytes": 8266629780,
        "percent": 87.71648022197309,
        "exists": true,
        "aria2_marker": true
      },
      {
        "name": "LCDM_Mnu-d3.zip",
        "expected_size": 8482430624,
        "size_bytes": 8038604800,
        "percent": 94.76770463946679,
        "exists": true,
        "aria2_marker": true
      },
      {
        "name": "LCDM_OmegaK.zip",
        "expected_size": 11373928818,
        "size_bytes": 9967398812,
        "percent": 87.63373651702415,
        "exists": true,
        "aria2_marker": true
      },
      {
        "name": "anesthetic_2.12.0.dev0+lukashergt-devel.zip",
        "expected_size": 6463623,
        "size_bytes": 6463623,
        "percent": 100.0,
        "exists": true,
        "aria2_marker": false
      },
      {
        "name": "consistency_of_standard_cosmologies__figures_v1.0.0.zip",
        "expected_size": 5606122,
        "size_bytes": 5606122,
        "percent": 100.0,
        "exists": true,
        "aria2_marker": false
      },
      {
        "name": "consistency_of_standard_cosmologies__plotting_code_v1.0.0.zip",
        "expected_size": 2661590,
        "size_bytes": 2661590,
        "percent": 100.0,
        "exists": true,
        "aria2_marker": false
      },
      {
        "name": "w0waCDM.zip",
        "expected_size": 11958795740,
        "size_bytes": 10480079344,
        "percent": 87.63490548589301,
        "exists": true,
        "aria2_marker": true
      },
      {
        "name": "wCDM.zip",
        "expected_size": 9575741651,
        "size_bytes": 8395672484,
        "percent": 87.6764723818884,
        "exists": true,
        "aria2_marker": true
      }
    ]
  },
  "log_tail": "\n02/19 20:44:18 [\u001b[1;32mNOTICE\u001b[0m] Downloading 5 item(s)\n\n02/19 20:44:19 [\u001b[1;32mNOTICE\u001b[0m] Alocando espaço em disco. Use --file-allocation=none para desabilitá-lo. Veja a opção --file-allocation na página man para mais detalhes.",
  "classification": "real-data-local"
}