{
  "timestamp_utc": "2026-02-19T14:39:03.799563+00:00",
  "classification": "real-data-local",
  "pack_dir": "docs/zenodo_packs/omnimind_bio_astro_integrated_20260218T231609Z_revastrofix2",
  "manifest": "docs/zenodo_packs/omnimind_bio_astro_integrated_20260218T231609Z_revastrofix2/PACK_MANIFEST.json",
  "zip_path": "docs/zenodo_packs/omnimind_bio_astro_integrated_20260218T231609Z_revastrofix2.zip",
  "zip_sha256": "306fae9321637803ef455be32e30b7f9c3b6a8e965f13867bad4dfd091e36a05",
  "files_count": 232,
  "new_runtime_reports": [
    "reports_runtime/runtime_continuity_hardening_20260219T143440Z.json",
    "reports_runtime/pcloud_snapshot_cleanup_20260219T142034Z.json",
    "reports_runtime/runtime_continuity_postcleanup_20260219T143723Z.json"
  ],
  "no_simulation_note": "Pack refresh used local real artifacts only."
}
