{
  "timestamp_utc": "2026-02-19T11:27:10.409777+00:00",
  "phase2_aria2": [
    {
      "pid": 80466,
      "cmd": "aria2c -i reports_runtime/zenodo_rehydration_phase2_20260219T0305Z.txt -x 8 -s 8 -j 1 --continue=true --summary-interval=30 --auto-file-renaming=false --file-allocation=none --max-overall-download-limit=30M"
    }
  ],
  "phase3_aria2": [],
  "chain4_waiter": [
    {
      "pid": 273772,
      "cmd": "bash -c MARKER=\"/mnt/welinton_users/Public/datasets/zenodo_records/full_external/6797842/repo.zip.aria2\"; PH3=\"reports_runtime/zenodo_rehydration_phase3_20260219T0305Z.txt\"; PH3LOG=\"reports_runtime/wellington_zenodo_rehydration_phase3_setsess_20260219T112535Z.log\"; echo \"[chain4] start $(date -Iseconds)\"; while [ -e \"$MARKER\" ]; do echo \"[chain4] waiting marker @ $(date -Iseconds)\"; sleep 60; done; echo \"[chain4] marker cleared @ $(date -Iseconds)\"; exec aria2c -i \"$PH3\" -x 8 -s 8 -j 1 --continue=true --summary-interval=30 --auto-file-renaming=false --file-allocation=none --max-overall-download-limit=30M >> \"$PH3LOG\" 2>&1"
    },
    {
      "pid": 281332,
      "cmd": "/bin/bash -lc set -e ./.venv/bin/python - <<'PY' import json, subprocess from datetime import datetime, timezone from pathlib import Path  stamp=datetime.now(timezone.utc).strftime('%Y%m%dT%H%M%SZ') phase2_cmd='aria2c -i reports_runtime/zenodo_rehydration_phase2_20260219T0305Z.txt' phase3_cmd='aria2c -i reports_runtime/zenodo_rehydration_phase3_20260219T0305Z.txt' chain_mark='repo.zip.aria2\"; PH3=\"reports_runtime/zenodo_rehydration_phase3_20260219T0305Z.txt\"'  cp=subprocess.run('ps -eo pid=,cmd=',shell=True,capture_output=True,text=True) phase2=[]; phase3=[]; chain=[] for ln in cp.stdout.splitlines():     ln=ln.strip()     if not ln: continue     parts=ln.split(None,1)     if len(parts)!=2 or not parts[0].isdigit():         continue     pid=int(parts[0]); cmd=parts[1]     if cmd.startswith(phase2_cmd):         phase2.append({'pid':pid,'cmd':cmd})     if cmd.startswith(phase3_cmd):         phase3.append({'pid':pid,'cmd':cmd})     if 'bash -c MARKER=\"/mnt/welinton_users/Public/datasets/zenodo_records/full_external/6797842/repo.zip.aria2\"; PH3=\"reports_runtime/zenodo_rehydration_phase3_20260219T0305Z.txt\"' in cmd:         chain.append({'pid':pid,'cmd':cmd})  phase2_file=Path('/mnt/welinton_users/Public/datasets/zenodo_records/full_external/6797842/repo.zip') marker=Path('/mnt/welinton_users/Public/datasets/zenodo_records/full_external/6797842/repo.zip.aria2') obj={   'timestamp_utc': datetime.now(timezone.utc).isoformat(),   'phase2_aria2': phase2,   'phase3_aria2': phase3,   'chain4_waiter': chain,   'marker_exists': marker.exists(),   'phase2_size_bytes': phase2_file.stat().st_size if phase2_file.exists() else 0,   'note':'Exact-command filter; ignores helper grep/shell processes.' } outj=Path('reports_runtime')/f'zenodo_rehydration_chain4_status_clean_{stamp}.json' outm=Path('reports_runtime')/f'zenodo_rehydration_chain4_status_clean_{stamp}.md' outj.write_text(json.dumps(obj,indent=2)+\"\\n\",encoding='utf-8') outm.write_text(     \"\\n\".join([         '# Zenodo Rehydration Chain4 Status (Clean)',         '',         f\"- marker_exists: `{obj['marker_exists']}`\",         f\"- phase2_size_bytes: `{obj['phase2_size_bytes']}`\",         f\"- phase2_aria2_count: `{len(phase2)}`\",         f\"- phase3_aria2_count: `{len(phase3)}`\",         f\"- chain4_waiter_count: `{len(chain)}`\",         '',         f\"JSON: `{outj}`\",     ])+'\\n',encoding='utf-8') print(outj) print(outm) PY"
    }
  ],
  "marker_exists": true,
  "phase2_size_bytes": 21799895040,
  "note": "Exact-command filter; ignores helper grep/shell processes."
}
