{
  "timestamp": "20260219T010522Z",
  "base_api": "https://zenodo.org/api",
  "base_deposition_id": 18686120,
  "pack_dir": "/home/fahbrain/projects/omnimind/docs/zenodo_packs/omnimind_bio_astro_integrated_20260218T231609Z_revastrofix2",
  "pack_zip": "/home/fahbrain/projects/omnimind/docs/zenodo_packs/omnimind_bio_astro_integrated_20260218T231609Z_revastrofix2.zip",
  "metadata_json": "/home/fahbrain/projects/omnimind/docs/zenodo_packs/omnimind_bio_astro_integrated_20260218T231609Z_revastrofix2/ZENODO_METADATA_CC_BY_NC_ND.json",
  "publish": true,
  "token_present": true,
  "steps": [
    {
      "step": "newversion",
      "status_code": 201
    },
    {
      "step": "get_draft",
      "status_code": 200,
      "latest_draft_url": "https://zenodo.org/api/deposit/depositions/18688532"
    },
    {
      "step": "put_metadata",
      "status_code": 200
    },
    {
      "step": "publish",
      "status_code": 504
    }
  ],
  "uploaded_files": [
    {
      "name": "omnimind_bio_astro_integrated_20260218T231609Z_revastrofix2.zip",
      "path": "/home/fahbrain/projects/omnimind/docs/zenodo_packs/omnimind_bio_astro_integrated_20260218T231609Z_revastrofix2.zip",
      "status_code": 201
    },
    {
      "name": "README.md",
      "path": "/home/fahbrain/projects/omnimind/docs/zenodo_packs/omnimind_bio_astro_integrated_20260218T231609Z_revastrofix2/README.md",
      "status_code": 201
    },
    {
      "name": "TECHNICAL_REPORT.md",
      "path": "/home/fahbrain/projects/omnimind/docs/zenodo_packs/omnimind_bio_astro_integrated_20260218T231609Z_revastrofix2/TECHNICAL_REPORT.md",
      "status_code": 201
    },
    {
      "name": "RESULTS_SUMMARY.json",
      "path": "/home/fahbrain/projects/omnimind/docs/zenodo_packs/omnimind_bio_astro_integrated_20260218T231609Z_revastrofix2/RESULTS_SUMMARY.json",
      "status_code": 201
    },
    {
      "name": "PACK_MANIFEST.json",
      "path": "/home/fahbrain/projects/omnimind/docs/zenodo_packs/omnimind_bio_astro_integrated_20260218T231609Z_revastrofix2/PACK_MANIFEST.json",
      "status_code": 201
    },
    {
      "name": "ZENODO_METADATA_CC_BY_NC_ND.json",
      "path": "/home/fahbrain/projects/omnimind/docs/zenodo_packs/omnimind_bio_astro_integrated_20260218T231609Z_revastrofix2/ZENODO_METADATA_CC_BY_NC_ND.json",
      "status_code": 201
    },
    {
      "name": "Doxihewu_Omnimind_Termodinamica_psicanalise_teoria_informacao_20260219.md",
      "path": "/home/fahbrain/projects/omnimind/output/doc/Doxihewu_Omnimind_Termodinamica_psicanalise_teoria_informacao_20260219.md",
      "status_code": 201
    },
    {
      "name": "Doxihewu_Omnimind_Termodinamica_psicanalise_teoria_informacao_20260219.docx",
      "path": "/home/fahbrain/projects/omnimind/output/doc/Doxihewu_Omnimind_Termodinamica_psicanalise_teoria_informacao_20260219.docx",
      "status_code": 201
    },
    {
      "name": "Doxihewu_Omnimind_Termodinamica_psicanalise_teoria_informacao_20260219.pdf",
      "path": "/home/fahbrain/projects/omnimind/output/doc/Doxihewu_Omnimind_Termodinamica_psicanalise_teoria_informacao_20260219.pdf",
      "status_code": 201
    },
    {
      "name": "local_trail_closure_recheck_20260218T211252Z.json",
      "path": "/home/fahbrain/projects/omnimind/reports_runtime/local_trail_closure_recheck_20260218T211252Z.json",
      "status_code": 201
    },
    {
      "name": "local_trail_closure_recheck_20260218T211252Z.md",
      "path": "/home/fahbrain/projects/omnimind/reports_runtime/local_trail_closure_recheck_20260218T211252Z.md",
      "status_code": 201
    },
    {
      "name": "multi_disease_pack_validation_20260218T211252Z.json",
      "path": "/home/fahbrain/projects/omnimind/reports_runtime/multi_disease_pack_validation_20260218T211252Z.json",
      "status_code": 201
    },
    {
      "name": "multi_disease_pack_validation_20260218T211252Z.md",
      "path": "/home/fahbrain/projects/omnimind/reports_runtime/multi_disease_pack_validation_20260218T211252Z.md",
      "status_code": 201
    },
    {
      "name": "d15_extended_correlation_validation_20260218T184552Z.json",
      "path": "/home/fahbrain/projects/omnimind/reports_runtime/d15_extended_correlation_validation_20260218T184552Z.json",
      "status_code": 201
    },
    {
      "name": "dm2_gut_immune_realdata_validation_20260218T204707Z.json",
      "path": "/home/fahbrain/projects/omnimind/reports_runtime/dm2_gut_immune_realdata_validation_20260218T204707Z.json",
      "status_code": 201
    },
    {
      "name": "accelerated_structure_horizon_thermo_review_20260218T205849Z.json",
      "path": "/home/fahbrain/projects/omnimind/reports_runtime/accelerated_structure_horizon_thermo_review_20260218T205849Z.json",
      "status_code": 201
    },
    {
      "name": "bio_astro_integrated_pack_build_20260218T231609Z_revastrofix2.json",
      "path": "/home/fahbrain/projects/omnimind/reports_runtime/bio_astro_integrated_pack_build_20260218T231609Z_revastrofix2.json",
      "status_code": 201
    },
    {
      "name": "astro_bio_cycle_heatmap_20260218T170121Z.png",
      "path": "/home/fahbrain/projects/omnimind/output/img/bio_astro_pack_preview_20260218T231609Z_revastrofix2/astro_bio_cycle_heatmap_20260218T170121Z.png",
      "status_code": 201
    },
    {
      "name": "astro_bio_fractal_partial_20260218T170121Z.png",
      "path": "/home/fahbrain/projects/omnimind/output/img/bio_astro_pack_preview_20260218T231609Z_revastrofix2/astro_bio_fractal_partial_20260218T170121Z.png",
      "status_code": 201
    },
    {
      "name": "d15_lag_distribution.png",
      "path": "/home/fahbrain/projects/omnimind/output/img/bio_astro_pack_preview_20260218T231609Z_revastrofix2/d15_lag_distribution.png",
      "status_code": 201
    },
    {
      "name": "d15_top_pairs_r_lag.png",
      "path": "/home/fahbrain/projects/omnimind/output/img/bio_astro_pack_preview_20260218T231609Z_revastrofix2/d15_top_pairs_r_lag.png",
      "status_code": 201
    },
    {
      "name": "dodecatiad_multiperiod_timeseries.png",
      "path": "/home/fahbrain/projects/omnimind/output/img/bio_astro_pack_preview_20260218T231609Z_revastrofix2/dodecatiad_multiperiod_timeseries.png",
      "status_code": 201
    },
    {
      "name": "dodecatiad_phase_3d_multiangle.png",
      "path": "/home/fahbrain/projects/omnimind/output/img/bio_astro_pack_preview_20260218T231609Z_revastrofix2/dodecatiad_phase_3d_multiangle.png",
      "status_code": 201
    },
    {
      "name": "fig_jwst_analysis.png",
      "path": "/home/fahbrain/projects/omnimind/output/img/bio_astro_pack_preview_20260218T231609Z_revastrofix2/fig_jwst_analysis.png",
      "status_code": 201
    },
    {
      "name": "nn_angular_cdf.png",
      "path": "/home/fahbrain/projects/omnimind/output/img/bio_astro_pack_preview_20260218T231609Z_revastrofix2/nn_angular_cdf.png",
      "status_code": 201
    },
    {
      "name": "nn_angular_distance_hist.png",
      "path": "/home/fahbrain/projects/omnimind/output/img/bio_astro_pack_preview_20260218T231609Z_revastrofix2/nn_angular_distance_hist.png",
      "status_code": 201
    },
    {
      "name": "nn_redshift_delta_cdf.png",
      "path": "/home/fahbrain/projects/omnimind/output/img/bio_astro_pack_preview_20260218T231609Z_revastrofix2/nn_redshift_delta_cdf.png",
      "status_code": 201
    },
    {
      "name": "nn_redshift_delta_hist.png",
      "path": "/home/fahbrain/projects/omnimind/output/img/bio_astro_pack_preview_20260218T231609Z_revastrofix2/nn_redshift_delta_hist.png",
      "status_code": 201
    },
    {
      "name": "phagocytosis_gate_runtime_sequence.png",
      "path": "/home/fahbrain/projects/omnimind/output/img/bio_astro_pack_preview_20260218T231609Z_revastrofix2/phagocytosis_gate_runtime_sequence.png",
      "status_code": 201
    },
    {
      "name": "phagocytosis_house_profile_heatmap.png",
      "path": "/home/fahbrain/projects/omnimind/output/img/bio_astro_pack_preview_20260218T231609Z_revastrofix2/phagocytosis_house_profile_heatmap.png",
      "status_code": 201
    },
    {
      "name": "acf_pacf_d15rekh_moonillum.png",
      "path": "/home/fahbrain/projects/omnimind/output/img/all_gaps_realdata_20260218T215131Z/acf_pacf_d15rekh_moonillum.png",
      "status_code": 201
    },
    {
      "name": "all_gaps_realdata_heatmap.png",
      "path": "/home/fahbrain/projects/omnimind/output/img/all_gaps_realdata_20260218T215131Z/all_gaps_realdata_heatmap.png",
      "status_code": 201
    },
    {
      "name": "lag_ccf_d15rekh_moonillum.png",
      "path": "/home/fahbrain/projects/omnimind/output/img/all_gaps_realdata_20260218T215131Z/lag_ccf_d15rekh_moonillum.png",
      "status_code": 201
    }
  ],
  "draft_id": 18688532,
  "uploads_ok": true,
  "status": "publish_failed",
  "publish_error": "<html><body><h1>504 Gateway Time-out</h1>\nThe server didn't respond in time.\n</body></html>\n"
}
