{
  "timestamp_utc": "2026-02-18T23:07:43.561685+00:00",
  "inputs": {
    "sdss_collection": "sdss_structures_objectlevel_live_v2",
    "desi_collection": "astro_desi_lya_objectlevel_live",
    "qdrant_url": "http://127.0.0.1:6333"
  },
  "counts": {
    "sdss_points_with_ra_dec_z": 405000,
    "desi_points_with_ra_dec_z": 24724,
    "sdss_missing_payload_fields": 0,
    "desi_missing_payload_fields": 0
  },
  "ranges": {
    "sdss": {
      "ra": {
        "n": 405000,
        "min": 0.0,
        "p25": 0.0,
        "median": 30.427398679210995,
        "p75": 187.3004414933098,
        "p95": 327.54347582790496,
        "max": 359.984340272021,
        "mean": 95.41619382755465,
        "std": 109.66052741651775
      },
      "dec": {
        "n": 405000,
        "min": -9.728013100763915,
        "p25": 0.0,
        "median": 0.0,
        "p75": 21.49079288795571,
        "p95": 48.03188188355166,
        "max": 68.562908,
        "mean": 11.247266888756611,
        "std": 17.373880022194474
      },
      "redshift": {
        "n": 405000,
        "min": -0.01119772344827652,
        "p25": 0.0,
        "median": 8.162903395714238e-05,
        "p75": 0.5424324870109558,
        "p95": 2.222694158554077,
        "max": 7.011244773864746,
        "mean": 0.41576964878953376,
        "std": 0.7774438420501018
      }
    },
    "desi": {
      "ra": {
        "n": 24724,
        "min": 0.609455490700004,
        "p25": 2.8661923938872187,
        "median": 3.6657942962547136,
        "p75": 4.08649866711942,
        "p95": 4.661340567344044,
        "max": 4.780916314410538,
        "mean": 3.4119407478851316,
        "std": 0.8642122844344259
      },
      "dec": {
        "n": 24724,
        "min": -0.48710844319695334,
        "p25": 0.10272707622535032,
        "median": 0.554105818237961,
        "p75": 0.7503488374860325,
        "p95": 1.13871370072248,
        "max": 1.476222449051552,
        "mean": 0.4973865668912693,
        "std": 0.38956873918447205
      },
      "redshift": {
        "n": 24724,
        "min": 1.9875929980594196,
        "p25": 2.1826466827871314,
        "median": 2.411707999754979,
        "p75": 2.7530308657322733,
        "p95": 3.3887719564807197,
        "max": 4.547923365028108,
        "mean": 2.5231475927914024,
        "std": 0.44095138495028935
      }
    }
  },
  "nearest_neighbor": {
    "angular_distance_deg": {
      "n": 24724,
      "min": 0.026720841493838906,
      "p25": 0.2517317469338552,
      "median": 0.36926206752707474,
      "p75": 0.47168801382661774,
      "p95": 0.6386752879400496,
      "max": 0.7651386050854088,
      "mean": 0.3681923147104544,
      "std": 0.1487407514356922
    },
    "redshift_delta": {
      "n": 24724,
      "min": 0.6714114157246645,
      "p25": 1.512676052238573,
      "median": 1.8955544864116063,
      "p75": 2.2782313946027224,
      "p95": 2.9602650395865595,
      "max": 4.537027661389937,
      "mean": 1.9505206012547447,
      "std": 0.5504973847779867
    }
  },
  "threshold_grid": [
    {
      "angle_max_deg": 0.1,
      "dz_max": 0.01,
      "matches": 0,
      "match_rate": 0.0
    },
    {
      "angle_max_deg": 0.1,
      "dz_max": 0.05,
      "matches": 0,
      "match_rate": 0.0
    },
    {
      "angle_max_deg": 0.1,
      "dz_max": 0.1,
      "matches": 0,
      "match_rate": 0.0
    },
    {
      "angle_max_deg": 0.1,
      "dz_max": 0.2,
      "matches": 0,
      "match_rate": 0.0
    },
    {
      "angle_max_deg": 0.1,
      "dz_max": 0.5,
      "matches": 0,
      "match_rate": 0.0
    },
    {
      "angle_max_deg": 0.1,
      "dz_max": 1.0,
      "matches": 0,
      "match_rate": 0.0
    },
    {
      "angle_max_deg": 0.2,
      "dz_max": 0.01,
      "matches": 0,
      "match_rate": 0.0
    },
    {
      "angle_max_deg": 0.2,
      "dz_max": 0.05,
      "matches": 0,
      "match_rate": 0.0
    },
    {
      "angle_max_deg": 0.2,
      "dz_max": 0.1,
      "matches": 0,
      "match_rate": 0.0
    },
    {
      "angle_max_deg": 0.2,
      "dz_max": 0.2,
      "matches": 0,
      "match_rate": 0.0
    },
    {
      "angle_max_deg": 0.2,
      "dz_max": 0.5,
      "matches": 0,
      "match_rate": 0.0
    },
    {
      "angle_max_deg": 0.2,
      "dz_max": 1.0,
      "matches": 0,
      "match_rate": 0.0
    },
    {
      "angle_max_deg": 0.5,
      "dz_max": 0.01,
      "matches": 0,
      "match_rate": 0.0
    },
    {
      "angle_max_deg": 0.5,
      "dz_max": 0.05,
      "matches": 0,
      "match_rate": 0.0
    },
    {
      "angle_max_deg": 0.5,
      "dz_max": 0.1,
      "matches": 0,
      "match_rate": 0.0
    },
    {
      "angle_max_deg": 0.5,
      "dz_max": 0.2,
      "matches": 0,
      "match_rate": 0.0
    },
    {
      "angle_max_deg": 0.5,
      "dz_max": 0.5,
      "matches": 0,
      "match_rate": 0.0
    },
    {
      "angle_max_deg": 0.5,
      "dz_max": 1.0,
      "matches": 0,
      "match_rate": 0.0
    },
    {
      "angle_max_deg": 1.0,
      "dz_max": 0.01,
      "matches": 0,
      "match_rate": 0.0
    },
    {
      "angle_max_deg": 1.0,
      "dz_max": 0.05,
      "matches": 0,
      "match_rate": 0.0
    },
    {
      "angle_max_deg": 1.0,
      "dz_max": 0.1,
      "matches": 0,
      "match_rate": 0.0
    },
    {
      "angle_max_deg": 1.0,
      "dz_max": 0.2,
      "matches": 0,
      "match_rate": 0.0
    },
    {
      "angle_max_deg": 1.0,
      "dz_max": 0.5,
      "matches": 0,
      "match_rate": 0.0
    },
    {
      "angle_max_deg": 1.0,
      "dz_max": 1.0,
      "matches": 35,
      "match_rate": 0.0014156285390713476
    },
    {
      "angle_max_deg": 2.0,
      "dz_max": 0.01,
      "matches": 0,
      "match_rate": 0.0
    },
    {
      "angle_max_deg": 2.0,
      "dz_max": 0.05,
      "matches": 0,
      "match_rate": 0.0
    },
    {
      "angle_max_deg": 2.0,
      "dz_max": 0.1,
      "matches": 0,
      "match_rate": 0.0
    },
    {
      "angle_max_deg": 2.0,
      "dz_max": 0.2,
      "matches": 0,
      "match_rate": 0.0
    },
    {
      "angle_max_deg": 2.0,
      "dz_max": 0.5,
      "matches": 0,
      "match_rate": 0.0
    },
    {
      "angle_max_deg": 2.0,
      "dz_max": 1.0,
      "matches": 35,
      "match_rate": 0.0014156285390713476
    },
    {
      "angle_max_deg": 5.0,
      "dz_max": 0.01,
      "matches": 0,
      "match_rate": 0.0
    },
    {
      "angle_max_deg": 5.0,
      "dz_max": 0.05,
      "matches": 0,
      "match_rate": 0.0
    },
    {
      "angle_max_deg": 5.0,
      "dz_max": 0.1,
      "matches": 0,
      "match_rate": 0.0
    },
    {
      "angle_max_deg": 5.0,
      "dz_max": 0.2,
      "matches": 0,
      "match_rate": 0.0
    },
    {
      "angle_max_deg": 5.0,
      "dz_max": 0.5,
      "matches": 0,
      "match_rate": 0.0
    },
    {
      "angle_max_deg": 5.0,
      "dz_max": 1.0,
      "matches": 35,
      "match_rate": 0.0014156285390713476
    }
  ],
  "figures": [
    "output/img/astro_mapping_overlap_20260218T230709Z/nn_angular_distance_hist.png",
    "output/img/astro_mapping_overlap_20260218T230709Z/nn_redshift_delta_hist.png",
    "output/img/astro_mapping_overlap_20260218T230709Z/nn_angular_cdf.png",
    "output/img/astro_mapping_overlap_20260218T230709Z/nn_redshift_delta_cdf.png"
  ],
  "diagnosis_note": "Low strict-match counts can result from sparse footprint overlap, heterogeneous sky coverage, and broad redshift mismatch between catalogs."
}
