{
  "timestamp_utc": "2026-02-18T23:09:06.205571+00:00",
  "sdss_source_structures_total": 405000,
  "qdrant_counts": {
    "sdss_structures_objectlevel_live": 163152,
    "sdss_structures_objectlevel_live_v2": 405000,
    "astro_desi_lya_objectlevel_live": 24724,
    "phys_accelerated_structure_horizon_thermo_live": 3
  },
  "collision_fix": {
    "file": "scripts/analysis/materialize_sdss_structures_objectlevel_to_qdrant.py",
    "change": "stable_id now includes source shard path to avoid cross-file overwrite"
  },
  "overlap_summary_from_diagnosis": {
    "angular_median_deg": 0.36926206752707474,
    "angular_p95_deg": 0.6386752879400496,
    "dz_median": 1.8955544864116063,
    "dz_p95": 2.9602650395865595,
    "strict_matches_angle_0.2_dz_0.05": 0
  },
  "interpretation": "After fixing SDSS shard ID collisions, nearest-sky overlap is present but redshift mismatch remains the dominant limiter for strict SDSS×DESI matches."
}
