{
  "timestamp_utc": "2026-02-18T13:38:45.868899+00:00",
  "inputs": {
    "m12_file": "/home/fahbrain/projects/omnimind/reports_runtime/hiv_wrapper_functional_cure_safe_20260218T064711Z.json",
    "m18_file": "/home/fahbrain/projects/omnimind/reports_runtime/hiv_wrapper_functional_cure_safe_20260218T133546Z.json",
    "pack_doc": "/home/fahbrain/projects/omnimind/docs/zenodo_packs/omnimind_bio_hiv_lupus_diabetes_20260218T120207Z/TECHNICAL_STUDY_COMPILATION.md"
  },
  "wrapper_vs_baseline": {
    "m12_score_gain_pct": 7.204494525027784,
    "m12_inflammation_drop_pct": 97.56506823553089,
    "m18_score_gain_pct": 10.792731503760615,
    "m18_inflammation_drop_pct": 98.11481062968213
  },
  "wrapper_m18_vs_m12": {
    "score_delta_abs": 0.01727806766799589,
    "score_delta_pct_over_m12": 1.9969401381075484,
    "inert_fraction_delta_abs": 0.013581423273228144,
    "active_delta_abs": -0.02355759891155157,
    "host_delta_abs": -0.0008804062680722868
  },
  "trajectory_checks": {
    "wrapper_growth_m12": {
      "threshold": 1.25,
      "phase3_months": 6,
      "events": 0,
      "max_ratio": 0.88904332933688,
      "max_ratio_pair": [
        11,
        12
      ]
    },
    "wrapper_growth_m18": {
      "threshold": 1.25,
      "phase3_months": 12,
      "events": 0,
      "max_ratio": 0.9678772077137546,
      "max_ratio_pair": [
        17,
        18
      ]
    }
  },
  "gap_m18_rebound_hiv": {
    "status": "FECHADA_LOCAL",
    "reason": "M18 run available and wrapper_cohab kept rebound_events_phase3=0.00 with score/inflammation advantage vs baseline at M18.",
    "criteria": {
      "has_m18_run": true,
      "wrapper_rebound_events_m18": 0.0,
      "baseline_rebound_events_m18": 0.0,
      "wrapper_rebound_events_m18_leq_baseline": true,
      "wrapper_score_gain_vs_baseline_m18_pct": 10.792731503760615,
      "wrapper_inflammation_drop_vs_baseline_m18_pct": 98.11481062968213
    },
    "limitations": [
      "Purely computational abstraction (safe simulation).",
      "No wet-lab/clinical validation in this pipeline."
    ]
  }
}
