{
  "timestamp_utc": "2026-02-18T21:11:02.901933+00:00",
  "inputs": {
    "d15_extended_correlation_validation": "reports_runtime/d15_extended_correlation_validation_compact200_20260218T184552Z.json",
    "dm2_gut_immune_realdata_validation": "reports_runtime/dm2_gut_immune_realdata_validation_20260218T204707Z.json",
    "new_zip_qdrant_materialization": "reports_runtime/new_zip_qdrant_materialization_20260218T204524Z.json",
    "multi_disease_pack_validation": "reports_runtime/multi_disease_pack_validation_20260218T211102Z.json",
    "qdrant_collection_counts": "reports_runtime/qdrant_collection_counts_20260218T205333Z.json",
    "pack_artifact_consistency_recheck_refined": "reports_runtime/pack_artifact_consistency_recheck_refined_20260218T183626Z.json"
  },
  "local_evidence_summary": {
    "d15_top_pair": {
      "pair": "d15_rekh_proxy x moon_illum_frac",
      "r": -0.8323412104628806,
      "lag_min": 300
    },
    "d15_validated_pairs_count": 8,
    "dm2_status_candidate": "FECHADA_LOCAL",
    "dm2_glycemic_field_count": 3,
    "dm2_immune_proxy_field_count": 1,
    "dm2_microbiome_specific_field_count": 0,
    "dm2_microbiome_external_collection_points_total": 1143,
    "zip_materialized_total": 13,
    "zip_specs_total": 13,
    "pack_data_json_count": 18,
    "pack_gap_statuses": {
      "gap_m18_rebound_hiv": "FECHADA_LOCAL",
      "gap_heatmap_15houses_gwas_hiv_dm2_lupus": "FECHADA_LOCAL",
      "gap_astro_cycle_sustainment_validation": "FECHADA_LOCAL",
      "gap_dm2_microbiome_wrapper": "FECHADA_LOCAL",
      "gap_multi_disease_pack_hiv_dm2_lupus": "FECHADA_LOCAL",
      "gap_ensembl_grch38_mapping": "FECHADA_LOCAL",
      "gap_uk_biobank_hiv_controllers": "BLOQUEADA",
      "gap_wetlab_crispr_wrapper": "BLOQUEADA",
      "gap_wrapper_gene_candidates": "EM_REVISAO_LOCAL"
    },
    "qdrant_collections_total": 159,
    "provenance_recheck_result": null,
    "provenance_recheck_counts": {
      "scenario-simulation": 8,
      "real-data-local": 30,
      "mixed": 1,
      "administrative-mixed": 1
    }
  },
  "closure_assessment": {
    "local_trail_status": "EM_REVISAO_LOCAL",
    "pending_technical_items": {
      "gap_wrapper_gene_candidates": "EM_REVISAO_LOCAL"
    },
    "blocked_external_items": {
      "gap_uk_biobank_hiv_controllers": "BLOQUEADA",
      "gap_wetlab_crispr_wrapper": "BLOQUEADA"
    },
    "peer_review_required_for_publication": true,
    "peer_review_out_of_scope_for_local_execution": true
  },
  "method_note": "This artifact consolidates existing local outputs only. No simulated datasets are generated in this recheck."
}
