{
  "timestamp_utc": "2026-02-18T17:55:37.793130+00:00",
  "counts": {
    "candidates": 15,
    "rsid_queries": 1,
    "rsid_mapped_grch38": 1,
    "gene_symbol_queries": 14,
    "gene_symbol_mapped": 14
  },
  "top_rows": [
    {
      "candidate": "HLA-B*57:01",
      "score": 103.5,
      "houses": [
        "Isfet"
      ],
      "tags": [
        "ccr5_hla_cross",
        "hiv_gwas_best_hit"
      ],
      "symbol_candidate": "HLA-B",
      "rsid_mapping": null,
      "gene_mapping": {
        "type": "gene_symbol",
        "query": "HLA-B",
        "mapped": true,
        "id": "ENSG00000234745",
        "display_name": "HLA-B",
        "biotype": "protein_coding",
        "seq_region_name": "6",
        "start": 31353867,
        "end": 31367067,
        "strand": -1,
        "assembly_name": "GRCh38"
      }
    },
    {
      "candidate": "HLA-C*06:02",
      "score": 50.654902,
      "houses": [
        "Psi"
      ],
      "tags": [
        "ccr5_hla_cross"
      ],
      "symbol_candidate": "HLA-C",
      "rsid_mapping": null,
      "gene_mapping": {
        "type": "gene_symbol",
        "query": "HLA-C",
        "mapped": true,
        "id": "ENSG00000204525",
        "display_name": "HLA-C",
        "biotype": "protein_coding",
        "seq_region_name": "6",
        "start": 31268749,
        "end": 31272130,
        "strand": -1,
        "assembly_name": "GRCh38"
      }
    },
    {
      "candidate": "HLA-B*27:05",
      "score": 20.89794,
      "houses": [
        "Plit"
      ],
      "tags": [
        "ccr5_hla_cross"
      ],
      "symbol_candidate": "HLA-B",
      "rsid_mapping": null,
      "gene_mapping": {
        "type": "gene_symbol",
        "query": "HLA-B",
        "mapped": true,
        "id": "ENSG00000234745",
        "display_name": "HLA-B",
        "biotype": "protein_coding",
        "seq_region_name": "6",
        "start": 31353867,
        "end": 31367067,
        "strand": -1,
        "assembly_name": "GRCh38"
      }
    },
    {
      "candidate": "HLA-C*07:01",
      "score": 15.19897,
      "houses": [
        "Isfet"
      ],
      "tags": [
        "ccr5_hla_cross"
      ],
      "symbol_candidate": "HLA-C",
      "rsid_mapping": null,
      "gene_mapping": {
        "type": "gene_symbol",
        "query": "HLA-C",
        "mapped": true,
        "id": "ENSG00000204525",
        "display_name": "HLA-C",
        "biotype": "protein_coding",
        "seq_region_name": "6",
        "start": 31268749,
        "end": 31272130,
        "strand": -1,
        "assembly_name": "GRCh38"
      }
    },
    {
      "candidate": "HLA-C*07:02",
      "score": 13.89794,
      "houses": [
        "Zeta"
      ],
      "tags": [
        "ccr5_hla_cross"
      ],
      "symbol_candidate": "HLA-C",
      "rsid_mapping": null,
      "gene_mapping": {
        "type": "gene_symbol",
        "query": "HLA-C",
        "mapped": true,
        "id": "ENSG00000204525",
        "display_name": "HLA-C",
        "biotype": "protein_coding",
        "seq_region_name": "6",
        "start": 31268749,
        "end": 31272130,
        "strand": -1,
        "assembly_name": "GRCh38"
      }
    },
    {
      "candidate": "HLA-B*07:02",
      "score": 13.80103,
      "houses": [
        "Axe"
      ],
      "tags": [
        "ccr5_hla_cross"
      ],
      "symbol_candidate": "HLA-B",
      "rsid_mapping": null,
      "gene_mapping": {
        "type": "gene_symbol",
        "query": "HLA-B",
        "mapped": true,
        "id": "ENSG00000234745",
        "display_name": "HLA-B",
        "biotype": "protein_coding",
        "seq_region_name": "6",
        "start": 31353867,
        "end": 31367067,
        "strand": -1,
        "assembly_name": "GRCh38"
      }
    },
    {
      "candidate": "HLA-B*08:01",
      "score": 12.022879,
      "houses": [
        "Phi"
      ],
      "tags": [
        "ccr5_hla_cross"
      ],
      "symbol_candidate": "HLA-B",
      "rsid_mapping": null,
      "gene_mapping": {
        "type": "gene_symbol",
        "query": "HLA-B",
        "mapped": true,
        "id": "ENSG00000234745",
        "display_name": "HLA-B",
        "biotype": "protein_coding",
        "seq_region_name": "6",
        "start": 31353867,
        "end": 31367067,
        "strand": -1,
        "assembly_name": "GRCh38"
      }
    },
    {
      "candidate": "HLA-C*08:02",
      "score": 11.545757,
      "houses": [
        "Axe"
      ],
      "tags": [
        "ccr5_hla_cross"
      ],
      "symbol_candidate": "HLA-C",
      "rsid_mapping": null,
      "gene_mapping": {
        "type": "gene_symbol",
        "query": "HLA-C",
        "mapped": true,
        "id": "ENSG00000204525",
        "display_name": "HLA-C",
        "biotype": "protein_coding",
        "seq_region_name": "6",
        "start": 31268749,
        "end": 31272130,
        "strand": -1,
        "assembly_name": "GRCh38"
      }
    },
    {
      "candidate": "HLA-C*04:01",
      "score": 11.545757,
      "houses": [
        "Axe"
      ],
      "tags": [
        "ccr5_hla_cross"
      ],
      "symbol_candidate": "HLA-C",
      "rsid_mapping": null,
      "gene_mapping": {
        "type": "gene_symbol",
        "query": "HLA-C",
        "mapped": true,
        "id": "ENSG00000204525",
        "display_name": "HLA-C",
        "biotype": "protein_coding",
        "seq_region_name": "6",
        "start": 31268749,
        "end": 31272130,
        "strand": -1,
        "assembly_name": "GRCh38"
      }
    },
    {
      "candidate": "HLA-B*13:02",
      "score": 10.89794,
      "houses": [
        "Lambda"
      ],
      "tags": [
        "ccr5_hla_cross"
      ],
      "symbol_candidate": "HLA-B",
      "rsid_mapping": null,
      "gene_mapping": {
        "type": "gene_symbol",
        "query": "HLA-B",
        "mapped": true,
        "id": "ENSG00000234745",
        "display_name": "HLA-B",
        "biotype": "protein_coding",
        "seq_region_name": "6",
        "start": 31353867,
        "end": 31367067,
        "strand": -1,
        "assembly_name": "GRCh38"
      }
    },
    {
      "candidate": "HLA-B*14:02",
      "score": 10.19897,
      "houses": [
        "Sigma"
      ],
      "tags": [
        "ccr5_hla_cross"
      ],
      "symbol_candidate": "HLA-B",
      "rsid_mapping": null,
      "gene_mapping": {
        "type": "gene_symbol",
        "query": "HLA-B",
        "mapped": true,
        "id": "ENSG00000234745",
        "display_name": "HLA-B",
        "biotype": "protein_coding",
        "seq_region_name": "6",
        "start": 31353867,
        "end": 31367067,
        "strand": -1,
        "assembly_name": "GRCh38"
      }
    },
    {
      "candidate": "HLA-C*12:02",
      "score": 8.89794,
      "houses": [
        "Sigma"
      ],
      "tags": [
        "ccr5_hla_cross"
      ],
      "symbol_candidate": "HLA-C",
      "rsid_mapping": null,
      "gene_mapping": {
        "type": "gene_symbol",
        "query": "HLA-C",
        "mapped": true,
        "id": "ENSG00000204525",
        "display_name": "HLA-C",
        "biotype": "protein_coding",
        "seq_region_name": "6",
        "start": 31268749,
        "end": 31272130,
        "strand": -1,
        "assembly_name": "GRCh38"
      }
    },
    {
      "candidate": "HLA-C*02:02",
      "score": 8.80103,
      "houses": [
        "Lambda"
      ],
      "tags": [
        "ccr5_hla_cross"
      ],
      "symbol_candidate": "HLA-C",
      "rsid_mapping": null,
      "gene_mapping": {
        "type": "gene_symbol",
        "query": "HLA-C",
        "mapped": true,
        "id": "ENSG00000204525",
        "display_name": "HLA-C",
        "biotype": "protein_coding",
        "seq_region_name": "6",
        "start": 31268749,
        "end": 31272130,
        "strand": -1,
        "assembly_name": "GRCh38"
      }
    },
    {
      "candidate": "HLA-A*25:01",
      "score": 8.654902,
      "houses": [
        "Aleph"
      ],
      "tags": [
        "ccr5_hla_cross"
      ],
      "symbol_candidate": "HLA-A",
      "rsid_mapping": null,
      "gene_mapping": {
        "type": "gene_symbol",
        "query": "HLA-A",
        "mapped": true,
        "id": "ENSG00000206503",
        "display_name": "HLA-A",
        "biotype": "protein_coding",
        "seq_region_name": "6",
        "start": 29941260,
        "end": 29949572,
        "strand": 1,
        "assembly_name": "GRCh38"
      }
    },
    {
      "candidate": "rs41557415",
      "score": 8.314187,
      "houses": [
        "Sigma"
      ],
      "tags": [
        "high_i2_signal"
      ],
      "symbol_candidate": null,
      "rsid_mapping": {
        "type": "rsid",
        "query": "rs41557415",
        "mapped": true,
        "mappings_grch38": [
          {
            "assembly": "GRCh38",
            "seq_region_name": "6",
            "start": 31355678,
            "end": 31355678,
            "strand": 1,
            "allele_string": "A/C/G",
            "location": "6:31355678-31355678"
          },
          {
            "assembly": "GRCh38",
            "seq_region_name": "HSCHR6_MHC_COX_CTG1",
            "start": 2836038,
            "end": 2836038,
            "strand": 1,
            "allele_string": "A/C/G",
            "location": "HSCHR6_MHC_COX_CTG1:2836038-2836038"
          },
          {
            "assembly": "GRCh38",
            "seq_region_name": "HSCHR6_MHC_MANN_CTG1",
            "start": 2664290,
            "end": 2664290,
            "strand": 1,
            "allele_string": "A/C/G",
            "location": "HSCHR6_MHC_MANN_CTG1:2664290-2664290"
          },
          {
            "assembly": "GRCh38",
            "seq_region_name": "HSCHR6_MHC_MCF_CTG1",
            "start": 2697661,
            "end": 2697661,
            "strand": 1,
            "allele_string": "A/C/G",
            "location": "HSCHR6_MHC_MCF_CTG1:2697661-2697661"
          },
          {
            "assembly": "GRCh38",
            "seq_region_name": "HSCHR6_MHC_QBL_CTG1",
            "start": 2611376,
            "end": 2611376,
            "strand": 1,
            "allele_string": "A/C/G",
            "location": "HSCHR6_MHC_QBL_CTG1:2611376-2611376"
          },
          {
            "assembly": "GRCh38",
            "seq_region_name": "HSCHR6_MHC_SSTO_CTG1",
            "start": 2657916,
            "end": 2657916,
            "strand": 1,
            "allele_string": "A/C/G",
            "location": "HSCHR6_MHC_SSTO_CTG1:2657916-2657916"
          }
        ],
        "most_severe_consequence": "intron_variant"
      },
      "gene_mapping": null
    }
  ],
  "gap_ensembl_grch38_mapping": {
    "status_candidate": "FECHADA_LOCAL",
    "note": "Ensembl GRCh38 mapper script executed on local candidate panel."
  }
}
