{
  "timestamp_utc": "2026-02-18T20:58:50.032163+00:00",
  "zip_path": "Accelerated Structure Formation from Horizon Thermodynamics:_18685334.zip",
  "extracted_dir": "/tmp/accel_horizon_20260218T205849Z",
  "files": [
    "jwst_modified_inertia.py",
    "fig_jwst_analysis.png",
    "Brodie2026_JWSTMassiveGalaxies.pdf"
  ],
  "pdf": {
    "path": "/tmp/accel_horizon_20260218T205849Z/Brodie2026_JWSTMassiveGalaxies.pdf",
    "pdfinfo_raw_head": [
      "Title:           ",
      "Subject:         ",
      "Keywords:        ",
      "Author:          ",
      "Creator:         LaTeX with hyperref",
      "Producer:        pdfTeX-1.40.25",
      "CreationDate:    Wed Feb 18 16:16:35 2026 -03",
      "ModDate:         Wed Feb 18 16:16:35 2026 -03",
      "Custom Metadata: yes",
      "Metadata Stream: no",
      "Tagged:          no",
      "UserProperties:  no",
      "Suspects:        no",
      "Form:            none",
      "JavaScript:      no",
      "Pages:           8",
      "Encrypted:       no",
      "Page size:       612 x 792 pts (letter)",
      "Page rot:        0",
      "File size:       510781 bytes"
    ],
    "word_count": 5232,
    "line_count": 872,
    "keyword_counts": {
      "horizon": 22,
      "thermodynamics": 6,
      "entropy": 5,
      "jwst": 26,
      "galaxy": 28,
      "galaxies": 40,
      "structure formation": 5,
      "dissipative": 0,
      "non-unitary": 0,
      "dark matter": 12,
      "inertia": 24
    },
    "abstract_excerpt_1200": "Accelerated Structure Formation from Horizon Thermodynamics: Resolving the JWST Early Massive Galaxy Anomaly Keith Brodie1 1 Independent researcher (Dated: February 18, 2026) The James Webb Space Telescope has revealed galaxies with stellar masses of 109 –1010 M⊙ at redshifts z > 10, within 400 Myr of the Big Bang. In standard ΛCDM cosmology, the free-fall timescale of protogalactic baryonic clouds at these epochs exceeds the age of the universe, and the required dark matter halos represent > 10σ fluctuations in the primordial density field. We show that these galaxies form naturally—with no free parameters—in the thermodynamic spacetime framework of Jacobson (1995) when entanglement sharing between Rindler and Hubble horizons modifies the effective inertia of matter. The sharing function f (a) = a/(a + a0 ) with a0 (z) = cH(z)/6, derived in Ref. [1] from entanglement monogamy and validated against the SPARC radial acceleration relation at σ = 0.133 dex [2], produces the standard MOND phenomenology with zero free parameters. Because H(z) is much larger at early times—a0 (z=12) ≈ 26 a0 (z=0)—the modification extends to all protogalactic scales. Gravitational accelerations in collaps"
  },
  "code": {
    "path": "/tmp/accel_horizon_20260218T205849Z/jwst_modified_inertia.py",
    "lines": 530,
    "imports": [
      "matplotlib",
      "matplotlib.pyplot",
      "numpy",
      "scipy",
      "scipy.optimize"
    ]
  },
  "figure": {
    "path": "/tmp/accel_horizon_20260218T205849Z/fig_jwst_analysis.png",
    "exists": true,
    "size_bytes": 229560
  },
  "method_note": "Review generated from local ZIP contents only (no external fetch, no simulated data)."
}
