{
  "timestamp_utc": "2026-02-18T15:24:58.925610+00:00",
  "inputs": {
    "pending_tasks": "/home/fahbrain/projects/omnimind/.omnimind/audit/pending_tasks.json",
    "api_inventory": "/home/fahbrain/projects/omnimind/reports_runtime/api_inventory_cosmic_20260209T110059Z.json"
  },
  "desi_hits_pending_tasks": [],
  "desi_hits_reports_runtime": [
    {
      "file": "/home/fahbrain/projects/omnimind/reports_runtime/astro_bio_cycle_sustainment_20260218T151647Z.json",
      "line": 371,
      "text": "    \"DESI EDR full Ly-alpha reproduction requires external datasets/pipeline runs.\","
    },
    {
      "file": "/home/fahbrain/projects/omnimind/reports_runtime/astro_bio_cycle_sustainment_compact200_20260218T151647Z.json",
      "line": 188,
      "text": "    \"DESI EDR full Ly-alpha reproduction requires external datasets/pipeline runs.\","
    }
  ],
  "sdss_hits_pending_tasks_sample": [
    {
      "file": "/home/fahbrain/projects/omnimind/.omnimind/audit/pending_tasks.json",
      "line": 20,
      "text": "      \"reports_runtime/sdss17_service_qdrant_fallback_recheck_20260216T233400Z.json\","
    },
    {
      "file": "/home/fahbrain/projects/omnimind/.omnimind/audit/pending_tasks.json",
      "line": 21,
      "text": "      \"reports_runtime/sdss17_service_qdrant_fallback_recheck_20260216T233400Z.md\","
    },
    {
      "file": "/home/fahbrain/projects/omnimind/.omnimind/audit/pending_tasks.json",
      "line": 23,
      "text": "      \"reports_runtime/sdss17_service_qdrant_fallback_recheck_20260216T233933Z.json\","
    },
    {
      "file": "/home/fahbrain/projects/omnimind/.omnimind/audit/pending_tasks.json",
      "line": 24,
      "text": "      \"reports_runtime/sdss17_service_qdrant_fallback_recheck_20260216T233933Z.md\","
    },
    {
      "file": "/home/fahbrain/projects/omnimind/.omnimind/audit/pending_tasks.json",
      "line": 57,
      "text": "      \"docs/cosmic_maps/qdrant_live_sessions_15faces/20260217T011143Z/qdrant_live_overlay_sdss.png\","
    },
    {
      "file": "/home/fahbrain/projects/omnimind/.omnimind/audit/pending_tasks.json",
      "line": 479,
      "text": "      \"description\": \"Sumario operacional do que existe localmente (Gaia/SuperDARN/SDSS/MPC) e do que esta ausente (SDSS MOC, WISE/NEOWISE bulk, DAMIT shapes, SPICE kernels) para orientar proximos downloads e integracoes"
    },
    {
      "file": "/home/fahbrain/projects/omnimind/.omnimind/audit/pending_tasks.json",
      "line": 813,
      "text": "      \"id\": \"sdss_dr17_qdrant_full_catalog_20260216\","
    },
    {
      "file": "/home/fahbrain/projects/omnimind/.omnimind/audit/pending_tasks.json",
      "line": 814,
      "text": "      \"title\": \"Recuperar SDSS DR17 link e catalogar todas as collections Qdrant\","
    },
    {
      "file": "/home/fahbrain/projects/omnimind/.omnimind/audit/pending_tasks.json",
      "line": 815,
      "text": "      \"description\": \"Recriado symlink crítico de SDSS e gerado inventário completo de collections Qdrant com conteúdo amostral + mapa central local/cloud.\","
    },
    {
      "file": "/home/fahbrain/projects/omnimind/.omnimind/audit/pending_tasks.json",
      "line": 826,
      "text": "        \"sdss\""
    },
    {
      "file": "/home/fahbrain/projects/omnimind/.omnimind/audit/pending_tasks.json",
      "line": 829,
      "text": "        \"data/sdss_anomalies restaurado e válido\","
    },
    {
      "file": "/home/fahbrain/projects/omnimind/.omnimind/audit/pending_tasks.json",
      "line": 843,
      "text": "      \"id\": \"sdss17_service_qdrant_fallback_recheck_20260216\","
    },
    {
      "file": "/home/fahbrain/projects/omnimind/.omnimind/audit/pending_tasks.json",
      "line": 844,
      "text": "      \"title\": \"Recheck serviço SDSS17 com fallback Qdrant + retomada mapeamento\","
    },
    {
      "file": "/home/fahbrain/projects/omnimind/.omnimind/audit/pending_tasks.json",
      "line": 845,
      "text": "      \"description\": \"Validação do serviço de refresh com recuperação SDSS17, fallback para Qdrant collection e execução de mapeamento Dodecatíade sem abortar por camadas opcionais ausentes.\","
    },
    {
      "file": "/home/fahbrain/projects/omnimind/.omnimind/audit/pending_tasks.json",
      "line": 856,
      "text": "        \"sdss17\","
    },
    {
      "file": "/home/fahbrain/projects/omnimind/.omnimind/audit/pending_tasks.json",
      "line": 868,
      "text": "          \"entry\": \"Artefatos: reports_runtime/sdss17_service_qdrant_fallback_recheck_20260216T233400Z.{json,md}\""
    },
    {
      "file": "/home/fahbrain/projects/omnimind/.omnimind/audit/pending_tasks.json",
      "line": 873,
      "text": "        \"reports_runtime/sdss17_service_qdrant_fallback_recheck_20260216T233933Z.json\","
    },
    {
      "file": "/home/fahbrain/projects/omnimind/.omnimind/audit/pending_tasks.json",
      "line": 874,
      "text": "        \"reports_runtime/sdss17_service_qdrant_fallback_recheck_20260216T233933Z.md\""
    },
    {
      "file": "/home/fahbrain/projects/omnimind/.omnimind/audit/pending_tasks.json",
      "line": 910,
      "text": "        \"docs/cosmic_maps/qdrant_live_sessions_15faces/20260217T011143Z/qdrant_live_overlay_sdss.png\","
    },
    {
      "file": "/home/fahbrain/projects/omnimind/.omnimind/audit/pending_tasks.json",
      "line": 1469,
      "text": "      \"progress_note\": \"Inventário amplo atualizado (566 entradas, ~230.2GB não-symlink) e vetorizado em Qdrant (omnimind_backup_topology_20260211_all, 566 pontos). Inventário focado de candidatos (~23.7GB, 11 entradas) "
    },
    {
      "file": "/home/fahbrain/projects/omnimind/.omnimind/audit/pending_tasks.json",
      "line": 1491,
      "text": "        \"reports_runtime/sdss17_service_qdrant_fallback_recheck_20260216T233400Z.json\","
    },
    {
      "file": "/home/fahbrain/projects/omnimind/.omnimind/audit/pending_tasks.json",
      "line": 1492,
      "text": "        \"reports_runtime/sdss17_service_qdrant_fallback_recheck_20260216T233400Z.md\","
    },
    {
      "file": "/home/fahbrain/projects/omnimind/.omnimind/audit/pending_tasks.json",
      "line": 1494,
      "text": "        \"src/sovereign/sdss_explorer.py\","
    },
    {
      "file": "/home/fahbrain/projects/omnimind/.omnimind/audit/pending_tasks.json",
      "line": 1497,
      "text": "        \"reports_runtime/sdss17_service_qdrant_fallback_recheck_20260216T233933Z.json\","
    },
    {
      "file": "/home/fahbrain/projects/omnimind/.omnimind/audit/pending_tasks.json",
      "line": 1498,
      "text": "        \"reports_runtime/sdss17_service_qdrant_fallback_recheck_20260216T233933Z.md\","
    },
    {
      "file": "/home/fahbrain/projects/omnimind/.omnimind/audit/pending_tasks.json",
      "line": 1756,
      "text": "      \"description\": \"Sumario operacional do que existe localmente (Gaia/SuperDARN/SDSS/MPC) e do que esta ausente (SDSS MOC, WISE/NEOWISE bulk, DAMIT shapes, SPICE kernels) para orientar proximos downloads e integracoes"
    },
    {
      "file": "/home/fahbrain/projects/omnimind/.omnimind/audit/pending_tasks.json",
      "line": 1912,
      "text": "      \"description\": \"Criar plots 3D (orbita/posicao) e 4D (tempo como cor/eixo adicional) para astros rastreados, com camadas por casa Dodecatiade e status de cobertura de dados fisicos (SBDB/WISE/DAMIT/SDSS).\","
    },
    {
      "file": "/home/fahbrain/projects/omnimind/.omnimind/audit/pending_tasks.json",
      "line": 2271,
      "text": "          \"entry\": \"Asteroid refresh pipeline restaurado: update_dynamic_astro_feeds tolera catálogo ausente e run_asteroid_refresh ignora geração dodecatiad quando SDSS local está ausente. Serviço oneshot validado com R"
    },
    {
      "file": "/home/fahbrain/projects/omnimind/.omnimind/audit/pending_tasks.json",
      "line": 2756,
      "text": "          \"entry\": \"qdrant_live_full_summary_20260217T000300Z: top massa em omnimind_kernel_vida/ide_soberano/projects_20260127; house heatmap e overlay SDSS regenerados para continuidade do mapeamento científico pós-rei"
    },
    {
      "file": "/home/fahbrain/projects/omnimind/.omnimind/audit/pending_tasks.json",
      "line": 4973,
      "text": "      \"id\": \"sdss_dr17_qdrant_full_catalog_20260216\","
    },
    {
      "file": "/home/fahbrain/projects/omnimind/.omnimind/audit/pending_tasks.json",
      "line": 4974,
      "text": "      \"title\": \"Recuperar SDSS DR17 link e catalogar todas as collections Qdrant\","
    },
    {
      "file": "/home/fahbrain/projects/omnimind/.omnimind/audit/pending_tasks.json",
      "line": 4975,
      "text": "      \"description\": \"Recriado symlink crítico de SDSS e gerado inventário completo de collections Qdrant com conteúdo amostral + mapa central local/cloud.\","
    },
    {
      "file": "/home/fahbrain/projects/omnimind/.omnimind/audit/pending_tasks.json",
      "line": 4986,
      "text": "        \"sdss\""
    },
    {
      "file": "/home/fahbrain/projects/omnimind/.omnimind/audit/pending_tasks.json",
      "line": 4989,
      "text": "        \"data/sdss_anomalies restaurado e válido\","
    },
    {
      "file": "/home/fahbrain/projects/omnimind/.omnimind/audit/pending_tasks.json",
      "line": 5001,
      "text": "      \"progress_note\": \"Concluído com geração de inventário full das 63 collections e recuperação de symlink SDSS DR17.\""
    },
    {
      "file": "/home/fahbrain/projects/omnimind/.omnimind/audit/pending_tasks.json",
      "line": 5004,
      "text": "      \"id\": \"sdss17_service_qdrant_fallback_recheck_20260216\","
    },
    {
      "file": "/home/fahbrain/projects/omnimind/.omnimind/audit/pending_tasks.json",
      "line": 5005,
      "text": "      \"title\": \"Recheck serviço SDSS17 com fallback Qdrant + retomada mapeamento\","
    },
    {
      "file": "/home/fahbrain/projects/omnimind/.omnimind/audit/pending_tasks.json",
      "line": 5006,
      "text": "      \"description\": \"Validação do serviço de refresh com recuperação SDSS17, fallback para Qdrant collection e execução de mapeamento Dodecatíade sem abortar por camadas opcionais ausentes.\","
    },
    {
      "file": "/home/fahbrain/projects/omnimind/.omnimind/audit/pending_tasks.json",
      "line": 5017,
      "text": "        \"sdss17\","
    },
    {
      "file": "/home/fahbrain/projects/omnimind/.omnimind/audit/pending_tasks.json",
      "line": 5026,
      "text": "        \"reports_runtime/sdss17_service_qdrant_fallback_recheck_20260216T233400Z.json\","
    }
  ],
  "gama_hits_pending_tasks_sample": [],
  "lya_hits_pending_tasks_sample": [
    {
      "file": "/home/fahbrain/projects/omnimind/.omnimind/audit/pending_tasks.json",
      "line": 25,
      "text": "      \"reports_runtime/gamma_lyman_maps_restore_20260216T234709Z.json\","
    },
    {
      "file": "/home/fahbrain/projects/omnimind/.omnimind/audit/pending_tasks.json",
      "line": 26,
      "text": "      \"reports_runtime/gamma_lyman_maps_restore_20260216T234709Z.md\","
    },
    {
      "file": "/home/fahbrain/projects/omnimind/.omnimind/audit/pending_tasks.json",
      "line": 1469,
      "text": "      \"progress_note\": \"Inventário amplo atualizado (566 entradas, ~230.2GB não-symlink) e vetorizado em Qdrant (omnimind_backup_topology_20260211_all, 566 pontos). Inventário focado de candidatos (~23.7GB, 11 entradas) "
    },
    {
      "file": "/home/fahbrain/projects/omnimind/.omnimind/audit/pending_tasks.json",
      "line": 1499,
      "text": "        \"reports_runtime/gamma_lyman_maps_restore_20260216T234709Z.json\","
    },
    {
      "file": "/home/fahbrain/projects/omnimind/.omnimind/audit/pending_tasks.json",
      "line": 1500,
      "text": "        \"reports_runtime/gamma_lyman_maps_restore_20260216T234709Z.md\","
    },
    {
      "file": "/home/fahbrain/projects/omnimind/.omnimind/audit/pending_tasks.json",
      "line": 5308,
      "text": "      \"description\": \"Modulo automatico criado e ativado via systemd --user timer para inventario periodico de colecoes Qdrant local+cloud com checagem critica (sdss/gamma/lyman/gaia/ensdf/endf/atmomaccs).\","
    },
    {
      "file": "/home/fahbrain/projects/omnimind/.omnimind/audit/pending_tasks.json",
      "line": 6314,
      "text": "      \"progress_note\": \"Inventário amplo atualizado (566 entradas, ~230.2GB não-symlink) e vetorizado em Qdrant (omnimind_backup_topology_20260211_all, 566 pontos). Inventário focado de candidatos (~23.7GB, 11 entradas) "
    },
    {
      "file": "/home/fahbrain/projects/omnimind/.omnimind/audit/pending_tasks.json",
      "line": 6344,
      "text": "        \"reports_runtime/gamma_lyman_maps_restore_20260216T234709Z.json\","
    },
    {
      "file": "/home/fahbrain/projects/omnimind/.omnimind/audit/pending_tasks.json",
      "line": 6345,
      "text": "        \"reports_runtime/gamma_lyman_maps_restore_20260216T234709Z.md\","
    },
    {
      "file": "/home/fahbrain/projects/omnimind/.omnimind/audit/pending_tasks.json",
      "line": 10480,
      "text": "      \"description\": \"Modulo automatico criado e ativado via systemd --user timer para inventario periodico de colecoes Qdrant local+cloud com checagem critica (sdss/gamma/lyman/gaia/ensdf/endf/atmomaccs).\","
    }
  ],
  "official_api_status": {
    "noaa_kp_1m": {
      "ok": true,
      "status_code": 200,
      "url": "https://services.swpc.noaa.gov/json/planetary_k_index_1m.json"
    },
    "noaa_plasma_7d": {
      "ok": true,
      "status_code": 200,
      "url": "https://services.swpc.noaa.gov/products/solar-wind/plasma-7-day.json"
    },
    "noaa_mag_7d": {
      "ok": true,
      "status_code": 200,
      "url": "https://services.swpc.noaa.gov/products/solar-wind/mag-7-day.json"
    },
    "celestrak_active_tle": {
      "ok": false,
      "status_code": null,
      "url": "https://celestrak.org/NORAD/elements/gp.php?GROUP=active&FORMAT=tle"
    },
    "nasa_donki_cme_demo": {
      "ok": false,
      "status_code": 429,
      "url": "https://api.nasa.gov/DONKI/CME?startDate=2026-01-03&endDate=2026-01-09&api_key=DEMO_KEY"
    },
    "nasa_neows_demo": {
      "ok": false,
      "status_code": 429,
      "url": "https://api.nasa.gov/neo/rest/v1/feed?start_date=2026-01-05&end_date=2026-01-06&api_key=DEMO_KEY"
    }
  },
  "official_dataset_files_present": {
    "celestrak_active_tle": true,
    "mpc_neocp_txt": true,
    "mpc_cometels_txt": true,
    "sdss_hf_partition_csv": true
  },
  "api_inventory_policy": {
    "simulated_data_allowed_only_if_source_unavailable": true,
    "this_round_used_simulated_data": false
  },
  "api_inventory_real_pipeline_usage": {
    "fetch_mode": {
      "kp_1m": "live",
      "plasma_7d": "live",
      "mag_7d": "live"
    },
    "weather_rows": 5468,
    "weather_nonnull_rows": 5092
  },
  "conclusions": {
    "desi_detected_in_pending_tasks": false,
    "desi_detected_in_reports_runtime": true,
    "desi_local_operational_evidence": false,
    "sdss_operational_mentions_in_pending_tasks": 73,
    "gama_mentions_in_pending_tasks": 0,
    "lya_mentions_in_pending_tasks": 10,
    "note": "No direct DESI operational artifact found in current local pending/report scan. SDSS/GAMMA/LYMAN and official API evidence are present."
  }
}
