{
  "timestamp_utc": "2026-02-18T17:08:53.688507+00:00",
  "input_jsonl": "/home/fahbrain/projects/omnimind/data/reports/maps/dodecatiad_metrics_timeseries.jsonl",
  "collection": "dodecatiad_metrics_dynamic_logs_live",
  "qdrant_url": "http://127.0.0.1:6333",
  "vector_size": 13,
  "downsample_step": 1,
  "limit": 0,
  "rows_scanned": 10536,
  "points_upserted": 10536,
  "stats": {
    "phi": {
      "n": 10536,
      "mean": 1.9932422171602129,
      "std": 0.35499725231563717,
      "min": 0.0,
      "max": 2.3
    },
    "psi": {
      "n": 10536,
      "mean": 0.5,
      "std": 0.0,
      "min": 0.5,
      "max": 0.5
    },
    "sigma": {
      "n": 10536,
      "mean": 0.9626860288534549,
      "std": 0.09624922239499277,
      "min": 0.5,
      "max": 1.0
    },
    "epsilon": {
      "n": 10536,
      "mean": 0.5281482536066818,
      "std": 0.07888638136190605,
      "min": 0.49,
      "max": 0.99
    },
    "aleph": {
      "n": 10536,
      "mean": 0.8392198177676538,
      "std": 0.12325070092797794,
      "min": 0.0,
      "max": 0.89
    },
    "lambda_": {
      "n": 10536,
      "mean": 0.7951869779802582,
      "std": 0.13400892987129093,
      "min": 0.19,
      "max": 0.97
    },
    "gamma": {
      "n": 10536,
      "mean": 0.5999999999999999,
      "std": 1.1102230246251565e-16,
      "min": 0.6,
      "max": 0.6
    },
    "omega": {
      "n": 10536,
      "mean": 0.5,
      "std": 0.0,
      "min": 0.5,
      "max": 0.5
    },
    "zeta": {
      "n": 10536,
      "mean": 0.09999999999999999,
      "std": 1.3877787807814457e-17,
      "min": 0.1,
      "max": 0.1
    },
    "axiom": {
      "n": 10536,
      "mean": 99.96629650721336,
      "std": 1.5292448387775632,
      "min": 22.3,
      "max": 100.0
    },
    "mu": {
      "n": 10536,
      "mean": 0.0288544039483675,
      "std": 0.010624361411229894,
      "min": 0.0,
      "max": 0.11
    },
    "c_plit": {
      "n": 10536,
      "mean": 0.09999999999999999,
      "std": 1.3877787807814457e-17,
      "min": 0.1,
      "max": 0.1
    }
  },
  "method_note": "Baseline/survival anchors remain in `dodecatiad_metrics`; this collection stores dynamic log variance for cycle analysis."
}
