{
  "timestamp_utc": "2026-02-18T17:01:13.365511+00:00",
  "sample_root": "/home/fahbrain/projects/omnimind/data/external/desi_edr_lya_fuji_v03_sample_20260218",
  "collection": "astro_desi_lya_sample_live",
  "qdrant_url": "http://127.0.0.1:6333",
  "vector_size": 13,
  "delta_count_requested": 0,
  "delta_download_attempted": 0,
  "delta_downloaded": 0,
  "delta_download_errors": [],
  "incremental_downloads": [],
  "files_count": 11,
  "total_size_bytes": 1799354,
  "categories": {
    "root": 1,
    "configs": 4,
    "delta": 3,
    "log": 3
  },
  "files": [
    {
      "id": 807083523815408321,
      "relative_path": "README.md",
      "category": "root",
      "size_bytes": 104,
      "sha256": "508547b9fb2e15a4393834e5f782106e03ecc209554d8d4f7771311f5a4921f7",
      "source_url": "https://data.desi.lbl.gov/public/edr/vac/edr/lya/fuji/v0.3/README.md"
    },
    {
      "id": 590318706078180692,
      "relative_path": "configs/continuum_fitting_mask.txt",
      "category": "configs",
      "size_bytes": 302,
      "sha256": "70a574ec65adcbda1d907ff4fa02d1981a545208578a2abd5bf8b1f881c15584",
      "source_url": "https://data.desi.lbl.gov/public/edr/vac/edr/lya/fuji/v0.3/configs/continuum_fitting_mask.txt"
    },
    {
      "id": 1138160564047173774,
      "relative_path": "configs/delta_extraction_ciii_calib_step_1.ini",
      "category": "configs",
      "size_bytes": 842,
      "sha256": "94251f47c7d9e22797c0e293a865cf90f6b2816c84511f5dceac58779c886f00",
      "source_url": "https://data.desi.lbl.gov/public/edr/vac/edr/lya/fuji/v0.3/configs/delta_extraction_ciii_calib_step_1.ini"
    },
    {
      "id": 1100605627099008740,
      "relative_path": "configs/delta_extraction_lya.ini",
      "category": "configs",
      "size_bytes": 1411,
      "sha256": "70a8adb7701495ace12608b9991821b7f61c7eaaea4c8b03ccd110f47168ce18",
      "source_url": "https://data.desi.lbl.gov/public/edr/vac/edr/lya/fuji/v0.3/configs/delta_extraction_lya.ini"
    },
    {
      "id": 950780489526205547,
      "relative_path": "configs/edr_lya_fuji_v0.3_configs.sha256sum",
      "category": "configs",
      "size_bytes": 289,
      "sha256": "ea4e36982c0b84b79f1fbf5b83b74e0693db0c26e5db56f638db28a179656339",
      "source_url": "https://data.desi.lbl.gov/public/edr/vac/edr/lya/fuji/v0.3/configs/edr_lya_fuji_v0.3_configs.sha256sum"
    },
    {
      "id": 909532455926541316,
      "relative_path": "delta/delta-32.fits.gz",
      "category": "delta",
      "size_bytes": 29236,
      "sha256": "6ccebff8bafc198be93afd801c074978eabd6facc42917c1236fb8e09a229817",
      "source_url": "https://data.desi.lbl.gov/public/edr/vac/edr/lya/fuji/v0.3/Delta/delta-32.fits.gz"
    },
    {
      "id": 111224448672798627,
      "relative_path": "delta/delta-63.fits.gz",
      "category": "delta",
      "size_bytes": 71234,
      "sha256": "2982fba464f1119e224526512af3800f0d31fcf126df7f8291f89753aab20025",
      "source_url": "https://data.desi.lbl.gov/public/edr/vac/edr/lya/fuji/v0.3/Delta/delta-63.fits.gz"
    },
    {
      "id": 471381954686375213,
      "relative_path": "delta/edr_lya_fuji_v0.3_Delta.sha256sum",
      "category": "delta",
      "size_bytes": 3735,
      "sha256": "e930d973406b40197cf3e3987a447053d2a3f27bb7eebdeadb40d1063964c59e",
      "source_url": "https://data.desi.lbl.gov/public/edr/vac/edr/lya/fuji/v0.3/Delta/edr_lya_fuji_v0.3_Delta.sha256sum"
    },
    {
      "id": 1119535370253828401,
      "relative_path": "log/delta_attributes.fits.gz",
      "category": "log",
      "size_bytes": 690764,
      "sha256": "ba5246c9afcb0b4fb36aec3898959013e48a151870593657365e41fb5fd6b879",
      "source_url": "https://data.desi.lbl.gov/public/edr/vac/edr/lya/fuji/v0.3/Log/delta_attributes.fits.gz"
    },
    {
      "id": 733222688365492770,
      "relative_path": "log/edr_lya_fuji_v0.3_Log.sha256sum",
      "category": "log",
      "size_bytes": 587,
      "sha256": "bf63c336472eaccbd24003be52df53c45a8aaf067b274566f3500186b2ffa34b",
      "source_url": "https://data.desi.lbl.gov/public/edr/vac/edr/lya/fuji/v0.3/Log/edr_lya_fuji_v0.3_Log.sha256sum"
    },
    {
      "id": 106938565294749125,
      "relative_path": "log/rejection_log.fits.gz",
      "category": "log",
      "size_bytes": 1000850,
      "sha256": "8e312d52906795422952001215b979c4cbab4a7378ae156c1d9cbbd5d07c71a6",
      "source_url": "https://data.desi.lbl.gov/public/edr/vac/edr/lya/fuji/v0.3/Log/rejection_log.fits.gz"
    }
  ]
}
