{
  "timestamp_utc": "2026-02-18T20:45:39.345931+00:00",
  "qdrant_url": "http://127.0.0.1:6333",
  "vector_size": 13,
  "zip_specs_total": 13,
  "materialized_total": 13,
  "missing_zips": [],
  "materialized": [
    {
      "zip_name": "Microbiome_SHIP_TREND_glaucoma_dataset.xlsx_8318223.zip",
      "collection": "bio_microbiome_ship_trend_glaucoma_live",
      "dataset_tag": "glaucoma_microbiome",
      "entries_count": 1,
      "entries_head": [
        {
          "name": "Microbiome_SHIP_TREND_glaucoma_dataset.xlsx",
          "size_bytes": 748991
        }
      ],
      "record_type_counts": {
        "file_meta": 1,
        "table_row": 79
      },
      "table_rows_ingested": 79,
      "qdrant_points_count_after": 80
    },
    {
      "zip_name": "physical activity levels and BMI among patients with colorectal cancer_6048328.zip",
      "collection": "bio_colorectal_activity_bmi_live",
      "dataset_tag": "colorectal_activity_bmi",
      "entries_count": 1,
      "entries_head": [
        {
          "name": "table_bySamp.tsv",
          "size_bytes": 6118020
        }
      ],
      "record_type_counts": {
        "file_meta": 1,
        "table_row": 4544
      },
      "table_rows_ingested": 4544,
      "qdrant_points_count_after": 4545
    },
    {
      "zip_name": "16S rRNA sequences of gut microbiome and meta data_5515580.zip",
      "collection": "bio_16s_gut_microbiome_meta_live",
      "dataset_tag": "gut_microbiome_16s",
      "entries_count": 152,
      "entries_head": [
        {
          "name": "WL22bc01wH09_S93_L001_R2_001.fastq.gz",
          "size_bytes": 3934575
        },
        {
          "name": "MIMARKS.survey.human-gut.5.0_wl22.xlsx",
          "size_bytes": 33796
        },
        {
          "name": "WL22bc01wG04_S76_L001_R2_001.fastq.gz",
          "size_bytes": 3853082
        },
        {
          "name": "WL22bc01wG04_S76_L001_R1_001.fastq.gz",
          "size_bytes": 14665886
        },
        {
          "name": "WL22bc01wG03_S75_L001_R2_001.fastq.gz",
          "size_bytes": 2558913
        },
        {
          "name": "WL22bc01wG02_S74_L001_R2_001.fastq.gz",
          "size_bytes": 3883593
        },
        {
          "name": "SRA_metadata_WL22.xlsx",
          "size_bytes": 59452
        },
        {
          "name": "WL22bc01wG01_S73_L001_R2_001.fastq.gz",
          "size_bytes": 4062090
        },
        {
          "name": "WL22bc01wG01_S73_L001_R1_001.fastq.gz",
          "size_bytes": 16414184
        },
        {
          "name": "WL22bc01wF12_S72_L001_R2_001.fastq.gz",
          "size_bytes": 5506285
        },
        {
          "name": "WL22bc01wF12_S72_L001_R1_001.fastq.gz",
          "size_bytes": 20411070
        },
        {
          "name": "WL22bc01wF11_S71_L001_R2_001.fastq.gz",
          "size_bytes": 5039812
        },
        {
          "name": "WL22bc01wF11_S71_L001_R1_001.fastq.gz",
          "size_bytes": 19629431
        },
        {
          "name": "WL22bc01wA01_S1_L001_R1_001.fastq_(1).gz",
          "size_bytes": 11765565
        },
        {
          "name": "WL22bc01wF10_S70_L001_R2_001.fastq.gz",
          "size_bytes": 3814904
        },
        {
          "name": "WL22bc01wF10_S70_L001_R1_001.fastq.gz",
          "size_bytes": 14521694
        },
        {
          "name": "WL22bc01wA01_S1_L001_R2_001.fastq.gz",
          "size_bytes": 3241907
        },
        {
          "name": "WL22bc01wF09_S69_L001_R2_001.fastq.gz",
          "size_bytes": 8122790
        },
        {
          "name": "WL22bc01wG10_S82_L001_R2_001.fastq.gz",
          "size_bytes": 4256989
        },
        {
          "name": "WL22bc01wG03_S75_L001_R1_001.fastq.gz",
          "size_bytes": 8871525
        },
        {
          "name": "WL22bc01wA02_S2_L001_R1_001.fastq.gz",
          "size_bytes": 23355535
        },
        {
          "name": "WL22bc01wA02_S2_L001_R2_001.fastq.gz",
          "size_bytes": 5768299
        },
        {
          "name": "WL22bc01wA03_S3_L001_R1_001.fastq.gz",
          "size_bytes": 16492283
        },
        {
          "name": "WL22bc01wA03_S3_L001_R2_001.fastq.gz",
          "size_bytes": 4219327
        },
        {
          "name": "WL22bc01wA04_S4_L001_R1_001.fastq.gz",
          "size_bytes": 16027646
        }
      ],
      "record_type_counts": {
        "file_meta": 152,
        "table_row": 306
      },
      "table_rows_ingested": 306,
      "qdrant_points_count_after": 458
    },
    {
      "zip_name": "bserving emergent hydrodynamics in a long-range quantum magne_6256977.zip",
      "collection": "phys_emergent_hydrodynamics_longrange_magnet_live",
      "dataset_tag": "quantum_hydrodynamics",
      "entries_count": 3808,
      "entries_head": [
        {
          "name": "DataCombinedMain.zip",
          "size_bytes": 97025777
        },
        {
          "name": "DataCombinedMain.zip:.ipynb_checkpoints/DataAnalysis_and_FigurePlotting_MainText_S8_S9-checkpoint.ipynb",
          "size_bytes": 463081
        },
        {
          "name": "DataCombinedMain.zip:CalculateAutoCorrelationFromRawData.m",
          "size_bytes": 3412
        },
        {
          "name": "DataCombinedMain.zip:DataAnalysis_and_FigurePlotting_MainText_S8_S9.ipynb",
          "size_bytes": 462215
        },
        {
          "name": "DataCombinedMain.zip:datasumalpha0p9/Cj-alpha0p9.dat",
          "size_bytes": 10842
        },
        {
          "name": "DataCombinedMain.zip:datasumalpha0p9/Cj-error-alpha0p9.dat",
          "size_bytes": 10842
        },
        {
          "name": "DataCombinedMain.zip:datasumalpha0p9/RDalpha0p9-Conj_QP0.xlsx",
          "size_bytes": 21227
        },
        {
          "name": "DataCombinedMain.zip:datasumalpha0p9/RDalpha0p9-Conj_QP1.xlsx",
          "size_bytes": 26270
        },
        {
          "name": "DataCombinedMain.zip:datasumalpha0p9/RDalpha0p9-Conj_QP11p7.xlsx",
          "size_bytes": 26025
        },
        {
          "name": "DataCombinedMain.zip:datasumalpha0p9/RDalpha0p9-Conj_QP17p6.xlsx",
          "size_bytes": 25561
        },
        {
          "name": "DataCombinedMain.zip:datasumalpha0p9/RDalpha0p9-Conj_QP1p5.xlsx",
          "size_bytes": 27866
        },
        {
          "name": "DataCombinedMain.zip:datasumalpha0p9/RDalpha0p9-Conj_QP26p5.xlsx",
          "size_bytes": 28596
        },
        {
          "name": "DataCombinedMain.zip:datasumalpha0p9/RDalpha0p9-Conj_QP2p3.xlsx",
          "size_bytes": 27847
        },
        {
          "name": "DataCombinedMain.zip:datasumalpha0p9/RDalpha0p9-Conj_QP3p4.xlsx",
          "size_bytes": 30971
        },
        {
          "name": "DataCombinedMain.zip:datasumalpha0p9/RDalpha0p9-Conj_QP40.xlsx",
          "size_bytes": 31130
        },
        {
          "name": "DataCombinedMain.zip:datasumalpha0p9/RDalpha0p9-Conj_QP4p3.xlsx",
          "size_bytes": 26912
        },
        {
          "name": "DataCombinedMain.zip:datasumalpha0p9/RDalpha0p9-Conj_QP5p1.xlsx",
          "size_bytes": 26661
        },
        {
          "name": "DataCombinedMain.zip:datasumalpha0p9/RDalpha0p9-Conj_QP60.xlsx",
          "size_bytes": 30564
        },
        {
          "name": "DataCombinedMain.zip:datasumalpha0p9/RDalpha0p9-Conj_QP7p7.xlsx",
          "size_bytes": 26443
        },
        {
          "name": "DataCombinedMain.zip:datasumalpha0p9/RDalpha0p9-Sim_QP0.xlsx",
          "size_bytes": 20867
        },
        {
          "name": "DataCombinedMain.zip:datasumalpha0p9/RDalpha0p9-Sim_QP1.xlsx",
          "size_bytes": 26044
        },
        {
          "name": "DataCombinedMain.zip:datasumalpha0p9/RDalpha0p9-Sim_QP11p7.xlsx",
          "size_bytes": 25978
        },
        {
          "name": "DataCombinedMain.zip:datasumalpha0p9/RDalpha0p9-Sim_QP17p6.xlsx",
          "size_bytes": 25545
        },
        {
          "name": "DataCombinedMain.zip:datasumalpha0p9/RDalpha0p9-Sim_QP1p5.xlsx",
          "size_bytes": 27866
        },
        {
          "name": "DataCombinedMain.zip:datasumalpha0p9/RDalpha0p9-Sim_QP26p5.xlsx",
          "size_bytes": 28507
        },
        {
          "name": "DataCombinedMain.zip:datasumalpha0p9/RDalpha0p9-Sim_QP2p3.xlsx",
          "size_bytes": 27800
        },
        {
          "name": "DataCombinedMain.zip:datasumalpha0p9/RDalpha0p9-Sim_QP3p4.xlsx",
          "size_bytes": 30838
        },
        {
          "name": "DataCombinedMain.zip:datasumalpha0p9/RDalpha0p9-Sim_QP40.xlsx",
          "size_bytes": 30845
        },
        {
          "name": "DataCombinedMain.zip:datasumalpha0p9/RDalpha0p9-Sim_QP4p3.xlsx",
          "size_bytes": 27188
        },
        {
          "name": "DataCombinedMain.zip:datasumalpha0p9/RDalpha0p9-Sim_QP5p1.xlsx",
          "size_bytes": 26802
        }
      ],
      "record_type_counts": {
        "file_meta_outer": 1,
        "file_meta_nested": 3807,
        "nested_table_row_sample": 2944
      },
      "table_rows_ingested": 2944,
      "qdrant_points_count_after": 6752
    },
    {
      "zip_name": "LINF_330028100_18685049.zip",
      "collection": "phys_linf_330028100_live",
      "dataset_tag": "linf_dataset",
      "entries_count": 1,
      "entries_head": [
        {
          "name": "LINF_330028100.v2.txt",
          "size_bytes": 9903
        }
      ],
      "record_type_counts": {
        "file_meta": 1
      },
      "table_rows_ingested": 0,
      "qdrant_points_count_after": 1
    },
    {
      "zip_name": "InsectSound_18682538.zip",
      "collection": "bio_insectsound_18682538_live",
      "dataset_tag": "insect_sound",
      "entries_count": 2,
      "entries_head": [
        {
          "name": "InsectSound_TEST.ts",
          "size_bytes": 68382204
        },
        {
          "name": "InsectSound_TRAIN.ts",
          "size_bytes": 273670276
        }
      ],
      "record_type_counts": {
        "file_meta": 2
      },
      "table_rows_ingested": 0,
      "qdrant_points_count_after": 2
    },
    {
      "zip_name": "LakeIce_18682467.zip",
      "collection": "cryo_lakeice_18682467_live",
      "dataset_tag": "lake_ice",
      "entries_count": 2,
      "entries_head": [
        {
          "name": "LakeIce_TRAIN.ts",
          "size_bytes": 180139663
        },
        {
          "name": "LakeIce_TEST.ts",
          "size_bytes": 45034205
        }
      ],
      "record_type_counts": {
        "file_meta": 2
      },
      "table_rows_ingested": 0,
      "qdrant_points_count_after": 2
    },
    {
      "zip_name": "NICAM HighResMIP mesoscale convective systems over South America_18685241.zip",
      "collection": "climate_nicam_highresmip_mcs_sa_live",
      "dataset_tag": "nicam_highresmip_mcs_sa",
      "entries_count": 2,
      "entries_head": [
        {
          "name": "MCSs_NICAM_HighResMIP_SA_2000-2010.csv",
          "size_bytes": 327539205
        },
        {
          "name": "MCSs_NICAM_HighResMIP_SA_2040-2050.csv",
          "size_bytes": 323745403
        }
      ],
      "record_type_counts": {
        "file_meta": 2,
        "table_row": 10000
      },
      "table_rows_ingested": 10000,
      "qdrant_points_count_after": 10002
    },
    {
      "zip_name": "Accelerated Structure Formation from Horizon Thermodynamics:_18685334.zip",
      "collection": "phys_accelerated_structure_horizon_thermo_live",
      "dataset_tag": "accelerated_structure_horizon_thermo",
      "entries_count": 3,
      "entries_head": [
        {
          "name": "jwst_modified_inertia.py",
          "size_bytes": 20340
        },
        {
          "name": "fig_jwst_analysis.png",
          "size_bytes": 229560
        },
        {
          "name": "Brodie2026_JWSTMassiveGalaxies.pdf",
          "size_bytes": 510781
        }
      ],
      "record_type_counts": {
        "file_meta": 3
      },
      "table_rows_ingested": 0,
      "qdrant_points_count_after": 3
    },
    {
      "zip_name": "Uncertainty-Weighted Parametric Fitting from Summary Statistics: A Monte Carlo Framework for Individual-Level Data Reconstruction_18685213.zip",
      "collection": "stats_uncertainty_weighted_param_fit_live",
      "dataset_tag": "uncertainty_weighted_parametric_fitting",
      "entries_count": 1,
      "entries_head": [
        {
          "name": "UncertaintyWeighted_Reconstruction.zip",
          "size_bytes": 7746172
        }
      ],
      "record_type_counts": {
        "file_meta": 1
      },
      "table_rows_ingested": 0,
      "qdrant_points_count_after": 1
    },
    {
      "zip_name": "SCEWERO - deliverabl_summer_18019979.zip",
      "collection": "infra_scewero_deliverable_summer_live",
      "dataset_tag": "scewero_deliverable_summer",
      "entries_count": 12,
      "entries_head": [
        {
          "name": "Session3_Floods.pdf",
          "size_bytes": 8760777
        },
        {
          "name": "Session1_Heatwaves.pdf",
          "size_bytes": 8536527
        },
        {
          "name": "Session4_CompoundEvents_RO.pdf",
          "size_bytes": 3606604
        },
        {
          "name": "Session2_Drought_RO.pdf",
          "size_bytes": 6709430
        },
        {
          "name": "Session1_Heatwaves_RO.pdf",
          "size_bytes": 8628752
        },
        {
          "name": "Session2_Drought_HU.pdf",
          "size_bytes": 6693061
        },
        {
          "name": "Session3_Floods_RO.pdf",
          "size_bytes": 8634874
        },
        {
          "name": "Session1_Heatwaves_HU.pdf",
          "size_bytes": 8359481
        },
        {
          "name": "Session2_Drought.pdf",
          "size_bytes": 6561141
        },
        {
          "name": "Session4_CompoundEvents.pdf",
          "size_bytes": 3539700
        },
        {
          "name": "Session3_Floods_HU.pdf",
          "size_bytes": 8612216
        },
        {
          "name": "Session4_CompoundEvents_HU.pdf",
          "size_bytes": 3630652
        }
      ],
      "record_type_counts": {
        "file_meta": 12
      },
      "table_rows_ingested": 0,
      "qdrant_points_count_after": 12
    },
    {
      "zip_name": "Reproductive and behavior dysfunction  exposure and obesity is likely not gut microbiome-mediated5015925.zip",
      "collection": "bio_reproductive_obesity_microbiome_live",
      "dataset_tag": "reproductive_obesity_microbiome",
      "entries_count": 3,
      "entries_head": [
        {
          "name": "Supplemental Table 2_will be uploaded in Dryad Digital R.docx",
          "size_bytes": 15038
        },
        {
          "name": "Supplemental Table 1_will be uploaded in Dryad Digital R.docx",
          "size_bytes": 15865
        },
        {
          "name": "Supplemental Table 3_will be uploaded in Dryad Digital R.docx",
          "size_bytes": 14250
        }
      ],
      "record_type_counts": {
        "file_meta": 3
      },
      "table_rows_ingested": 0,
      "qdrant_points_count_after": 3
    },
    {
      "zip_name": "Mosites_Microbiome_Sharing_Kenya_20170119_4965748.zip",
      "collection": "bio_mosites_microbiome_kenya_live",
      "dataset_tag": "mosites_microbiome_kenya",
      "entries_count": 2,
      "entries_head": [
        {
          "name": "Mosites_Microbiome_Sharing_Kenya_20170119.xlsx",
          "size_bytes": 75025
        },
        {
          "name": "README_for_Mosites_Microbiome_Sharing_Kenya_20170119.docx",
          "size_bytes": 12645
        }
      ],
      "record_type_counts": {
        "file_meta": 2,
        "table_row": 600
      },
      "table_rows_ingested": 600,
      "qdrant_points_count_after": 602
    }
  ],
  "linkage_reassessment": {
    "gap_dm2_microbiome_wrapper": {
      "status": "EM_REVISAO_LOCAL",
      "evidence_collections": [
        "bio_16s_gut_microbiome_meta_live",
        "bio_microbiome_ship_trend_glaucoma_live"
      ],
      "note": "New real local microbiome collections ingested; dedicated DM2-gut validator must be rerun with these sources integrated."
    },
    "future_frequency_studies": {
      "status": "ANOTADO",
      "note": "Audio/environmental datasets were kept as real local candidates in previous audit for future spectral/frequency analyses.",
      "reference": "reports_runtime/new_zip_candidates_ingest_audit_20260218T194737Z.json"
    },
    "thermo_horizon_reference": {
      "status": "ANOTADO",
      "collection": "phys_emergent_hydrodynamics_longrange_magnet_live",
      "note": "Physics-side package and hydrodynamics nested data ingested as real local evidence for methodological cross-reference."
    }
  },
  "method_note": "Real local ZIP ingestion with one dedicated collection per package; no synthetic/mocked data."
}
