{
  "timestamp_utc": "2026-02-18T17:01:44.980731+00:00",
  "inputs": {
    "d15_remap": "reports_runtime/d15_proxy_remap_covariates_20260218T131756Z.json",
    "d15_extended": "reports_runtime/d15_extended_correlation_validation_20260218T164243Z.json",
    "cosmic_correlation": "/home/fahbrain/projects/omnimind/reports_runtime/cosmic_covariates_correlation_20260211T180901Z.json",
    "sdss_partition_file": "data/external/hf_collections/dataset/UniverseTBD__mmu_sdss_sdss/mmu_sdss_sdss/partition_info.csv"
  },
  "robustness_config": {
    "max_lag_min": 240,
    "lag_step_min": 1,
    "bootstrap_iters": 6000,
    "permutation_iters": 2000,
    "bootstrap_block_size": 90,
    "top_k": 20,
    "seed": 20260218
  },
  "counts": {
    "rows_metrics": 5400,
    "rows_covariates": 5400,
    "rows_merged": 5400,
    "covariates": 27,
    "pairs_scanned": 63,
    "pairs_validated": 20
  },
  "sustainment_board": {
    "overall_strength": "ROBUST_LOCAL",
    "dominant_lag_min": 240,
    "strong_pairs_count_abs_r_ge_0p6": 20,
    "very_strong_pairs_count_abs_r_ge_0p75": 9,
    "mean_abs_r_top_validated": 0.7417608798086089
  },
  "claim_checks": [
    {
      "claim_id": "moon_illum_frac_to_rekh",
      "pearson_r": -0.8291085363718292,
      "abs_r": 0.8291085363718292,
      "best_lag_min": 240,
      "n": 5160,
      "sigma_equivalent_fisher_z": 85.11746287636534,
      "permutation_p_abs": 0.0004997501249375312,
      "status": "SUSTAINED_STRONG"
    },
    {
      "claim_id": "sun_moon_sep_to_rekh",
      "pearson_r": -0.8110265853529447,
      "abs_r": 0.8110265853529447,
      "best_lag_min": 240,
      "n": 5160,
      "sigma_equivalent_fisher_z": 81.14938503115604,
      "permutation_p_abs": 0.0004997501249375312,
      "status": "SUSTAINED_STRONG"
    },
    {
      "claim_id": "moon_sep_spica_to_isfet",
      "pearson_r": -0.6371774948889428,
      "abs_r": 0.6371774948889428,
      "best_lag_min": -123,
      "n": 5277,
      "sigma_equivalent_fisher_z": 54.71420258114932,
      "permutation_p_abs": 0.0004997501249375312,
      "status": "SUSTAINED_STRONG"
    }
  ],
  "remap_top_correlations": {
    "d15_rekh_proxy_top3": [
      {
        "covariate": "moon_illum_frac",
        "lag_min": 120,
        "pearson_r": -0.8211983731423897,
        "pearson_p": 0.0,
        "abs_r": 0.8211983731423897
      },
      {
        "covariate": "moon_sep_mercury_deg",
        "lag_min": 120,
        "pearson_r": -0.8032815660765664,
        "pearson_p": 0.0,
        "abs_r": 0.8032815660765664
      },
      {
        "covariate": "sun_moon_sep_deg",
        "lag_min": 120,
        "pearson_r": -0.8030677320846241,
        "pearson_p": 0.0,
        "abs_r": 0.8030677320846241
      }
    ],
    "d15_isfet_proxy_top3": [
      {
        "covariate": "moon_sep_spica_deg",
        "lag_min": -120,
        "pearson_r": -0.6371606113108215,
        "pearson_p": 0.0,
        "abs_r": 0.6371606113108215
      },
      {
        "covariate": "moon_illum_frac",
        "lag_min": 55,
        "pearson_r": 0.6218879477639189,
        "pearson_p": 0.0,
        "abs_r": 0.6218879477639189
      },
      {
        "covariate": "moon_sep_mercury_deg",
        "lag_min": 55,
        "pearson_r": 0.6026190466445824,
        "pearson_p": 0.0,
        "abs_r": 0.6026190466445824
      }
    ],
    "d15_seshet_proxy_top3": [
      {
        "covariate": "moon_illum_frac",
        "lag_min": 120,
        "pearson_r": -0.6960553806776948,
        "pearson_p": 0.0,
        "abs_r": 0.6960553806776948
      },
      {
        "covariate": "moon_sep_mercury_deg",
        "lag_min": 120,
        "pearson_r": -0.6880731325053286,
        "pearson_p": 0.0,
        "abs_r": 0.6880731325053286
      },
      {
        "covariate": "moon_sep_venus_deg",
        "lag_min": 120,
        "pearson_r": -0.6877165287933493,
        "pearson_p": 0.0,
        "abs_r": 0.6877165287933493
      }
    ]
  },
  "lag_distribution_top_pairs": {
    "240": 18,
    "-240": 1,
    "-123": 1
  },
  "top_validated_pairs_head": [
    {
      "proxy": "d15_rekh_proxy",
      "covariate": "moon_illum_frac",
      "best_lag_min": 240,
      "n": 5160,
      "pearson_r": -0.8291085363718292,
      "abs_r": 0.8291085363718292,
      "bootstrap": {
        "bootstrap_n": 6000,
        "ci_low": -0.8769527892670008,
        "ci_high": -0.7643742563052949,
        "mean": -0.8284447418745154,
        "std": 0.02883591014484405
      },
      "permutation": {
        "permutation_n": 2000,
        "p_abs": 0.0004997501249375312
      }
    },
    {
      "proxy": "d15_rekh_proxy",
      "covariate": "moon_sep_mercury_deg",
      "best_lag_min": 240,
      "n": 5160,
      "pearson_r": -0.8113072797876737,
      "abs_r": 0.8113072797876737,
      "bootstrap": {
        "bootstrap_n": 6000,
        "ci_low": -0.8625750199048964,
        "ci_high": -0.7423741451037877,
        "mean": -0.8107798688796957,
        "std": 0.03089671425454347
      },
      "permutation": {
        "permutation_n": 2000,
        "p_abs": 0.0004997501249375312
      }
    },
    {
      "proxy": "d15_rekh_proxy",
      "covariate": "sun_moon_sep_deg",
      "best_lag_min": 240,
      "n": 5160,
      "pearson_r": -0.8110265853529447,
      "abs_r": 0.8110265853529447,
      "bootstrap": {
        "bootstrap_n": 6000,
        "ci_low": -0.8648755845370942,
        "ci_high": -0.7423855674195083,
        "mean": -0.8104708008329459,
        "std": 0.03131573933454528
      },
      "permutation": {
        "permutation_n": 2000,
        "p_abs": 0.0004997501249375312
      }
    },
    {
      "proxy": "d15_rekh_proxy",
      "covariate": "moon_sep_venus_deg",
      "best_lag_min": 240,
      "n": 5160,
      "pearson_r": -0.810949012278719,
      "abs_r": 0.810949012278719,
      "bootstrap": {
        "bootstrap_n": 6000,
        "ci_low": -0.8642396935855465,
        "ci_high": -0.7424656199400307,
        "mean": -0.8102719342185322,
        "std": 0.03110761471312154
      },
      "permutation": {
        "permutation_n": 2000,
        "p_abs": 0.0004997501249375312
      }
    },
    {
      "proxy": "d15_rekh_proxy",
      "covariate": "moon_sep_mars_deg",
      "best_lag_min": 240,
      "n": 5160,
      "pearson_r": -0.8109223080102639,
      "abs_r": 0.8109223080102639,
      "bootstrap": {
        "bootstrap_n": 6000,
        "ci_low": -0.8616981034279488,
        "ci_high": -0.7426124563017321,
        "mean": -0.8106187246296522,
        "std": 0.030797805748739297
      },
      "permutation": {
        "permutation_n": 2000,
        "p_abs": 0.0004997501249375312
      }
    },
    {
      "proxy": "d15_rekh_proxy",
      "covariate": "moon_sep_beehive_m44_deg",
      "best_lag_min": 240,
      "n": 5160,
      "pearson_r": 0.8107738503699357,
      "abs_r": 0.8107738503699357,
      "bootstrap": {
        "bootstrap_n": 6000,
        "ci_low": 0.7434365958516582,
        "ci_high": 0.8642431267040602,
        "mean": 0.8111778802590237,
        "std": 0.030986917087059217
      },
      "permutation": {
        "permutation_n": 2000,
        "p_abs": 0.0004997501249375312
      }
    },
    {
      "proxy": "d15_rekh_proxy",
      "covariate": "moon_sep_regulus_deg",
      "best_lag_min": 240,
      "n": 5160,
      "pearson_r": 0.8107420559286116,
      "abs_r": 0.8107420559286116,
      "bootstrap": {
        "bootstrap_n": 6000,
        "ci_low": 0.743512293279247,
        "ci_high": 0.8625304247459622,
        "mean": 0.8105618265055861,
        "std": 0.030887635065191436
      },
      "permutation": {
        "permutation_n": 2000,
        "p_abs": 0.0004997501249375312
      }
    },
    {
      "proxy": "d15_rekh_proxy",
      "covariate": "moon_sep_antares_deg",
      "best_lag_min": 240,
      "n": 5160,
      "pearson_r": -0.8107372260757664,
      "abs_r": 0.8107372260757664,
      "bootstrap": {
        "bootstrap_n": 6000,
        "ci_low": -0.8635956322502252,
        "ci_high": -0.7427044928763016,
        "mean": -0.811164193917262,
        "std": 0.030628914871445527
      },
      "permutation": {
        "permutation_n": 2000,
        "p_abs": 0.0004997501249375312
      }
    },
    {
      "proxy": "d15_rekh_proxy",
      "covariate": "moon_sep_spica_deg",
      "best_lag_min": -240,
      "n": 5160,
      "pearson_r": 0.7517456462435892,
      "abs_r": 0.7517456462435892,
      "bootstrap": {
        "bootstrap_n": 6000,
        "ci_low": 0.6341666469433135,
        "ci_high": 0.8298897605202137,
        "mean": 0.7474224116749143,
        "std": 0.050098615746232054
      },
      "permutation": {
        "permutation_n": 2000,
        "p_abs": 0.0004997501249375312
      }
    },
    {
      "proxy": "d15_rekh_proxy",
      "covariate": "moon_phase_deg",
      "best_lag_min": 240,
      "n": 5160,
      "pearson_r": -0.7482661873901707,
      "abs_r": 0.7482661873901707,
      "bootstrap": {
        "bootstrap_n": 6000,
        "ci_low": -0.8131504333080145,
        "ci_high": -0.6763889145287804,
        "mean": -0.7508362131659118,
        "std": 0.035316642855182746
      },
      "permutation": {
        "permutation_n": 2000,
        "p_abs": 0.0004997501249375312
      }
    }
  ],
  "sdss_local_presence": {
    "partition_file_exists": true,
    "partition_rows": 789,
    "columns": [
      "Norder",
      "Npix"
    ]
  },
  "lya_named_assets_local_count": 56,
  "lya_named_assets_local_sample": [
    "/home/fahbrain/projects/omnimind/.mypy_cache/3.12/huggingface_hub/inference/_providers/black_forest_labs.data.json",
    "/home/fahbrain/projects/omnimind/.mypy_cache/3.12/huggingface_hub/inference/_providers/black_forest_labs.meta.json",
    "/home/fahbrain/projects/omnimind/.venv/lib/python3.12/site-packages/huggingface_hub/inference/_providers/__pycache__/black_forest_labs.cpython-312.pyc",
    "/home/fahbrain/projects/omnimind/.venv/lib/python3.12/site-packages/huggingface_hub/inference/_providers/black_forest_labs.py",
    "/home/fahbrain/projects/omnimind/.venv/lib/python3.12/site-packages/lark/parsers/__pycache__/earley_forest.cpython-312.pyc",
    "/home/fahbrain/projects/omnimind/.venv/lib/python3.12/site-packages/lark/parsers/earley_forest.py",
    "/home/fahbrain/projects/omnimind/.venv/lib/python3.12/site-packages/material/templates/.icons/material/forest-outline.svg",
    "/home/fahbrain/projects/omnimind/.venv/lib/python3.12/site-packages/material/templates/.icons/material/forest.svg",
    "/home/fahbrain/projects/omnimind/.venv/lib/python3.12/site-packages/pytz/zoneinfo/Europe/Ulyanovsk",
    "/home/fahbrain/projects/omnimind/.venv/lib/python3.12/site-packages/sklearn/ensemble/__pycache__/_forest.cpython-312.pyc"
  ],
  "cosmic_targets_count": 31,
  "continuity_dois": [
    "10.5281/zenodo.18396039",
    "10.5281/zenodo.18396066",
    "10.5281/zenodo.18396070",
    "10.5281/zenodo.18437517"
  ],
  "publication_assets_outside_zip": {
    "cycle_heatmap_png": "reports_runtime/astro_bio_cycle_heatmap_20260218T170121Z.png",
    "fractal_partial_png": "reports_runtime/astro_bio_fractal_partial_20260218T170121Z.png"
  },
  "pending_external_validation": [
    "DESI EDR full Ly-alpha reproduction requires external datasets/pipeline runs.",
    "Direct SDSS DR17 Ly-alpha BAO equivalence claims require dedicated astrophysical likelihood model outside current local proxy runs."
  ],
  "method_note": "Local operational analysis only (correlation robustness + reproducibility); no causal or clinical claim."
}
