{
  "timestamp_utc": "2026-02-18T13:35:46.687362+00:00",
  "safety_note": "Computational abstraction only; no biological protocol.",
  "params": {
    "months": 18,
    "runs": 72,
    "seed": 20260218
  },
  "stages": [
    "M1-3: wrapper/cohab bootstrap",
    "M4-6: tolerance training",
    "M7-12: rebound test window"
  ],
  "results": [
    {
      "scenario": "baseline_aggressive",
      "runs": 72,
      "months": 18,
      "mean_final": {
        "host_m12": 0.9843909496088361,
        "benign_m12": 0.9945155098460199,
        "active_m12": 0.05023530421436145,
        "latent_m12": 0.5747736160463224,
        "inflammation_m12": 0.5304506887981156,
        "tolerance_m12": 0.03146617145174096,
        "wrapper_eff_m12": 0.0,
        "inert_fraction_m12": 0.12218801743721144,
        "functional_zero_months": 0.0,
        "rebound_events_phase3": 0.0,
        "functional_cure_score": 0.7965370804004356
      },
      "monthly_mean": [
        {
          "month": 1,
          "active_mean": 0.5700360080394523,
          "host_mean": 0.9988471111604855,
          "inflammation_mean": 0.21152851866699088,
          "wrapper_eff_mean": 0.0
        },
        {
          "month": 2,
          "active_mean": 0.3676456144231917,
          "host_mean": 0.9979038103325446,
          "inflammation_mean": 0.23230257697516093,
          "wrapper_eff_mean": 0.0
        },
        {
          "month": 3,
          "active_mean": 0.24247518025761836,
          "host_mean": 0.9970814931624591,
          "inflammation_mean": 0.25054297539242654,
          "wrapper_eff_mean": 0.0
        },
        {
          "month": 4,
          "active_mean": 0.1660857776762861,
          "host_mean": 0.9963210224015338,
          "inflammation_mean": 0.26914489725912566,
          "wrapper_eff_mean": 0.0
        },
        {
          "month": 5,
          "active_mean": 0.11965443557734796,
          "host_mean": 0.9955890836662039,
          "inflammation_mean": 0.28630859027629396,
          "wrapper_eff_mean": 0.0
        },
        {
          "month": 6,
          "active_mean": 0.09144718328996455,
          "host_mean": 0.9948638868521603,
          "inflammation_mean": 0.303350031567226,
          "wrapper_eff_mean": 0.0
        },
        {
          "month": 7,
          "active_mean": 0.07424496863610112,
          "host_mean": 0.9941321115906763,
          "inflammation_mean": 0.3205070016427675,
          "wrapper_eff_mean": 0.0
        },
        {
          "month": 8,
          "active_mean": 0.06399038620222493,
          "host_mean": 0.9933838910117074,
          "inflammation_mean": 0.3382471940761713,
          "wrapper_eff_mean": 0.0
        },
        {
          "month": 9,
          "active_mean": 0.057282382457779744,
          "host_mean": 0.9926154366381826,
          "inflammation_mean": 0.35568013890229433,
          "wrapper_eff_mean": 0.0
        },
        {
          "month": 10,
          "active_mean": 0.05296252590511718,
          "host_mean": 0.9918229185175089,
          "inflammation_mean": 0.3737780231909215,
          "wrapper_eff_mean": 0.0
        },
        {
          "month": 11,
          "active_mean": 0.050635721203602414,
          "host_mean": 0.9910030588762744,
          "inflammation_mean": 0.3923848746183003,
          "wrapper_eff_mean": 0.0
        },
        {
          "month": 12,
          "active_mean": 0.049901941820517465,
          "host_mean": 0.9901544104647092,
          "inflammation_mean": 0.41068912673125163,
          "wrapper_eff_mean": 0.0
        },
        {
          "month": 13,
          "active_mean": 0.04902848180397483,
          "host_mean": 0.989275409159199,
          "inflammation_mean": 0.4300667266349059,
          "wrapper_eff_mean": 0.0
        },
        {
          "month": 14,
          "active_mean": 0.04915858711022907,
          "host_mean": 0.9883640441193081,
          "inflammation_mean": 0.4499556439938837,
          "wrapper_eff_mean": 0.0
        },
        {
          "month": 15,
          "active_mean": 0.049614422205387566,
          "host_mean": 0.9874194312414947,
          "inflammation_mean": 0.4701457826603148,
          "wrapper_eff_mean": 0.0
        },
        {
          "month": 16,
          "active_mean": 0.050036178068385756,
          "host_mean": 0.9864424467035545,
          "inflammation_mean": 0.4898408287618384,
          "wrapper_eff_mean": 0.0
        },
        {
          "month": 17,
          "active_mean": 0.049387394784832596,
          "host_mean": 0.985433855199371,
          "inflammation_mean": 0.5098442773209688,
          "wrapper_eff_mean": 0.0
        },
        {
          "month": 18,
          "active_mean": 0.05023530421436145,
          "host_mean": 0.9843909496088361,
          "inflammation_mean": 0.5304506887981156,
          "wrapper_eff_mean": 0.0
        }
      ],
      "representative_monthly": [
        {
          "month": 1,
          "phase": "phase_1_wrapper_cohab_bootstrap",
          "active": 0.5731358261491046,
          "latent": 0.6208707617776955,
          "inert_latent": 0.08,
          "host": 0.9988489032359495,
          "benign": 0.9998200625669571,
          "inflammation": 0.20808360791968195,
          "tolerance": 0.10708107591389976,
          "wrapper_eff": 0.0,
          "neutralized_signal": 0.0,
          "monitor_signal": 0.06488330107348354
        },
        {
          "month": 2,
          "phase": "phase_1_wrapper_cohab_bootstrap",
          "active": 0.37420220930858206,
          "latent": 0.6188702636058396,
          "inert_latent": 0.08,
          "host": 0.997910268826719,
          "benign": 0.9996296672998731,
          "inflammation": 0.22474268644466558,
          "tolerance": 0.11457387522456648,
          "wrapper_eff": 0.0,
          "neutralized_signal": 0.0,
          "monitor_signal": 0.042305991254615566
        },
        {
          "month": 3,
          "phase": "phase_1_wrapper_cohab_bootstrap",
          "active": 0.24862876517716528,
          "latent": 0.6154483586860353,
          "inert_latent": 0.08,
          "host": 0.9970857002251868,
          "benign": 0.9994234166489152,
          "inflammation": 0.2478938877075744,
          "tolerance": 0.11680696597330513,
          "wrapper_eff": 0.0,
          "neutralized_signal": 0.0,
          "monitor_signal": 0.02806946758266592
        },
        {
          "month": 4,
          "phase": "phase_2_tolerance_training",
          "active": 0.16788869508946755,
          "latent": 0.6137675978123729,
          "inert_latent": 0.08,
          "host": 0.9963240727571794,
          "benign": 0.9992038133546481,
          "inflammation": 0.2691888899966479,
          "tolerance": 0.12453119864981671,
          "wrapper_eff": 0.0,
          "neutralized_signal": 0.0,
          "monitor_signal": 0.018946186630125306
        },
        {
          "month": 5,
          "phase": "phase_2_tolerance_training",
          "active": 0.11508784768507734,
          "latent": 0.6094224405784927,
          "inert_latent": 0.08,
          "host": 0.9956010798067723,
          "benign": 0.9989738373220227,
          "inflammation": 0.2849133001933516,
          "tolerance": 0.12688468825338983,
          "wrapper_eff": 0.0,
          "neutralized_signal": 0.0,
          "monitor_signal": 0.01296878655318174
        },
        {
          "month": 6,
          "phase": "phase_2_tolerance_training",
          "active": 0.08395916914062317,
          "latent": 0.606692876150424,
          "inert_latent": 0.08,
          "host": 0.9948844307130525,
          "benign": 0.9987307307055749,
          "inflammation": 0.30437727080819293,
          "tolerance": 0.12866380390970053,
          "wrapper_eff": 0.0,
          "neutralized_signal": 0.0,
          "monitor_signal": 0.009456840992908994
        },
        {
          "month": 7,
          "phase": "phase_3_rebound_test",
          "active": 0.0750002409977471,
          "latent": 0.6045905740516004,
          "inert_latent": 0.08,
          "host": 0.9941412734135493,
          "benign": 0.9984722244510064,
          "inflammation": 0.3277263645780657,
          "tolerance": 0.13191491175078854,
          "wrapper_eff": 0.0,
          "neutralized_signal": 0.0,
          "monitor_signal": 0.008444920951033006
        },
        {
          "month": 8,
          "phase": "phase_3_rebound_test",
          "active": 0.0686502713908606,
          "latent": 0.6005967875960881,
          "inert_latent": 0.08,
          "host": 0.9933904316674831,
          "benign": 0.9982047064036264,
          "inflammation": 0.3374054096594991,
          "tolerance": 0.12326915552155814,
          "wrapper_eff": 0.0,
          "neutralized_signal": 0.0,
          "monitor_signal": 0.007725210082355039
        },
        {
          "month": 9,
          "phase": "phase_3_rebound_test",
          "active": 0.05775146035471646,
          "latent": 0.5980269132069277,
          "inert_latent": 0.08,
          "host": 0.9926261930953754,
          "benign": 0.9979216850583272,
          "inflammation": 0.35364993274454026,
          "tolerance": 0.10915406941650418,
          "wrapper_eff": 0.0,
          "neutralized_signal": 0.0,
          "monitor_signal": 0.0065093225986682015
        },
        {
          "month": 10,
          "phase": "phase_3_rebound_test",
          "active": 0.052097802219982586,
          "latent": 0.5969861203698165,
          "inert_latent": 0.08,
          "host": 0.9918418344754187,
          "benign": 0.9976237654086345,
          "inflammation": 0.36997117823747816,
          "tolerance": 0.09875857878833043,
          "wrapper_eff": 0.0,
          "neutralized_signal": 0.0,
          "monitor_signal": 0.005887695275610075
        },
        {
          "month": 11,
          "phase": "phase_3_rebound_test",
          "active": 0.05343550691656628,
          "latent": 0.5932533362800477,
          "inert_latent": 0.08,
          "host": 0.9910378142343919,
          "benign": 0.9973146114811507,
          "inflammation": 0.38089257071199273,
          "tolerance": 0.08819026627597376,
          "wrapper_eff": 0.0,
          "neutralized_signal": 0.0,
          "monitor_signal": 0.006050719932454677
        },
        {
          "month": 12,
          "phase": "phase_3_rebound_test",
          "active": 0.0477395105973521,
          "latent": 0.5890663273231743,
          "inert_latent": 0.08,
          "host": 0.990219859080907,
          "benign": 0.9969929152638514,
          "inflammation": 0.3935039972996306,
          "tolerance": 0.07802240742821867,
          "wrapper_eff": 0.0,
          "neutralized_signal": 0.0,
          "monitor_signal": 0.005416542317147488
        },
        {
          "month": 13,
          "phase": "phase_3_rebound_test",
          "active": 0.04784814358186971,
          "latent": 0.587619423158456,
          "inert_latent": 0.08,
          "host": 0.9893743058138921,
          "benign": 0.996658400795142,
          "inflammation": 0.41031546845794237,
          "tolerance": 0.07716405683034393,
          "wrapper_eff": 0.0,
          "neutralized_signal": 0.0,
          "monitor_signal": 0.005439326310687375
        },
        {
          "month": 14,
          "phase": "phase_3_rebound_test",
          "active": 0.05283944388956345,
          "latent": 0.5857027537664299,
          "inert_latent": 0.08,
          "host": 0.9884990163387547,
          "benign": 0.9963115652640037,
          "inflammation": 0.4251270810327173,
          "tolerance": 0.0731223964361794,
          "wrapper_eff": 0.0,
          "neutralized_signal": 0.0,
          "monitor_signal": 0.0060077090634890066
        },
        {
          "month": 15,
          "phase": "phase_3_rebound_test",
          "active": 0.05224656181591261,
          "latent": 0.5817017165265495,
          "inert_latent": 0.08,
          "host": 0.9875851666672623,
          "benign": 0.9959407836162775,
          "inflammation": 0.44953040719607595,
          "tolerance": 0.05700368844478143,
          "wrapper_eff": 0.0,
          "neutralized_signal": 0.0,
          "monitor_signal": 0.005944852922574669
        },
        {
          "month": 16,
          "phase": "phase_3_rebound_test",
          "active": 0.05035302130247083,
          "latent": 0.5789487179192061,
          "inert_latent": 0.08,
          "host": 0.9866531510136546,
          "benign": 0.9955558759304145,
          "inflammation": 0.461740146623504,
          "tolerance": 0.0442843826304379,
          "wrapper_eff": 0.0,
          "neutralized_signal": 0.0,
          "monitor_signal": 0.005746964349271797
        },
        {
          "month": 17,
          "phase": "phase_3_rebound_test",
          "active": 0.04921796082294702,
          "latent": 0.5776979699530137,
          "inert_latent": 0.08,
          "host": 0.9857023526713656,
          "benign": 0.9951586835311658,
          "inflammation": 0.47388544670546917,
          "tolerance": 0.03682529214126237,
          "wrapper_eff": 0.0,
          "neutralized_signal": 0.0,
          "monitor_signal": 0.005631040260054721
        },
        {
          "month": 18,
          "phase": "phase_3_rebound_test",
          "active": 0.04591765182615536,
          "latent": 0.5771601618852408,
          "inert_latent": 0.08,
          "host": 0.9847357531287926,
          "benign": 0.994748321022831,
          "inflammation": 0.4859753604634773,
          "tolerance": 0.0271691966530717,
          "wrapper_eff": 0.0,
          "neutralized_signal": 0.0,
          "monitor_signal": 0.0052609337831142685
        }
      ]
    },
    {
      "scenario": "cohab_selective",
      "runs": 72,
      "months": 18,
      "mean_final": {
        "host_m12": 0.9782170966810897,
        "benign_m12": 0.9961553501644885,
        "active_m12": 0.2799573697747619,
        "latent_m12": 0.5990417657167414,
        "inflammation_m12": 0.39995651325179693,
        "tolerance_m12": 0.35654902646898756,
        "wrapper_eff_m12": 0.0,
        "inert_fraction_m12": 0.11782007018517193,
        "functional_zero_months": 0.0,
        "rebound_events_phase3": 0.0,
        "functional_cure_score": 0.7778069354092734
      },
      "monthly_mean": [
        {
          "month": 1,
          "active_mean": 0.8289460350334455,
          "host_mean": 0.998583904945355,
          "inflammation_mean": 0.2225998828780702,
          "wrapper_eff_mean": 0.0
        },
        {
          "month": 2,
          "active_mean": 0.7647180084686418,
          "host_mean": 0.9971872762035279,
          "inflammation_mean": 0.2591722966040761,
          "wrapper_eff_mean": 0.0
        },
        {
          "month": 3,
          "active_mean": 0.7072660658376116,
          "host_mean": 0.9958124143413986,
          "inflammation_mean": 0.28921014508532666,
          "wrapper_eff_mean": 0.0
        },
        {
          "month": 4,
          "active_mean": 0.6529484722407266,
          "host_mean": 0.9944620770392137,
          "inflammation_mean": 0.3151923146753409,
          "wrapper_eff_mean": 0.0
        },
        {
          "month": 5,
          "active_mean": 0.6022249638891998,
          "host_mean": 0.9931414044898481,
          "inflammation_mean": 0.33541473061079086,
          "wrapper_eff_mean": 0.0
        },
        {
          "month": 6,
          "active_mean": 0.5555956716570559,
          "host_mean": 0.9918520927489309,
          "inflammation_mean": 0.3515282113112659,
          "wrapper_eff_mean": 0.0
        },
        {
          "month": 7,
          "active_mean": 0.5143299503471276,
          "host_mean": 0.9905933754667436,
          "inflammation_mean": 0.3641205343870363,
          "wrapper_eff_mean": 0.0
        },
        {
          "month": 8,
          "active_mean": 0.47523180179947233,
          "host_mean": 0.9893632970834817,
          "inflammation_mean": 0.3755688290093774,
          "wrapper_eff_mean": 0.0
        },
        {
          "month": 9,
          "active_mean": 0.44254440315781823,
          "host_mean": 0.9881577684704164,
          "inflammation_mean": 0.3847805804724367,
          "wrapper_eff_mean": 0.0
        },
        {
          "month": 10,
          "active_mean": 0.4141079453055907,
          "host_mean": 0.986975645475231,
          "inflammation_mean": 0.39152830475662426,
          "wrapper_eff_mean": 0.0
        },
        {
          "month": 11,
          "active_mean": 0.3881175858282188,
          "host_mean": 0.9858152746474059,
          "inflammation_mean": 0.3974727227035189,
          "wrapper_eff_mean": 0.0
        },
        {
          "month": 12,
          "active_mean": 0.36617806204410414,
          "host_mean": 0.9846763123622662,
          "inflammation_mean": 0.400625060639024,
          "wrapper_eff_mean": 0.0
        },
        {
          "month": 13,
          "active_mean": 0.3481848884548904,
          "host_mean": 0.9835548070408152,
          "inflammation_mean": 0.4032467869769243,
          "wrapper_eff_mean": 0.0
        },
        {
          "month": 14,
          "active_mean": 0.3304869178401586,
          "host_mean": 0.982453863755518,
          "inflammation_mean": 0.4037212742363087,
          "wrapper_eff_mean": 0.0
        },
        {
          "month": 15,
          "active_mean": 0.31527472319849675,
          "host_mean": 0.9813686922721861,
          "inflammation_mean": 0.4053290434336312,
          "wrapper_eff_mean": 0.0
        },
        {
          "month": 16,
          "active_mean": 0.30250762474594706,
          "host_mean": 0.9803017800445137,
          "inflammation_mean": 0.4035371721741499,
          "wrapper_eff_mean": 0.0
        },
        {
          "month": 17,
          "active_mean": 0.29070748574745886,
          "host_mean": 0.9792511028101119,
          "inflammation_mean": 0.4022846253765297,
          "wrapper_eff_mean": 0.0
        },
        {
          "month": 18,
          "active_mean": 0.2799573697747619,
          "host_mean": 0.9782170966810897,
          "inflammation_mean": 0.39995651325179693,
          "wrapper_eff_mean": 0.0
        }
      ],
      "representative_monthly": [
        {
          "month": 1,
          "phase": "phase_1_wrapper_cohab_bootstrap",
          "active": 0.8399059633288446,
          "latent": 0.6191077101802085,
          "inert_latent": 0.08,
          "host": 0.9985766137278461,
          "benign": 0.9998306638729282,
          "inflammation": 0.21893694759952845,
          "tolerance": 0.12253203058640617,
          "wrapper_eff": 0.0,
          "neutralized_signal": 0.0,
          "monitor_signal": 0.22847182940292407
        },
        {
          "month": 2,
          "phase": "phase_1_wrapper_cohab_bootstrap",
          "active": 0.7728784918018048,
          "latent": 0.620033556362085,
          "inert_latent": 0.08,
          "host": 0.9971771047059693,
          "benign": 0.9996418968801486,
          "inflammation": 0.2546785803569105,
          "tolerance": 0.14956330552879382,
          "wrapper_eff": 0.0,
          "neutralized_signal": 0.0,
          "monitor_signal": 0.21299205562308451
        },
        {
          "month": 3,
          "phase": "phase_1_wrapper_cohab_bootstrap",
          "active": 0.7270728832398923,
          "latent": 0.6214120506530914,
          "inert_latent": 0.08,
          "host": 0.9957855059264015,
          "benign": 0.9994380711446331,
          "inflammation": 0.28456193264675544,
          "tolerance": 0.17192542597277577,
          "wrapper_eff": 0.0,
          "neutralized_signal": 0.0,
          "monitor_signal": 0.20349194000174303
        },
        {
          "month": 4,
          "phase": "phase_2_tolerance_training",
          "active": 0.6804488488008098,
          "latent": 0.6200339338126539,
          "inert_latent": 0.08,
          "host": 0.9943952759918664,
          "benign": 0.9992210684798274,
          "inflammation": 0.31906576743834514,
          "tolerance": 0.20926175624860685,
          "wrapper_eff": 0.0,
          "neutralized_signal": 0.0,
          "monitor_signal": 0.19287333591449948
        },
        {
          "month": 5,
          "phase": "phase_2_tolerance_training",
          "active": 0.6226223177447885,
          "latent": 0.6195668973971297,
          "inert_latent": 0.08,
          "host": 0.9930521374835779,
          "benign": 0.9990044627457868,
          "inflammation": 0.3336569101060563,
          "tolerance": 0.24438859598890839,
          "wrapper_eff": 0.0,
          "neutralized_signal": 0.0,
          "monitor_signal": 0.18021871578980306
        },
        {
          "month": 6,
          "phase": "phase_2_tolerance_training",
          "active": 0.5878141319537684,
          "latent": 0.6199795015385919,
          "inert_latent": 0.08,
          "host": 0.9917268394922971,
          "benign": 0.9987897929572738,
          "inflammation": 0.34922744601497735,
          "tolerance": 0.28416250583895114,
          "wrapper_eff": 0.0,
          "neutralized_signal": 0.0,
          "monitor_signal": 0.1734874378729413
        },
        {
          "month": 7,
          "phase": "phase_3_rebound_test",
          "active": 0.5554756481784028,
          "latent": 0.6184859711711124,
          "inert_latent": 0.08,
          "host": 0.9904051328534976,
          "benign": 0.9985622509109046,
          "inflammation": 0.37193275696804745,
          "tolerance": 0.28370244884476625,
          "wrapper_eff": 0.0,
          "neutralized_signal": 0.0,
          "monitor_signal": 0.167549444153561
        },
        {
          "month": 8,
          "phase": "phase_3_rebound_test",
          "active": 0.5000189013463168,
          "latent": 0.6156238570441982,
          "inert_latent": 0.08,
          "host": 0.9891200912552112,
          "benign": 0.9983244357208235,
          "inflammation": 0.3906016157741081,
          "tolerance": 0.2850718560952153,
          "wrapper_eff": 0.0,
          "neutralized_signal": 0.0,
          "monitor_signal": 0.15078418770677407
        },
        {
          "month": 9,
          "phase": "phase_3_rebound_test",
          "active": 0.45605212846176224,
          "latent": 0.6148317239260968,
          "inert_latent": 0.08,
          "host": 0.9878592074341762,
          "benign": 0.9980798334288048,
          "inflammation": 0.40850204928219597,
          "tolerance": 0.2956033657108342,
          "wrapper_eff": 0.0,
          "neutralized_signal": 0.0,
          "monitor_signal": 0.13762807649144582
        },
        {
          "month": 10,
          "phase": "phase_3_rebound_test",
          "active": 0.4252399931254671,
          "latent": 0.6156129345118753,
          "inert_latent": 0.08,
          "host": 0.986615367175571,
          "benign": 0.9978306116177,
          "inflammation": 0.42114322568411755,
          "tolerance": 0.3028254659066912,
          "wrapper_eff": 0.0,
          "neutralized_signal": 0.0,
          "monitor_signal": 0.12906460311719686
        },
        {
          "month": 11,
          "phase": "phase_3_rebound_test",
          "active": 0.4064479317929498,
          "latent": 0.6129360560660577,
          "inert_latent": 0.08,
          "host": 0.985385772802706,
          "benign": 0.9975824336078329,
          "inflammation": 0.4264599798492717,
          "tolerance": 0.3144345071938377,
          "wrapper_eff": 0.0,
          "neutralized_signal": 0.0,
          "monitor_signal": 0.12384372762990098
        },
        {
          "month": 12,
          "phase": "phase_3_rebound_test",
          "active": 0.3790457115110152,
          "latent": 0.6135299805295771,
          "inert_latent": 0.08,
          "host": 0.9841735173936246,
          "benign": 0.9973329335912252,
          "inflammation": 0.43637795091849335,
          "tolerance": 0.32600565633302186,
          "wrapper_eff": 0.0,
          "neutralized_signal": 0.0,
          "monitor_signal": 0.11621938229269149
        },
        {
          "month": 13,
          "phase": "phase_3_rebound_test",
          "active": 0.364997568103978,
          "latent": 0.6111535590774698,
          "inert_latent": 0.08,
          "host": 0.9829715187745616,
          "benign": 0.9970803268962563,
          "inflammation": 0.4407060598222084,
          "tolerance": 0.32359265414976385,
          "wrapper_eff": 0.0,
          "neutralized_signal": 0.0,
          "monitor_signal": 0.1126096823965331
        },
        {
          "month": 14,
          "phase": "phase_3_rebound_test",
          "active": 0.3556219681746935,
          "latent": 0.6104832970064576,
          "inert_latent": 0.08,
          "host": 0.9817756762632358,
          "benign": 0.9968270666320603,
          "inflammation": 0.44384796489522743,
          "tolerance": 0.3265858307804295,
          "wrapper_eff": 0.0,
          "neutralized_signal": 0.0,
          "monitor_signal": 0.10957522874141015
        },
        {
          "month": 15,
          "phase": "phase_3_rebound_test",
          "active": 0.34572744228510904,
          "latent": 0.6075690505784903,
          "inert_latent": 0.08,
          "host": 0.9805883942310757,
          "benign": 0.996570855363851,
          "inflammation": 0.44597094042488444,
          "tolerance": 0.3214638470572393,
          "wrapper_eff": 0.0,
          "neutralized_signal": 0.0,
          "monitor_signal": 0.1066976037145661
        },
        {
          "month": 16,
          "phase": "phase_3_rebound_test",
          "active": 0.3187313190349478,
          "latent": 0.6036028789190389,
          "inert_latent": 0.08,
          "host": 0.9794418246713261,
          "benign": 0.9963170280601569,
          "inflammation": 0.44068310289079216,
          "tolerance": 0.32018172703302045,
          "wrapper_eff": 0.0,
          "neutralized_signal": 0.0,
          "monitor_signal": 0.09809625031685847
        },
        {
          "month": 17,
          "phase": "phase_3_rebound_test",
          "active": 0.3106607453701555,
          "latent": 0.6039197676596572,
          "inert_latent": 0.08,
          "host": 0.9782898818699819,
          "benign": 0.9960577825572209,
          "inflammation": 0.45007187203561777,
          "tolerance": 0.3193389229335732,
          "wrapper_eff": 0.0,
          "neutralized_signal": 0.0,
          "monitor_signal": 0.09554656355104722
        },
        {
          "month": 18,
          "phase": "phase_3_rebound_test",
          "active": 0.29982455046903067,
          "latent": 0.6040961137233537,
          "inert_latent": 0.08,
          "host": 0.9771457712428386,
          "benign": 0.9958007897198933,
          "inflammation": 0.45328916026410204,
          "tolerance": 0.3303976352857402,
          "wrapper_eff": 0.0,
          "neutralized_signal": 0.0,
          "monitor_signal": 0.09217205775279001
        }
      ]
    },
    {
      "scenario": "wrapper_cohab",
      "runs": 72,
      "months": 18,
      "mean_final": {
        "host_m12": 0.9925322683811715,
        "benign_m12": 0.9989570314090168,
        "active_m12": 0.05339396874373048,
        "latent_m12": 0.6040342383748775,
        "inflammation_m12": 0.01,
        "tolerance_m12": 0.35594839867298256,
        "wrapper_eff_m12": 0.7733920650062972,
        "inert_fraction_m12": 0.20685883774992453,
        "functional_zero_months": 8.541666666666666,
        "rebound_events_phase3": 0.0,
        "functional_cure_score": 0.8825051888159484
      },
      "monthly_mean": [
        {
          "month": 1,
          "active_mean": 0.7125706541729003,
          "host_mean": 0.9987653210718622,
          "inflammation_mean": 0.19649633945641964,
          "wrapper_eff_mean": 0.40948266073768985
        },
        {
          "month": 2,
          "active_mean": 0.5628278683615688,
          "host_mean": 0.9977061605754158,
          "inflammation_mean": 0.19966965313411122,
          "wrapper_eff_mean": 0.47049286913161503
        },
        {
          "month": 3,
          "active_mean": 0.44135106235380167,
          "host_mean": 0.9968070319585922,
          "inflammation_mean": 0.19134041156787837,
          "wrapper_eff_mean": 0.5317131831133235
        },
        {
          "month": 4,
          "active_mean": 0.34694961089307913,
          "host_mean": 0.9960498910845197,
          "inflammation_mean": 0.1739718601282365,
          "wrapper_eff_mean": 0.5715059556507154
        },
        {
          "month": 5,
          "active_mean": 0.2734120026460499,
          "host_mean": 0.9954232659134595,
          "inflammation_mean": 0.14828792874455435,
          "wrapper_eff_mean": 0.6117658569450906
        },
        {
          "month": 6,
          "active_mean": 0.21625914425235232,
          "host_mean": 0.9949159589280977,
          "inflammation_mean": 0.11732326291425105,
          "wrapper_eff_mean": 0.6515100368010639
        },
        {
          "month": 7,
          "active_mean": 0.17273650911704078,
          "host_mean": 0.9945116884315685,
          "inflammation_mean": 0.08630536646620665,
          "wrapper_eff_mean": 0.661097517925944
        },
        {
          "month": 8,
          "active_mean": 0.14178280515544392,
          "host_mean": 0.9941957866256916,
          "inflammation_mean": 0.05431701094764529,
          "wrapper_eff_mean": 0.6710339027563615
        },
        {
          "month": 9,
          "active_mean": 0.11773885941169818,
          "host_mean": 0.9939551321744667,
          "inflammation_mean": 0.025347227315861698,
          "wrapper_eff_mean": 0.6814700650104115
        },
        {
          "month": 10,
          "active_mean": 0.0999249563566468,
          "host_mean": 0.9937582738992542,
          "inflammation_mean": 0.011379261029394148,
          "wrapper_eff_mean": 0.6912162540937596
        },
        {
          "month": 11,
          "active_mean": 0.0865554749875675,
          "host_mean": 0.9935796253869563,
          "inflammation_mean": 0.010064320484832141,
          "wrapper_eff_mean": 0.7017536116289463
        },
        {
          "month": 12,
          "active_mean": 0.07695156765528205,
          "host_mean": 0.9934126746492438,
          "inflammation_mean": 0.01,
          "wrapper_eff_mean": 0.7123546291680807
        },
        {
          "month": 13,
          "active_mean": 0.0701738885459264,
          "host_mean": 0.9932539177572421,
          "inflammation_mean": 0.01,
          "wrapper_eff_mean": 0.7220454557358335
        },
        {
          "month": 14,
          "active_mean": 0.06463510312442357,
          "host_mean": 0.9931019278906681,
          "inflammation_mean": 0.01,
          "wrapper_eff_mean": 0.7321304746153963
        },
        {
          "month": 15,
          "active_mean": 0.0610500337224523,
          "host_mean": 0.9929543088191131,
          "inflammation_mean": 0.01,
          "wrapper_eff_mean": 0.7426760412429102
        },
        {
          "month": 16,
          "active_mean": 0.057697375747314227,
          "host_mean": 0.9928108177831295,
          "inflammation_mean": 0.01,
          "wrapper_eff_mean": 0.7534320984371599
        },
        {
          "month": 17,
          "active_mean": 0.05516605651852637,
          "host_mean": 0.9926704424332297,
          "inflammation_mean": 0.01,
          "wrapper_eff_mean": 0.7638009545354284
        },
        {
          "month": 18,
          "active_mean": 0.05339396874373048,
          "host_mean": 0.9925322683811715,
          "inflammation_mean": 0.01,
          "wrapper_eff_mean": 0.7733920650062972
        }
      ],
      "representative_monthly": [
        {
          "month": 1,
          "phase": "phase_1_wrapper_cohab_bootstrap",
          "active": 0.7047899246832218,
          "latent": 0.6263146649868502,
          "inert_latent": 0.09266207254216247,
          "host": 0.9987672441977431,
          "benign": 0.9998431884644726,
          "inflammation": 0.20112993289815528,
          "tolerance": 0.12268444151161953,
          "wrapper_eff": 0.41817823144848115,
          "neutralized_signal": 0.21103454236937447,
          "monitor_signal": 0.2232906396724603
        },
        {
          "month": 2,
          "phase": "phase_1_wrapper_cohab_bootstrap",
          "active": 0.5709720285366915,
          "latent": 0.6272406370935347,
          "inert_latent": 0.10369703261199313,
          "host": 0.9976829439486323,
          "benign": 0.9996872110993646,
          "inflammation": 0.20910561201816324,
          "tolerance": 0.1602221767325649,
          "wrapper_eff": 0.4772617459202845,
          "neutralized_signal": 0.1839160011638444,
          "monitor_signal": 0.1852425828965603
        },
        {
          "month": 3,
          "phase": "phase_1_wrapper_cohab_bootstrap",
          "active": 0.44679190776862954,
          "latent": 0.6277065099938447,
          "inert_latent": 0.11306792270079884,
          "host": 0.9967543934062918,
          "benign": 0.9995376809293648,
          "inflammation": 0.20555404622916146,
          "tolerance": 0.18338470166990353,
          "wrapper_eff": 0.5471179512457132,
          "neutralized_signal": 0.15618150148009505,
          "monitor_signal": 0.14999467629159138
        },
        {
          "month": 4,
          "phase": "phase_2_tolerance_training",
          "active": 0.3501655985944675,
          "latent": 0.6302130188417097,
          "inert_latent": 0.12068625377554569,
          "host": 0.9959724807719933,
          "benign": 0.9994076533369531,
          "inflammation": 0.18678042976993575,
          "tolerance": 0.23078171420024973,
          "wrapper_eff": 0.5796946756003905,
          "neutralized_signal": 0.1269721845791143,
          "monitor_signal": 0.1198206211610078
        },
        {
          "month": 5,
          "phase": "phase_2_tolerance_training",
          "active": 0.2795054670828019,
          "latent": 0.6283617894084877,
          "inert_latent": 0.12698111965515463,
          "host": 0.9953165754957236,
          "benign": 0.9992977251248132,
          "inflammation": 0.16185037735497163,
          "tolerance": 0.2650691736524031,
          "wrapper_eff": 0.6111656554338857,
          "neutralized_signal": 0.10491443132681556,
          "monitor_signal": 0.09877890174779769
        },
        {
          "month": 6,
          "phase": "phase_2_tolerance_training",
          "active": 0.22361625675465815,
          "latent": 0.6281600726902666,
          "inert_latent": 0.13218816611798398,
          "host": 0.9947892264841964,
          "benign": 0.9992153150568461,
          "inflammation": 0.12401965017742929,
          "tolerance": 0.3159215826190313,
          "wrapper_eff": 0.6422372550416464,
          "neutralized_signal": 0.08678410771382242,
          "monitor_signal": 0.08099965422589456
        },
        {
          "month": 7,
          "phase": "phase_3_rebound_test",
          "active": 0.17616800666089585,
          "latent": 0.6290388647195605,
          "inert_latent": 0.13631012151614777,
          "host": 0.9943707410429079,
          "benign": 0.9991506764881395,
          "inflammation": 0.09245602350550129,
          "tolerance": 0.3180330519675692,
          "wrapper_eff": 0.6467703149974736,
          "neutralized_signal": 0.068699256636063,
          "monitor_signal": 0.06565260232711172
        },
        {
          "month": 8,
          "phase": "phase_3_rebound_test",
          "active": 0.14192147982530084,
          "latent": 0.6299646281177209,
          "inert_latent": 0.13968092667226464,
          "host": 0.9940387418665018,
          "benign": 0.9991020695205806,
          "inflammation": 0.06412395379427233,
          "tolerance": 0.3289529958923284,
          "wrapper_eff": 0.6609915062371504,
          "neutralized_signal": 0.05618008593528112,
          "monitor_signal": 0.0530912184144107
        },
        {
          "month": 9,
          "phase": "phase_3_rebound_test",
          "active": 0.11601217236606794,
          "latent": 0.6272048436074119,
          "inert_latent": 0.14248358828900304,
          "host": 0.9937770282654338,
          "benign": 0.9990669295001589,
          "inflammation": 0.03981854882102064,
          "tolerance": 0.33979937815418876,
          "wrapper_eff": 0.6772850045426485,
          "neutralized_signal": 0.046711026945639826,
          "monitor_signal": 0.04378761970783068
        },
        {
          "month": 10,
          "phase": "phase_3_rebound_test",
          "active": 0.09783924881069248,
          "latent": 0.6267061917488466,
          "inert_latent": 0.14487588717600236,
          "host": 0.9935842588836642,
          "benign": 0.9990473593686764,
          "inflammation": 0.010547916115675949,
          "tolerance": 0.34423263764642487,
          "wrapper_eff": 0.6889483349961963,
          "neutralized_signal": 0.039871648116655584,
          "monitor_signal": 0.037224847322051106
        },
        {
          "month": 11,
          "phase": "phase_3_rebound_test",
          "active": 0.08523201724389493,
          "latent": 0.6267922096958062,
          "inert_latent": 0.14699860153797012,
          "host": 0.9934076189768256,
          "benign": 0.9990281890946637,
          "inflammation": 0.01,
          "tolerance": 0.35456033279855714,
          "wrapper_eff": 0.7069134117433575,
          "neutralized_signal": 0.03537857269946249,
          "monitor_signal": 0.03261539566342941
        },
        {
          "month": 12,
          "phase": "phase_3_rebound_test",
          "active": 0.07267120794982376,
          "latent": 0.6252226361395808,
          "inert_latent": 0.14881259183580878,
          "host": 0.9932463412166042,
          "benign": 0.9990090839633528,
          "inflammation": 0.01,
          "tolerance": 0.35402790657765465,
          "wrapper_eff": 0.7091408192225452,
          "neutralized_signal": 0.030233171630644387,
          "monitor_signal": 0.027973803739345455
        },
        {
          "month": 13,
          "phase": "phase_3_rebound_test",
          "active": 0.06456134263080815,
          "latent": 0.6208800662917904,
          "inert_latent": 0.15045401454256263,
          "host": 0.9930947803868314,
          "benign": 0.9989900413498534,
          "inflammation": 0.01,
          "tolerance": 0.3622898710478992,
          "wrapper_eff": 0.7273148343334203,
          "neutralized_signal": 0.027357045112564062,
          "monitor_signal": 0.024930734491311498
        },
        {
          "month": 14,
          "phase": "phase_3_rebound_test",
          "active": 0.06387737270258818,
          "latent": 0.6194686493215384,
          "inert_latent": 0.1520789085755507,
          "host": 0.9929442716559777,
          "benign": 0.998971111006399,
          "inflammation": 0.01,
          "tolerance": 0.3693835765236266,
          "wrapper_eff": 0.7278423142256103,
          "neutralized_signal": 0.027081567216467668,
          "monitor_signal": 0.024777454982172462
        },
        {
          "month": 15,
          "phase": "phase_3_rebound_test",
          "active": 0.06100308420314317,
          "latent": 0.6162317929011134,
          "inert_latent": 0.15365656349519052,
          "host": 0.9927974106950765,
          "benign": 0.9989522348948587,
          "inflammation": 0.01,
          "tolerance": 0.3702038531796964,
          "wrapper_eff": 0.7443931528480536,
          "neutralized_signal": 0.02629424866066389,
          "monitor_signal": 0.023826438512906733
        },
        {
          "month": 16,
          "phase": "phase_3_rebound_test",
          "active": 0.05990528501253061,
          "latent": 0.614825878911706,
          "inert_latent": 0.15521867445347928,
          "host": 0.9926518900609506,
          "benign": 0.9989333257777905,
          "inflammation": 0.01,
          "tolerance": 0.36538912980210864,
          "wrapper_eff": 0.752721479271475,
          "neutralized_signal": 0.026035182638145887,
          "monitor_signal": 0.02344500805544028
        },
        {
          "month": 17,
          "phase": "phase_3_rebound_test",
          "active": 0.053739065176994824,
          "latent": 0.61287362773091,
          "inert_latent": 0.15663352003522296,
          "host": 0.9925136340783727,
          "benign": 0.9989143359853159,
          "inflammation": 0.01,
          "tolerance": 0.3593490716337637,
          "wrapper_eff": 0.7624631098437282,
          "neutralized_signal": 0.02358075969572798,
          "monitor_signal": 0.021017323301823293
        },
        {
          "month": 18,
          "phase": "phase_3_rebound_test",
          "active": 0.0528091228830674,
          "latent": 0.6108973460024546,
          "inert_latent": 0.15802700763472713,
          "host": 0.9923763249049188,
          "benign": 0.9988952482852471,
          "inflammation": 0.01,
          "tolerance": 0.3521842712375864,
          "wrapper_eff": 0.7647484101535333,
          "neutralized_signal": 0.023224793325069364,
          "monitor_signal": 0.020596631591622807
        }
      ]
    }
  ],
  "best_scenario": {
    "name": "wrapper_cohab",
    "functional_cure_score": 0.8825051888159484
  },
  "figures": [
    "/home/fahbrain/projects/omnimind/reports_runtime/figures/hiv_wrapper_functional_cure_summary_20260218T133546Z.png",
    "/home/fahbrain/projects/omnimind/reports_runtime/figures/hiv_wrapper_functional_cure_active_traj_20260218T133546Z.png"
  ]
}
