{
  "timestamp_utc": "2026-02-18T18:36:26.580986+00:00",
  "pack_dir": "docs/zenodo_packs/omnimind_bio_hiv_lupus_diabetes_20260218T182531Z",
  "sources_total": 40,
  "classification_counts": {
    "scenario-simulation": 8,
    "real-data-local": 30,
    "mixed": 1,
    "administrative-mixed": 1
  },
  "sources": [
    {
      "source": "hiv_wrapper_functional_cure_safe_20260218T133546Z.json",
      "classification": "scenario-simulation",
      "exists": true
    },
    {
      "source": "hiv_wrapper_functional_cure_qdrant_materialization_20260218T064743Z.json",
      "classification": "real-data-local",
      "exists": true
    },
    {
      "source": "hiv_cohabitation_monthly_safe_sim_20260218T062344Z.json",
      "classification": "scenario-simulation",
      "exists": true
    },
    {
      "source": "hiv_cohabitation_monthly_safe_qdrant_materialization_20260218T062439Z.json",
      "classification": "real-data-local",
      "exists": true
    },
    {
      "source": "hiv_sle_12m_extensions_safe_sim_20260218T063512Z.json",
      "classification": "scenario-simulation",
      "exists": true
    },
    {
      "source": "hiv_sle_12m_qdrant_materialization_20260218T064213Z.json",
      "classification": "real-data-local",
      "exists": true
    },
    {
      "source": "phagocytosis_threshold_house_sweep_20260218T065251Z.json",
      "classification": "scenario-simulation",
      "exists": true
    },
    {
      "source": "phagocytosis_threshold_house_sweep_qdrant_materialization_20260218T065451Z.json",
      "classification": "real-data-local",
      "exists": true
    },
    {
      "source": "phagocytosis_house_threshold_profile_20260218T065616Z.json",
      "classification": "scenario-simulation",
      "exists": true
    },
    {
      "source": "phagocytosis_house_gate_runtime_audit_20260218T071016Z.json",
      "classification": "mixed",
      "exists": true
    },
    {
      "source": "lupus_wrapper_tolerance_safe_20260218T070706Z.json",
      "classification": "scenario-simulation",
      "exists": true
    },
    {
      "source": "lupus_wrapper_tolerance_qdrant_materialization_20260218T070720Z.json",
      "classification": "real-data-local",
      "exists": true
    },
    {
      "source": "dataset_content_vectorization_20260218T072130Z.json",
      "classification": "real-data-local",
      "exists": true
    },
    {
      "source": "bio_quantitative_field_probe_20260218T180411Z.json",
      "classification": "real-data-local",
      "exists": true
    },
    {
      "source": "phagocytosis_genomics_15houses_20260218T180411Z.json",
      "classification": "scenario-simulation",
      "exists": true
    },
    {
      "source": "bio_15houses_qdrant_materialization_20260218T180807Z.json",
      "classification": "real-data-local",
      "exists": true
    },
    {
      "source": "diabetes_t2_wave_ingestion_20260218T072322Z.json",
      "classification": "real-data-local",
      "exists": true
    },
    {
      "source": "diabetes_t2_15houses_20260218T180807Z.json",
      "classification": "real-data-local",
      "exists": true
    },
    {
      "source": "zip_dataset_analysis_20260218T115222Z.json",
      "classification": "real-data-local",
      "exists": true
    },
    {
      "source": "hiv_gwas_ccr5_15houses_qdrant_materialization_20260218T180828Z.json",
      "classification": "real-data-local",
      "exists": true
    },
    {
      "source": "hiv_acquisition_meta_15houses_qdrant_materialization_20260218T182211Z.json",
      "classification": "real-data-local",
      "exists": true
    },
    {
      "source": "bio_external_dm2_lupus_wave_qdrant_materialization_20260218T182226Z.json",
      "classification": "real-data-local",
      "exists": true
    },
    {
      "source": "hiv_m18_rebound_gap_assessment_compact200_20260218T133845Z.json",
      "classification": "scenario-simulation",
      "exists": true
    },
    {
      "source": "hiv_dm2_lupus_15houses_heatmap_validation_compact200_20260218T175507Z.json",
      "classification": "real-data-local",
      "exists": true
    },
    {
      "source": "wrapper_gene_candidates_panel_compact200_20260218T175521Z.json",
      "classification": "real-data-local",
      "exists": true
    },
    {
      "source": "wrapper_candidates_ensembl_grch38_mapping_compact200_20260218T175521Z.json",
      "classification": "real-data-local",
      "exists": true
    },
    {
      "source": "multi_disease_pack_validation_compact200_20260218T175507Z.json",
      "classification": "real-data-local",
      "exists": true
    },
    {
      "source": "dm2_gut_immune_realdata_validation_20260218T182246Z.json",
      "classification": "real-data-local",
      "exists": true
    },
    {
      "source": "d15_extended_correlation_validation_compact200_20260218T180530Z.json",
      "classification": "real-data-local",
      "exists": true
    },
    {
      "source": "runtime_service_process_snapshot_20260218T145108Z.json",
      "classification": "real-data-local",
      "exists": true
    },
    {
      "source": "desi_official_apis_audit_20260218T152416Z.json",
      "classification": "real-data-local",
      "exists": true
    },
    {
      "source": "lya_forest_pdf_probe_20260218T152655Z.json",
      "classification": "real-data-local",
      "exists": true
    },
    {
      "source": "qdrant_collection_reuse_structure_compact200_20260218T153225Z.json",
      "classification": "real-data-local",
      "exists": true
    },
    {
      "source": "qdrant_candidate_cross_hits_20260218T153415Z.json",
      "classification": "real-data-local",
      "exists": true
    },
    {
      "source": "qdrant_schema_overlap_20260218T153718Z.json",
      "classification": "real-data-local",
      "exists": true
    },
    {
      "source": "qdrant_collection_followup_plan_20260218T154105Z.json",
      "classification": "real-data-local",
      "exists": true
    },
    {
      "source": "desi_lya_sample_materialization_20260218T170112Z.json",
      "classification": "real-data-local",
      "exists": true
    },
    {
      "source": "local_pendencies_delivery_board_20260218T140726Z.json",
      "classification": "administrative-mixed",
      "exists": true
    },
    {
      "source": "zenodo_specific_assets_probe_v2_20260218T084138Z.json",
      "classification": "real-data-local",
      "exists": true
    },
    {
      "source": "astro_bio_cycle_sustainment_20260218T170121Z.json",
      "classification": "real-data-local",
      "exists": true
    }
  ],
  "note": "Refined classification after deep review of previous undetermined artifacts."
}
