{
  "timestamp_utc": "2026-02-18T06:23:47.535481+00:00",
  "safety_note": "Synthetic computational simulation only; no biological protocol.",
  "params": {
    "months": 6,
    "days": 180,
    "runs": 48,
    "seed": 20260218
  },
  "scenarios": [
    {
      "scenario": "isolated_A",
      "mode": "fagocitador_comum",
      "days": 180,
      "runs": 48,
      "mean_final": {
        "cohabitation_index": 0.5762144979295906,
        "host_preservation_score": 0.7442204926954392,
        "benign_preservation_score": 0.20131949713870517,
        "suppression_score": 0.9999170817151662,
        "monitoring_strength": 0.0015495951368575353,
        "host_loss_days": 180.0,
        "severe_loss_days": 95.375,
        "reproduction_ratio_mean": 18586761.170921557
      },
      "monthly_rows_representative": [
        {
          "day": 30,
          "month_index": 1,
          "viral_total_mean_30d": 30.717457556106968,
          "host_pool_min_30d": 0.9220052328569435,
          "benign_pool_min_30d": 12110.249716442053,
          "reproduction_ratio_mean_30d": 12498796.652326427,
          "host_loss_days_30d": 30
        },
        {
          "day": 60,
          "month_index": 2,
          "viral_total_mean_30d": 0.11024536600201282,
          "host_pool_min_30d": 0.8652116592584078,
          "benign_pool_min_30d": 9270.602131676827,
          "reproduction_ratio_mean_30d": 11482006.45427654,
          "host_loss_days_30d": 30
        },
        {
          "day": 90,
          "month_index": 3,
          "viral_total_mean_30d": 0.03729181547747918,
          "host_pool_min_30d": 0.820027518173839,
          "benign_pool_min_30d": 7011.405754382753,
          "reproduction_ratio_mean_30d": 15564081.901108202,
          "host_loss_days_30d": 30
        },
        {
          "day": 120,
          "month_index": 4,
          "viral_total_mean_30d": 0.06236835888788971,
          "host_pool_min_30d": 0.7871334645961611,
          "benign_pool_min_30d": 5366.721047936976,
          "reproduction_ratio_mean_30d": 27240764.879278228,
          "host_loss_days_30d": 30
        },
        {
          "day": 150,
          "month_index": 5,
          "viral_total_mean_30d": 0.03906586707385246,
          "host_pool_min_30d": 0.7620535609209385,
          "benign_pool_min_30d": 4112.736826708319,
          "reproduction_ratio_mean_30d": 22349141.542947,
          "host_loss_days_30d": 30
        },
        {
          "day": 180,
          "month_index": 6,
          "viral_total_mean_30d": 0.06244425397498899,
          "host_pool_min_30d": 0.7429712698744461,
          "benign_pool_min_30d": 3158.640133881108,
          "reproduction_ratio_mean_30d": 12978819.650040992,
          "host_loss_days_30d": 30
        }
      ]
    },
    {
      "scenario": "isolated_A",
      "mode": "omnimind_cohabitante_protetivo",
      "days": 180,
      "runs": 48,
      "mean_final": {
        "cohabitation_index": 0.6374124244857411,
        "host_preservation_score": 0.7993801780769866,
        "benign_preservation_score": 0.3735511654161742,
        "suppression_score": 0.9999356949159387,
        "monitoring_strength": 0.005980973689479455,
        "host_loss_days": 180.0,
        "severe_loss_days": 64.79166666666667,
        "reproduction_ratio_mean": 20103145.247536328
      },
      "monthly_rows_representative": [
        {
          "day": 30,
          "month_index": 1,
          "viral_total_mean_30d": 80.27464167929628,
          "host_pool_min_30d": 0.9518651189393531,
          "benign_pool_min_30d": 13601.172864882754,
          "reproduction_ratio_mean_30d": 5022699.258715848,
          "host_loss_days_30d": 30
        },
        {
          "day": 60,
          "month_index": 2,
          "viral_total_mean_30d": 0.16124536382259286,
          "host_pool_min_30d": 0.9114484366513226,
          "benign_pool_min_30d": 11580.35498944354,
          "reproduction_ratio_mean_30d": 22228302.179169875,
          "host_loss_days_30d": 30
        },
        {
          "day": 90,
          "month_index": 3,
          "viral_total_mean_30d": 0.14700673379964116,
          "host_pool_min_30d": 0.8778551281368502,
          "benign_pool_min_30d": 9900.704322461717,
          "reproduction_ratio_mean_30d": 12548087.709182035,
          "host_loss_days_30d": 30
        },
        {
          "day": 120,
          "month_index": 4,
          "viral_total_mean_30d": 0.09117245381491122,
          "host_pool_min_30d": 0.8484365464600057,
          "benign_pool_min_30d": 8429.784454722412,
          "reproduction_ratio_mean_30d": 9499426.333925953,
          "host_loss_days_30d": 30
        },
        {
          "day": 150,
          "month_index": 5,
          "viral_total_mean_30d": 0.11508082636657067,
          "host_pool_min_30d": 0.8232500808381086,
          "benign_pool_min_30d": 7170.472801167817,
          "reproduction_ratio_mean_30d": 37633607.90462753,
          "host_loss_days_30d": 30
        },
        {
          "day": 180,
          "month_index": 6,
          "viral_total_mean_30d": 0.14267863244146362,
          "host_pool_min_30d": 0.8015335528014571,
          "benign_pool_min_30d": 6084.660800387232,
          "reproduction_ratio_mean_30d": 14094616.455782881,
          "host_loss_days_30d": 30
        }
      ]
    },
    {
      "scenario": "isolated_B",
      "mode": "fagocitador_comum",
      "days": 180,
      "runs": 48,
      "mean_final": {
        "cohabitation_index": 0.5766170796385197,
        "host_preservation_score": 0.7445669949387832,
        "benign_preservation_score": 0.2024634591949001,
        "suppression_score": 0.9999297355914681,
        "monitoring_strength": 0.0016475313884642502,
        "host_loss_days": 180.0,
        "severe_loss_days": 96.375,
        "reproduction_ratio_mean": 19275670.999210853
      },
      "monthly_rows_representative": [
        {
          "day": 30,
          "month_index": 1,
          "viral_total_mean_30d": 41.217554015123454,
          "host_pool_min_30d": 0.926148716644532,
          "benign_pool_min_30d": 12318.292398230655,
          "reproduction_ratio_mean_30d": 10813670.661393242,
          "host_loss_days_30d": 30
        },
        {
          "day": 60,
          "month_index": 2,
          "viral_total_mean_30d": 0.0635986968023191,
          "host_pool_min_30d": 0.8676171685989663,
          "benign_pool_min_30d": 9391.73000855971,
          "reproduction_ratio_mean_30d": 18722940.574565634,
          "host_loss_days_30d": 30
        },
        {
          "day": 90,
          "month_index": 3,
          "viral_total_mean_30d": 0.06465572131962251,
          "host_pool_min_30d": 0.8227139953043159,
          "benign_pool_min_30d": 7146.586469780685,
          "reproduction_ratio_mean_30d": 33633541.84335052,
          "host_loss_days_30d": 30
        },
        {
          "day": 120,
          "month_index": 4,
          "viral_total_mean_30d": 0.05564424338659275,
          "host_pool_min_30d": 0.7890572043850549,
          "benign_pool_min_30d": 5463.759740190761,
          "reproduction_ratio_mean_30d": 28008976.412665408,
          "host_loss_days_30d": 30
        },
        {
          "day": 150,
          "month_index": 5,
          "viral_total_mean_30d": 0.05790192990212051,
          "host_pool_min_30d": 0.763991843440117,
          "benign_pool_min_30d": 4210.505162225956,
          "reproduction_ratio_mean_30d": 24710935.640582256,
          "host_loss_days_30d": 30
        },
        {
          "day": 180,
          "month_index": 6,
          "viral_total_mean_30d": 0.15783211195300267,
          "host_pool_min_30d": 0.7448585707008658,
          "benign_pool_min_30d": 3253.8776881264507,
          "reproduction_ratio_mean_30d": 14015113.353283929,
          "host_loss_days_30d": 30
        }
      ]
    },
    {
      "scenario": "isolated_B",
      "mode": "omnimind_cohabitante_protetivo",
      "days": 180,
      "runs": 48,
      "mean_final": {
        "cohabitation_index": 0.6372149845178582,
        "host_preservation_score": 0.7991859144825715,
        "benign_preservation_score": 0.3730432384050783,
        "suppression_score": 0.9999141464881295,
        "monitoring_strength": 0.006234514687989362,
        "host_loss_days": 180.0,
        "severe_loss_days": 65.22916666666667,
        "reproduction_ratio_mean": 20372648.215754796
      },
      "monthly_rows_representative": [
        {
          "day": 30,
          "month_index": 1,
          "viral_total_mean_30d": 96.53907066670753,
          "host_pool_min_30d": 0.9532408450023462,
          "benign_pool_min_30d": 13671.209451145773,
          "reproduction_ratio_mean_30d": 5455661.618922714,
          "host_loss_days_30d": 30
        },
        {
          "day": 60,
          "month_index": 2,
          "viral_total_mean_30d": 0.10315979015344462,
          "host_pool_min_30d": 0.911575868109897,
          "benign_pool_min_30d": 11587.970438447524,
          "reproduction_ratio_mean_30d": 32231493.00717118,
          "host_loss_days_30d": 30
        },
        {
          "day": 90,
          "month_index": 3,
          "viral_total_mean_30d": 0.13934051711748519,
          "host_pool_min_30d": 0.8771058442292887,
          "benign_pool_min_30d": 9864.482503108085,
          "reproduction_ratio_mean_30d": 34119566.42716127,
          "host_loss_days_30d": 30
        },
        {
          "day": 120,
          "month_index": 4,
          "viral_total_mean_30d": 0.09105995175699787,
          "host_pool_min_30d": 0.8480048768312372,
          "benign_pool_min_30d": 8409.442779798777,
          "reproduction_ratio_mean_30d": 26324306.326693542,
          "host_loss_days_30d": 30
        },
        {
          "day": 150,
          "month_index": 5,
          "viral_total_mean_30d": 0.03218072590404694,
          "host_pool_min_30d": 0.8233173042601417,
          "benign_pool_min_30d": 7175.067217178594,
          "reproduction_ratio_mean_30d": 19019652.7729948,
          "host_loss_days_30d": 30
        },
        {
          "day": 180,
          "month_index": 6,
          "viral_total_mean_30d": 0.12892101657413668,
          "host_pool_min_30d": 0.8012735843752254,
          "benign_pool_min_30d": 6072.893566756251,
          "reproduction_ratio_mean_30d": 24855799.54966144,
          "host_loss_days_30d": 30
        }
      ]
    },
    {
      "scenario": "mixed_A_B",
      "mode": "fagocitador_comum",
      "days": 180,
      "runs": 48,
      "mean_final": {
        "cohabitation_index": 0.5184315810002553,
        "host_preservation_score": 0.5840123082642249,
        "benign_preservation_score": 0.20083651730593616,
        "suppression_score": 0.9999476379681143,
        "monitoring_strength": 0.001597451376772327,
        "host_loss_days": 180.0,
        "severe_loss_days": 150.27083333333334,
        "reproduction_ratio_mean": 14358785.609925061
      },
      "monthly_rows_representative": [
        {
          "day": 30,
          "month_index": 1,
          "viral_total_mean_30d": 69.51854490880892,
          "host_pool_min_30d": 0.8765175383208967,
          "benign_pool_min_30d": 19846.525167665848,
          "reproduction_ratio_mean_30d": 6027718.745548515,
          "host_loss_days_30d": 30
        },
        {
          "day": 60,
          "month_index": 2,
          "viral_total_mean_30d": 0.09903517023612404,
          "host_pool_min_30d": 0.7858673489436743,
          "benign_pool_min_30d": 15314.0417087909,
          "reproduction_ratio_mean_30d": 15715842.451210333,
          "host_loss_days_30d": 30
        },
        {
          "day": 90,
          "month_index": 3,
          "viral_total_mean_30d": 0.17758975433078777,
          "host_pool_min_30d": 0.7130928564442109,
          "benign_pool_min_30d": 11675.363540998109,
          "reproduction_ratio_mean_30d": 13577752.308842871,
          "host_loss_days_30d": 30
        },
        {
          "day": 120,
          "month_index": 4,
          "viral_total_mean_30d": 0.12694449560756224,
          "host_pool_min_30d": 0.6598210225027055,
          "benign_pool_min_30d": 9011.80561707521,
          "reproduction_ratio_mean_30d": 22512728.039706677,
          "host_loss_days_30d": 30
        },
        {
          "day": 150,
          "month_index": 5,
          "viral_total_mean_30d": 0.14730728518793376,
          "host_pool_min_30d": 0.6176961876739209,
          "benign_pool_min_30d": 6905.601851692289,
          "reproduction_ratio_mean_30d": 15140242.072306024,
          "host_loss_days_30d": 30
        },
        {
          "day": 180,
          "month_index": 6,
          "viral_total_mean_30d": 0.08986827517687007,
          "host_pool_min_30d": 0.5849092854130908,
          "benign_pool_min_30d": 5266.2796615647785,
          "reproduction_ratio_mean_30d": 14869231.927544763,
          "host_loss_days_30d": 30
        }
      ]
    },
    {
      "scenario": "mixed_A_B",
      "mode": "omnimind_cohabitante_protetivo",
      "days": 180,
      "runs": 48,
      "mean_final": {
        "cohabitation_index": 0.591976497003521,
        "host_preservation_score": 0.6735911813962246,
        "benign_preservation_score": 0.37295052706768517,
        "suppression_score": 0.9999059430947527,
        "monitoring_strength": 0.006102848021835723,
        "host_loss_days": 180.0,
        "severe_loss_days": 146.58333333333334,
        "reproduction_ratio_mean": 13615255.26500145
      },
      "monthly_rows_representative": [
        {
          "day": 30,
          "month_index": 1,
          "viral_total_mean_30d": 178.96920394512438,
          "host_pool_min_30d": 0.918234567724453,
          "benign_pool_min_30d": 21928.97470942586,
          "reproduction_ratio_mean_30d": 4712959.343499083,
          "host_loss_days_30d": 30
        },
        {
          "day": 60,
          "month_index": 2,
          "viral_total_mean_30d": 0.23320296453965159,
          "host_pool_min_30d": 0.8539766041583525,
          "benign_pool_min_30d": 18716.099352966914,
          "reproduction_ratio_mean_30d": 11846941.712134857,
          "host_loss_days_30d": 30
        },
        {
          "day": 90,
          "month_index": 3,
          "viral_total_mean_30d": 0.18345125314746033,
          "host_pool_min_30d": 0.7954023181052376,
          "benign_pool_min_30d": 15787.402986790186,
          "reproduction_ratio_mean_30d": 26254603.237799894,
          "host_loss_days_30d": 30
        },
        {
          "day": 120,
          "month_index": 4,
          "viral_total_mean_30d": 0.18863282171841755,
          "host_pool_min_30d": 0.7467837946840873,
          "benign_pool_min_30d": 13356.495400989432,
          "reproduction_ratio_mean_30d": 2773233.9989676904,
          "host_loss_days_30d": 30
        },
        {
          "day": 150,
          "month_index": 5,
          "viral_total_mean_30d": 0.2571115969840563,
          "host_pool_min_30d": 0.7063717417658,
          "benign_pool_min_30d": 11335.917644439603,
          "reproduction_ratio_mean_30d": 25870015.19480095,
          "host_loss_days_30d": 30
        },
        {
          "day": 180,
          "month_index": 6,
          "viral_total_mean_30d": 0.33132026605968556,
          "host_pool_min_30d": 0.6738355170998913,
          "benign_pool_min_30d": 9709.138467476454,
          "reproduction_ratio_mean_30d": 11611394.484364238,
          "host_loss_days_30d": 30
        }
      ]
    }
  ],
  "comparative_summary": {
    "isolated_A": {
      "common": {
        "cohabitation_index": 0.5762144979295906,
        "host_preservation_score": 0.7442204926954392,
        "benign_preservation_score": 0.20131949713870517,
        "suppression_score": 0.9999170817151662,
        "monitoring_strength": 0.0015495951368575353,
        "host_loss_days": 180.0,
        "severe_loss_days": 95.375,
        "reproduction_ratio_mean": 18586761.170921557
      },
      "cohabit": {
        "cohabitation_index": 0.6374124244857411,
        "host_preservation_score": 0.7993801780769866,
        "benign_preservation_score": 0.3735511654161742,
        "suppression_score": 0.9999356949159387,
        "monitoring_strength": 0.005980973689479455,
        "host_loss_days": 180.0,
        "severe_loss_days": 64.79166666666667,
        "reproduction_ratio_mean": 20103145.247536328
      },
      "delta": {
        "cohabitation_index": 0.06119792655615053,
        "host_preservation_score": 0.05515968538154736,
        "benign_preservation_score": 0.17223166827746905,
        "suppression_score": 1.8613200772454874e-05,
        "monitoring_strength": 0.00443137855262192,
        "host_loss_days": 0.0,
        "severe_loss_days": -30.58333333333333,
        "reproduction_ratio_mean": 1516384.076614771
      }
    },
    "isolated_B": {
      "common": {
        "cohabitation_index": 0.5766170796385197,
        "host_preservation_score": 0.7445669949387832,
        "benign_preservation_score": 0.2024634591949001,
        "suppression_score": 0.9999297355914681,
        "monitoring_strength": 0.0016475313884642502,
        "host_loss_days": 180.0,
        "severe_loss_days": 96.375,
        "reproduction_ratio_mean": 19275670.999210853
      },
      "cohabit": {
        "cohabitation_index": 0.6372149845178582,
        "host_preservation_score": 0.7991859144825715,
        "benign_preservation_score": 0.3730432384050783,
        "suppression_score": 0.9999141464881295,
        "monitoring_strength": 0.006234514687989362,
        "host_loss_days": 180.0,
        "severe_loss_days": 65.22916666666667,
        "reproduction_ratio_mean": 20372648.215754796
      },
      "delta": {
        "cohabitation_index": 0.06059790487933847,
        "host_preservation_score": 0.05461891954378828,
        "benign_preservation_score": 0.1705797792101782,
        "suppression_score": -1.5589103338653487e-05,
        "monitoring_strength": 0.0045869832995251115,
        "host_loss_days": 0.0,
        "severe_loss_days": -31.14583333333333,
        "reproduction_ratio_mean": 1096977.2165439427
      }
    },
    "mixed_A_B": {
      "common": {
        "cohabitation_index": 0.5184315810002553,
        "host_preservation_score": 0.5840123082642249,
        "benign_preservation_score": 0.20083651730593616,
        "suppression_score": 0.9999476379681143,
        "monitoring_strength": 0.001597451376772327,
        "host_loss_days": 180.0,
        "severe_loss_days": 150.27083333333334,
        "reproduction_ratio_mean": 14358785.609925061
      },
      "cohabit": {
        "cohabitation_index": 0.591976497003521,
        "host_preservation_score": 0.6735911813962246,
        "benign_preservation_score": 0.37295052706768517,
        "suppression_score": 0.9999059430947527,
        "monitoring_strength": 0.006102848021835723,
        "host_loss_days": 180.0,
        "severe_loss_days": 146.58333333333334,
        "reproduction_ratio_mean": 13615255.26500145
      },
      "delta": {
        "cohabitation_index": 0.07354491600326563,
        "host_preservation_score": 0.08957887313199975,
        "benign_preservation_score": 0.172114009761749,
        "suppression_score": -4.169487336158628e-05,
        "monitoring_strength": 0.004505396645063395,
        "host_loss_days": 0.0,
        "severe_loss_days": -3.6875,
        "reproduction_ratio_mean": -743530.3449236117
      }
    }
  }
}
