{
  "timestamp_utc": "2026-02-18T17:55:21.070010+00:00",
  "inputs": {
    "hiv_gwas_json": "reports_runtime/hiv_gwas_ccr5_15houses_qdrant_materialization_20260218T111758Z.json",
    "gap_finder_json": "reports_runtime/genomics_gap_finder_15houses_20260218T121037Z.json"
  },
  "candidate_count": 36,
  "top_n": 15,
  "top_candidates": [
    {
      "candidate": "HLA-B*57:01",
      "best_p_value": 3e-86,
      "best_neglog10_p": 50.0,
      "score": 103.5,
      "evidence_count": 2,
      "evidences": [
        {
          "source": "hiv_gwas_best_hit",
          "data": {
            "snp": "HLA-B*57:01",
            "mapped_gene": "",
            "trait": "Setpoint viral load in HIV-1 infection",
            "p_value": "3E-86",
            "study_accession": "GCST003183"
          }
        },
        {
          "source": "ccr5_hla_cross",
          "data": {
            "id": "10239553087479648423",
            "house": "Isfet",
            "kind": "gwas_association",
            "source_path": "/home/fahbrain/Downloads/gwas-association-downloaded_2026-02-18-EFO_0006319.tsv",
            "SNPS": "HLA-B*57:01",
            "MAPPED_GENE": "",
            "DISEASE_TRAIT": "Setpoint viral load in HIV-1 infection",
            "P_VALUE": 3e-86,
            "CHR_ID": NaN,
            "is_ccr5": false,
            "is_hla": true
          }
        }
      ],
      "houses": [
        "Isfet"
      ],
      "tags": [
        "ccr5_hla_cross",
        "hiv_gwas_best_hit"
      ]
    },
    {
      "candidate": "HLA-C*06:02",
      "best_p_value": 7e-50,
      "best_neglog10_p": 49.154902,
      "score": 50.654902,
      "evidence_count": 1,
      "evidences": [
        {
          "source": "ccr5_hla_cross",
          "data": {
            "id": "7873121684155086788",
            "house": "Psi",
            "kind": "gwas_association",
            "source_path": "/home/fahbrain/Downloads/gwas-association-downloaded_2026-02-18-EFO_0006319.tsv",
            "SNPS": "HLA-C*06:02",
            "MAPPED_GENE": "",
            "DISEASE_TRAIT": "Setpoint viral load in HIV-1 infection",
            "P_VALUE": 7e-50,
            "CHR_ID": NaN,
            "is_ccr5": false,
            "is_hla": true
          }
        }
      ],
      "houses": [
        "Psi"
      ],
      "tags": [
        "ccr5_hla_cross"
      ]
    },
    {
      "candidate": "HLA-B*27:05",
      "best_p_value": 4e-20,
      "best_neglog10_p": 19.39794,
      "score": 20.89794,
      "evidence_count": 1,
      "evidences": [
        {
          "source": "ccr5_hla_cross",
          "data": {
            "id": "12331487927201298937",
            "house": "Plit",
            "kind": "gwas_association",
            "source_path": "/home/fahbrain/Downloads/gwas-association-downloaded_2026-02-18-EFO_0006319.tsv",
            "SNPS": "HLA-B*27:05",
            "MAPPED_GENE": "",
            "DISEASE_TRAIT": "Setpoint viral load in HIV-1 infection",
            "P_VALUE": 4e-20,
            "CHR_ID": NaN,
            "is_ccr5": false,
            "is_hla": true
          }
        }
      ],
      "houses": [
        "Plit"
      ],
      "tags": [
        "ccr5_hla_cross"
      ]
    },
    {
      "candidate": "HLA-C*07:01",
      "best_p_value": 2e-14,
      "best_neglog10_p": 13.69897,
      "score": 15.19897,
      "evidence_count": 1,
      "evidences": [
        {
          "source": "ccr5_hla_cross",
          "data": {
            "id": "7226678988463913553",
            "house": "Isfet",
            "kind": "gwas_association",
            "source_path": "/home/fahbrain/Downloads/gwas-association-downloaded_2026-02-18-EFO_0006319.tsv",
            "SNPS": "HLA-C*07:01",
            "MAPPED_GENE": "",
            "DISEASE_TRAIT": "Setpoint viral load in HIV-1 infection",
            "P_VALUE": 2e-14,
            "CHR_ID": NaN,
            "is_ccr5": false,
            "is_hla": true
          }
        }
      ],
      "houses": [
        "Isfet"
      ],
      "tags": [
        "ccr5_hla_cross"
      ]
    },
    {
      "candidate": "HLA-C*07:02",
      "best_p_value": 4e-13,
      "best_neglog10_p": 12.39794,
      "score": 13.89794,
      "evidence_count": 1,
      "evidences": [
        {
          "source": "ccr5_hla_cross",
          "data": {
            "id": "2254334864739767167",
            "house": "Zeta",
            "kind": "gwas_association",
            "source_path": "/home/fahbrain/Downloads/gwas-association-downloaded_2026-02-18-EFO_0006319.tsv",
            "SNPS": "HLA-C*07:02",
            "MAPPED_GENE": "",
            "DISEASE_TRAIT": "Setpoint viral load in HIV-1 infection",
            "P_VALUE": 4e-13,
            "CHR_ID": NaN,
            "is_ccr5": false,
            "is_hla": true
          }
        }
      ],
      "houses": [
        "Zeta"
      ],
      "tags": [
        "ccr5_hla_cross"
      ]
    },
    {
      "candidate": "HLA-B*07:02",
      "best_p_value": 5e-13,
      "best_neglog10_p": 12.30103,
      "score": 13.80103,
      "evidence_count": 1,
      "evidences": [
        {
          "source": "ccr5_hla_cross",
          "data": {
            "id": "5641469625418636377",
            "house": "Axe",
            "kind": "gwas_association",
            "source_path": "/home/fahbrain/Downloads/gwas-association-downloaded_2026-02-18-EFO_0006319.tsv",
            "SNPS": "HLA-B*07:02",
            "MAPPED_GENE": "",
            "DISEASE_TRAIT": "Setpoint viral load in HIV-1 infection",
            "P_VALUE": 5e-13,
            "CHR_ID": NaN,
            "is_ccr5": false,
            "is_hla": true
          }
        }
      ],
      "houses": [
        "Axe"
      ],
      "tags": [
        "ccr5_hla_cross"
      ]
    },
    {
      "candidate": "HLA-B*08:01",
      "best_p_value": 3e-11,
      "best_neglog10_p": 10.522879,
      "score": 12.022879,
      "evidence_count": 1,
      "evidences": [
        {
          "source": "ccr5_hla_cross",
          "data": {
            "id": "7612506983187586003",
            "house": "Phi",
            "kind": "gwas_association",
            "source_path": "/home/fahbrain/Downloads/gwas-association-downloaded_2026-02-18-EFO_0006319.tsv",
            "SNPS": "HLA-B*08:01",
            "MAPPED_GENE": "",
            "DISEASE_TRAIT": "Setpoint viral load in HIV-1 infection",
            "P_VALUE": 3e-11,
            "CHR_ID": NaN,
            "is_ccr5": false,
            "is_hla": true
          }
        }
      ],
      "houses": [
        "Phi"
      ],
      "tags": [
        "ccr5_hla_cross"
      ]
    },
    {
      "candidate": "HLA-C*08:02",
      "best_p_value": 9e-11,
      "best_neglog10_p": 10.045757,
      "score": 11.545757,
      "evidence_count": 1,
      "evidences": [
        {
          "source": "ccr5_hla_cross",
          "data": {
            "id": "6275519057359210248",
            "house": "Axe",
            "kind": "gwas_association",
            "source_path": "/home/fahbrain/Downloads/gwas-association-downloaded_2026-02-18-EFO_0006319.tsv",
            "SNPS": "HLA-C*08:02",
            "MAPPED_GENE": "",
            "DISEASE_TRAIT": "Setpoint viral load in HIV-1 infection",
            "P_VALUE": 9e-11,
            "CHR_ID": NaN,
            "is_ccr5": false,
            "is_hla": true
          }
        }
      ],
      "houses": [
        "Axe"
      ],
      "tags": [
        "ccr5_hla_cross"
      ]
    },
    {
      "candidate": "HLA-C*04:01",
      "best_p_value": 9e-11,
      "best_neglog10_p": 10.045757,
      "score": 11.545757,
      "evidence_count": 1,
      "evidences": [
        {
          "source": "ccr5_hla_cross",
          "data": {
            "id": "17491100640099921043",
            "house": "Axe",
            "kind": "gwas_association",
            "source_path": "/home/fahbrain/Downloads/gwas-association-downloaded_2026-02-18-EFO_0006319.tsv",
            "SNPS": "HLA-C*04:01",
            "MAPPED_GENE": "",
            "DISEASE_TRAIT": "Setpoint viral load in HIV-1 infection",
            "P_VALUE": 9e-11,
            "CHR_ID": NaN,
            "is_ccr5": false,
            "is_hla": true
          }
        }
      ],
      "houses": [
        "Axe"
      ],
      "tags": [
        "ccr5_hla_cross"
      ]
    },
    {
      "candidate": "HLA-B*13:02",
      "best_p_value": 4e-10,
      "best_neglog10_p": 9.39794,
      "score": 10.89794,
      "evidence_count": 1,
      "evidences": [
        {
          "source": "ccr5_hla_cross",
          "data": {
            "id": "17983920225551626156",
            "house": "Lambda",
            "kind": "gwas_association",
            "source_path": "/home/fahbrain/Downloads/gwas-association-downloaded_2026-02-18-EFO_0006319.tsv",
            "SNPS": "HLA-B*13:02",
            "MAPPED_GENE": "",
            "DISEASE_TRAIT": "Setpoint viral load in HIV-1 infection",
            "P_VALUE": 4e-10,
            "CHR_ID": NaN,
            "is_ccr5": false,
            "is_hla": true
          }
        }
      ],
      "houses": [
        "Lambda"
      ],
      "tags": [
        "ccr5_hla_cross"
      ]
    },
    {
      "candidate": "HLA-B*14:02",
      "best_p_value": 2e-09,
      "best_neglog10_p": 8.69897,
      "score": 10.19897,
      "evidence_count": 1,
      "evidences": [
        {
          "source": "ccr5_hla_cross",
          "data": {
            "id": "18018832566098218669",
            "house": "Sigma",
            "kind": "gwas_association",
            "source_path": "/home/fahbrain/Downloads/gwas-association-downloaded_2026-02-18-EFO_0006319.tsv",
            "SNPS": "HLA-B*14:02",
            "MAPPED_GENE": "",
            "DISEASE_TRAIT": "Setpoint viral load in HIV-1 infection",
            "P_VALUE": 2e-09,
            "CHR_ID": NaN,
            "is_ccr5": false,
            "is_hla": true
          }
        }
      ],
      "houses": [
        "Sigma"
      ],
      "tags": [
        "ccr5_hla_cross"
      ]
    },
    {
      "candidate": "HLA-C*12:02",
      "best_p_value": 4e-08,
      "best_neglog10_p": 7.39794,
      "score": 8.89794,
      "evidence_count": 1,
      "evidences": [
        {
          "source": "ccr5_hla_cross",
          "data": {
            "id": "11704090238267860945",
            "house": "Sigma",
            "kind": "gwas_association",
            "source_path": "/home/fahbrain/Downloads/gwas-association-downloaded_2026-02-18-EFO_0006319.tsv",
            "SNPS": "HLA-C*12:02",
            "MAPPED_GENE": "",
            "DISEASE_TRAIT": "Setpoint viral load in HIV-1 infection",
            "P_VALUE": 4e-08,
            "CHR_ID": NaN,
            "is_ccr5": false,
            "is_hla": true
          }
        }
      ],
      "houses": [
        "Sigma"
      ],
      "tags": [
        "ccr5_hla_cross"
      ]
    },
    {
      "candidate": "HLA-C*02:02",
      "best_p_value": 5e-08,
      "best_neglog10_p": 7.30103,
      "score": 8.80103,
      "evidence_count": 1,
      "evidences": [
        {
          "source": "ccr5_hla_cross",
          "data": {
            "id": "5871537814930764426",
            "house": "Lambda",
            "kind": "gwas_association",
            "source_path": "/home/fahbrain/Downloads/gwas-association-downloaded_2026-02-18-EFO_0006319.tsv",
            "SNPS": "HLA-C*02:02",
            "MAPPED_GENE": "",
            "DISEASE_TRAIT": "Setpoint viral load in HIV-1 infection",
            "P_VALUE": 5e-08,
            "CHR_ID": NaN,
            "is_ccr5": false,
            "is_hla": true
          }
        }
      ],
      "houses": [
        "Lambda"
      ],
      "tags": [
        "ccr5_hla_cross"
      ]
    },
    {
      "candidate": "HLA-A*25:01",
      "best_p_value": 7e-08,
      "best_neglog10_p": 7.154902,
      "score": 8.654902,
      "evidence_count": 1,
      "evidences": [
        {
          "source": "ccr5_hla_cross",
          "data": {
            "id": "6694155963236005319",
            "house": "Aleph",
            "kind": "gwas_association",
            "source_path": "/home/fahbrain/Downloads/gwas-association-downloaded_2026-02-18-EFO_0006319.tsv",
            "SNPS": "HLA-A*25:01",
            "MAPPED_GENE": "",
            "DISEASE_TRAIT": "Setpoint viral load in HIV-1 infection",
            "P_VALUE": 7e-08,
            "CHR_ID": NaN,
            "is_ccr5": false,
            "is_hla": true
          }
        }
      ],
      "houses": [
        "Aleph"
      ],
      "tags": [
        "ccr5_hla_cross"
      ]
    },
    {
      "candidate": "rs41557415",
      "best_p_value": 1.958e-08,
      "best_neglog10_p": 7.708187,
      "score": 8.314187,
      "evidence_count": 1,
      "evidences": [
        {
          "source": "heterogeneity_top",
          "data": {
            "RSID": "rs41557415",
            "CHR": 6.0,
            "BP": 31323455.0,
            "P": 1.958e-08,
            "HetISq": 60.6,
            "house": "Sigma"
          }
        }
      ],
      "houses": [
        "Sigma"
      ],
      "tags": [
        "high_i2_signal"
      ]
    }
  ],
  "anchor_candidates": [
    {
      "candidate": "rs333",
      "best_p_value": null,
      "best_neglog10_p": 0.0,
      "score": 4.0,
      "evidence_count": 1,
      "evidences": [
        {
          "source": "ccr5_summary",
          "data": {
            "refsnp_id": "333",
            "variant_type": "delins",
            "delta32_detected_grch38": true,
            "grch38_found": true
          }
        }
      ],
      "houses": [
        "Sigma"
      ],
      "tags": [
        "ccr5_rs333_anchor"
      ]
    },
    {
      "candidate": "CCR5",
      "best_p_value": null,
      "best_neglog10_p": 0.0,
      "score": 4.0,
      "evidence_count": 1,
      "evidences": [
        {
          "source": "ccr5_summary",
          "data": {
            "refsnp_id": "333",
            "variant_type": "delins",
            "delta32_detected_grch38": true,
            "grch38_found": true
          }
        }
      ],
      "houses": [
        "Sigma"
      ],
      "tags": [
        "ccr5_gene_anchor"
      ]
    }
  ],
  "all_candidates_sorted": [
    {
      "candidate": "HLA-B*57:01",
      "best_p_value": 3e-86,
      "best_neglog10_p": 50.0,
      "score": 103.5,
      "evidence_count": 2,
      "evidences": [
        {
          "source": "hiv_gwas_best_hit",
          "data": {
            "snp": "HLA-B*57:01",
            "mapped_gene": "",
            "trait": "Setpoint viral load in HIV-1 infection",
            "p_value": "3E-86",
            "study_accession": "GCST003183"
          }
        },
        {
          "source": "ccr5_hla_cross",
          "data": {
            "id": "10239553087479648423",
            "house": "Isfet",
            "kind": "gwas_association",
            "source_path": "/home/fahbrain/Downloads/gwas-association-downloaded_2026-02-18-EFO_0006319.tsv",
            "SNPS": "HLA-B*57:01",
            "MAPPED_GENE": "",
            "DISEASE_TRAIT": "Setpoint viral load in HIV-1 infection",
            "P_VALUE": 3e-86,
            "CHR_ID": NaN,
            "is_ccr5": false,
            "is_hla": true
          }
        }
      ],
      "houses": [
        "Isfet"
      ],
      "tags": [
        "ccr5_hla_cross",
        "hiv_gwas_best_hit"
      ]
    },
    {
      "candidate": "HLA-C*06:02",
      "best_p_value": 7e-50,
      "best_neglog10_p": 49.154902,
      "score": 50.654902,
      "evidence_count": 1,
      "evidences": [
        {
          "source": "ccr5_hla_cross",
          "data": {
            "id": "7873121684155086788",
            "house": "Psi",
            "kind": "gwas_association",
            "source_path": "/home/fahbrain/Downloads/gwas-association-downloaded_2026-02-18-EFO_0006319.tsv",
            "SNPS": "HLA-C*06:02",
            "MAPPED_GENE": "",
            "DISEASE_TRAIT": "Setpoint viral load in HIV-1 infection",
            "P_VALUE": 7e-50,
            "CHR_ID": NaN,
            "is_ccr5": false,
            "is_hla": true
          }
        }
      ],
      "houses": [
        "Psi"
      ],
      "tags": [
        "ccr5_hla_cross"
      ]
    },
    {
      "candidate": "HLA-B*27:05",
      "best_p_value": 4e-20,
      "best_neglog10_p": 19.39794,
      "score": 20.89794,
      "evidence_count": 1,
      "evidences": [
        {
          "source": "ccr5_hla_cross",
          "data": {
            "id": "12331487927201298937",
            "house": "Plit",
            "kind": "gwas_association",
            "source_path": "/home/fahbrain/Downloads/gwas-association-downloaded_2026-02-18-EFO_0006319.tsv",
            "SNPS": "HLA-B*27:05",
            "MAPPED_GENE": "",
            "DISEASE_TRAIT": "Setpoint viral load in HIV-1 infection",
            "P_VALUE": 4e-20,
            "CHR_ID": NaN,
            "is_ccr5": false,
            "is_hla": true
          }
        }
      ],
      "houses": [
        "Plit"
      ],
      "tags": [
        "ccr5_hla_cross"
      ]
    },
    {
      "candidate": "HLA-C*07:01",
      "best_p_value": 2e-14,
      "best_neglog10_p": 13.69897,
      "score": 15.19897,
      "evidence_count": 1,
      "evidences": [
        {
          "source": "ccr5_hla_cross",
          "data": {
            "id": "7226678988463913553",
            "house": "Isfet",
            "kind": "gwas_association",
            "source_path": "/home/fahbrain/Downloads/gwas-association-downloaded_2026-02-18-EFO_0006319.tsv",
            "SNPS": "HLA-C*07:01",
            "MAPPED_GENE": "",
            "DISEASE_TRAIT": "Setpoint viral load in HIV-1 infection",
            "P_VALUE": 2e-14,
            "CHR_ID": NaN,
            "is_ccr5": false,
            "is_hla": true
          }
        }
      ],
      "houses": [
        "Isfet"
      ],
      "tags": [
        "ccr5_hla_cross"
      ]
    },
    {
      "candidate": "HLA-C*07:02",
      "best_p_value": 4e-13,
      "best_neglog10_p": 12.39794,
      "score": 13.89794,
      "evidence_count": 1,
      "evidences": [
        {
          "source": "ccr5_hla_cross",
          "data": {
            "id": "2254334864739767167",
            "house": "Zeta",
            "kind": "gwas_association",
            "source_path": "/home/fahbrain/Downloads/gwas-association-downloaded_2026-02-18-EFO_0006319.tsv",
            "SNPS": "HLA-C*07:02",
            "MAPPED_GENE": "",
            "DISEASE_TRAIT": "Setpoint viral load in HIV-1 infection",
            "P_VALUE": 4e-13,
            "CHR_ID": NaN,
            "is_ccr5": false,
            "is_hla": true
          }
        }
      ],
      "houses": [
        "Zeta"
      ],
      "tags": [
        "ccr5_hla_cross"
      ]
    },
    {
      "candidate": "HLA-B*07:02",
      "best_p_value": 5e-13,
      "best_neglog10_p": 12.30103,
      "score": 13.80103,
      "evidence_count": 1,
      "evidences": [
        {
          "source": "ccr5_hla_cross",
          "data": {
            "id": "5641469625418636377",
            "house": "Axe",
            "kind": "gwas_association",
            "source_path": "/home/fahbrain/Downloads/gwas-association-downloaded_2026-02-18-EFO_0006319.tsv",
            "SNPS": "HLA-B*07:02",
            "MAPPED_GENE": "",
            "DISEASE_TRAIT": "Setpoint viral load in HIV-1 infection",
            "P_VALUE": 5e-13,
            "CHR_ID": NaN,
            "is_ccr5": false,
            "is_hla": true
          }
        }
      ],
      "houses": [
        "Axe"
      ],
      "tags": [
        "ccr5_hla_cross"
      ]
    },
    {
      "candidate": "HLA-B*08:01",
      "best_p_value": 3e-11,
      "best_neglog10_p": 10.522879,
      "score": 12.022879,
      "evidence_count": 1,
      "evidences": [
        {
          "source": "ccr5_hla_cross",
          "data": {
            "id": "7612506983187586003",
            "house": "Phi",
            "kind": "gwas_association",
            "source_path": "/home/fahbrain/Downloads/gwas-association-downloaded_2026-02-18-EFO_0006319.tsv",
            "SNPS": "HLA-B*08:01",
            "MAPPED_GENE": "",
            "DISEASE_TRAIT": "Setpoint viral load in HIV-1 infection",
            "P_VALUE": 3e-11,
            "CHR_ID": NaN,
            "is_ccr5": false,
            "is_hla": true
          }
        }
      ],
      "houses": [
        "Phi"
      ],
      "tags": [
        "ccr5_hla_cross"
      ]
    },
    {
      "candidate": "HLA-C*08:02",
      "best_p_value": 9e-11,
      "best_neglog10_p": 10.045757,
      "score": 11.545757,
      "evidence_count": 1,
      "evidences": [
        {
          "source": "ccr5_hla_cross",
          "data": {
            "id": "6275519057359210248",
            "house": "Axe",
            "kind": "gwas_association",
            "source_path": "/home/fahbrain/Downloads/gwas-association-downloaded_2026-02-18-EFO_0006319.tsv",
            "SNPS": "HLA-C*08:02",
            "MAPPED_GENE": "",
            "DISEASE_TRAIT": "Setpoint viral load in HIV-1 infection",
            "P_VALUE": 9e-11,
            "CHR_ID": NaN,
            "is_ccr5": false,
            "is_hla": true
          }
        }
      ],
      "houses": [
        "Axe"
      ],
      "tags": [
        "ccr5_hla_cross"
      ]
    },
    {
      "candidate": "HLA-C*04:01",
      "best_p_value": 9e-11,
      "best_neglog10_p": 10.045757,
      "score": 11.545757,
      "evidence_count": 1,
      "evidences": [
        {
          "source": "ccr5_hla_cross",
          "data": {
            "id": "17491100640099921043",
            "house": "Axe",
            "kind": "gwas_association",
            "source_path": "/home/fahbrain/Downloads/gwas-association-downloaded_2026-02-18-EFO_0006319.tsv",
            "SNPS": "HLA-C*04:01",
            "MAPPED_GENE": "",
            "DISEASE_TRAIT": "Setpoint viral load in HIV-1 infection",
            "P_VALUE": 9e-11,
            "CHR_ID": NaN,
            "is_ccr5": false,
            "is_hla": true
          }
        }
      ],
      "houses": [
        "Axe"
      ],
      "tags": [
        "ccr5_hla_cross"
      ]
    },
    {
      "candidate": "HLA-B*13:02",
      "best_p_value": 4e-10,
      "best_neglog10_p": 9.39794,
      "score": 10.89794,
      "evidence_count": 1,
      "evidences": [
        {
          "source": "ccr5_hla_cross",
          "data": {
            "id": "17983920225551626156",
            "house": "Lambda",
            "kind": "gwas_association",
            "source_path": "/home/fahbrain/Downloads/gwas-association-downloaded_2026-02-18-EFO_0006319.tsv",
            "SNPS": "HLA-B*13:02",
            "MAPPED_GENE": "",
            "DISEASE_TRAIT": "Setpoint viral load in HIV-1 infection",
            "P_VALUE": 4e-10,
            "CHR_ID": NaN,
            "is_ccr5": false,
            "is_hla": true
          }
        }
      ],
      "houses": [
        "Lambda"
      ],
      "tags": [
        "ccr5_hla_cross"
      ]
    },
    {
      "candidate": "HLA-B*14:02",
      "best_p_value": 2e-09,
      "best_neglog10_p": 8.69897,
      "score": 10.19897,
      "evidence_count": 1,
      "evidences": [
        {
          "source": "ccr5_hla_cross",
          "data": {
            "id": "18018832566098218669",
            "house": "Sigma",
            "kind": "gwas_association",
            "source_path": "/home/fahbrain/Downloads/gwas-association-downloaded_2026-02-18-EFO_0006319.tsv",
            "SNPS": "HLA-B*14:02",
            "MAPPED_GENE": "",
            "DISEASE_TRAIT": "Setpoint viral load in HIV-1 infection",
            "P_VALUE": 2e-09,
            "CHR_ID": NaN,
            "is_ccr5": false,
            "is_hla": true
          }
        }
      ],
      "houses": [
        "Sigma"
      ],
      "tags": [
        "ccr5_hla_cross"
      ]
    },
    {
      "candidate": "HLA-C*12:02",
      "best_p_value": 4e-08,
      "best_neglog10_p": 7.39794,
      "score": 8.89794,
      "evidence_count": 1,
      "evidences": [
        {
          "source": "ccr5_hla_cross",
          "data": {
            "id": "11704090238267860945",
            "house": "Sigma",
            "kind": "gwas_association",
            "source_path": "/home/fahbrain/Downloads/gwas-association-downloaded_2026-02-18-EFO_0006319.tsv",
            "SNPS": "HLA-C*12:02",
            "MAPPED_GENE": "",
            "DISEASE_TRAIT": "Setpoint viral load in HIV-1 infection",
            "P_VALUE": 4e-08,
            "CHR_ID": NaN,
            "is_ccr5": false,
            "is_hla": true
          }
        }
      ],
      "houses": [
        "Sigma"
      ],
      "tags": [
        "ccr5_hla_cross"
      ]
    },
    {
      "candidate": "HLA-C*02:02",
      "best_p_value": 5e-08,
      "best_neglog10_p": 7.30103,
      "score": 8.80103,
      "evidence_count": 1,
      "evidences": [
        {
          "source": "ccr5_hla_cross",
          "data": {
            "id": "5871537814930764426",
            "house": "Lambda",
            "kind": "gwas_association",
            "source_path": "/home/fahbrain/Downloads/gwas-association-downloaded_2026-02-18-EFO_0006319.tsv",
            "SNPS": "HLA-C*02:02",
            "MAPPED_GENE": "",
            "DISEASE_TRAIT": "Setpoint viral load in HIV-1 infection",
            "P_VALUE": 5e-08,
            "CHR_ID": NaN,
            "is_ccr5": false,
            "is_hla": true
          }
        }
      ],
      "houses": [
        "Lambda"
      ],
      "tags": [
        "ccr5_hla_cross"
      ]
    },
    {
      "candidate": "HLA-A*25:01",
      "best_p_value": 7e-08,
      "best_neglog10_p": 7.154902,
      "score": 8.654902,
      "evidence_count": 1,
      "evidences": [
        {
          "source": "ccr5_hla_cross",
          "data": {
            "id": "6694155963236005319",
            "house": "Aleph",
            "kind": "gwas_association",
            "source_path": "/home/fahbrain/Downloads/gwas-association-downloaded_2026-02-18-EFO_0006319.tsv",
            "SNPS": "HLA-A*25:01",
            "MAPPED_GENE": "",
            "DISEASE_TRAIT": "Setpoint viral load in HIV-1 infection",
            "P_VALUE": 7e-08,
            "CHR_ID": NaN,
            "is_ccr5": false,
            "is_hla": true
          }
        }
      ],
      "houses": [
        "Aleph"
      ],
      "tags": [
        "ccr5_hla_cross"
      ]
    },
    {
      "candidate": "rs41557415",
      "best_p_value": 1.958e-08,
      "best_neglog10_p": 7.708187,
      "score": 8.314187,
      "evidence_count": 1,
      "evidences": [
        {
          "source": "heterogeneity_top",
          "data": {
            "RSID": "rs41557415",
            "CHR": 6.0,
            "BP": 31323455.0,
            "P": 1.958e-08,
            "HetISq": 60.6,
            "house": "Sigma"
          }
        }
      ],
      "houses": [
        "Sigma"
      ],
      "tags": [
        "high_i2_signal"
      ]
    },
    {
      "candidate": "rs1140487",
      "best_p_value": 1.987e-08,
      "best_neglog10_p": 7.701802,
      "score": 8.304802,
      "evidence_count": 1,
      "evidences": [
        {
          "source": "heterogeneity_top",
          "data": {
            "RSID": "rs1140487",
            "CHR": 6.0,
            "BP": 31322987.0,
            "P": 1.987e-08,
            "HetISq": 60.3,
            "house": "Axe"
          }
        }
      ],
      "houses": [
        "Axe"
      ],
      "tags": [
        "high_i2_signal"
      ]
    },
    {
      "candidate": "rs41561016",
      "best_p_value": 1.998e-08,
      "best_neglog10_p": 7.699405,
      "score": 8.301405,
      "evidence_count": 1,
      "evidences": [
        {
          "source": "heterogeneity_top",
          "data": {
            "RSID": "rs41561016",
            "CHR": 6.0,
            "BP": 31322611.0,
            "P": 1.998e-08,
            "HetISq": 60.2,
            "house": "Aleph"
          }
        }
      ],
      "houses": [
        "Aleph"
      ],
      "tags": [
        "high_i2_signal"
      ]
    },
    {
      "candidate": "HLA-B*52:01",
      "best_p_value": 3e-07,
      "best_neglog10_p": 6.522879,
      "score": 8.022879,
      "evidence_count": 1,
      "evidences": [
        {
          "source": "ccr5_hla_cross",
          "data": {
            "id": "15012287865874982734",
            "house": "Ma'at",
            "kind": "gwas_association",
            "source_path": "/home/fahbrain/Downloads/gwas-association-downloaded_2026-02-18-EFO_0006319.tsv",
            "SNPS": "HLA-B*52:01",
            "MAPPED_GENE": "",
            "DISEASE_TRAIT": "Setpoint viral load in HIV-1 infection",
            "P_VALUE": 3e-07,
            "CHR_ID": NaN,
            "is_ccr5": false,
            "is_hla": true
          }
        }
      ],
      "houses": [
        "Ma'at"
      ],
      "tags": [
        "ccr5_hla_cross"
      ]
    },
    {
      "candidate": "rs3131894",
      "best_p_value": 9.725e-08,
      "best_neglog10_p": 7.01211,
      "score": 7.81211,
      "evidence_count": 1,
      "evidences": [
        {
          "source": "chr6_phi_seshet_top10",
          "data": {
            "RSID": "rs3131894",
            "CHR": 6.0,
            "BP": 29659255.0,
            "P": 9.725e-08,
            "HetISq": 0.0,
            "house": "Phi",
            "BETA": -0.227336874135912,
            "SE": 0.0426363229812288,
            "A1": "A",
            "A2": "C"
          }
        }
      ],
      "houses": [
        "Phi"
      ],
      "tags": [
        "chr6_phi_seshet_candidate"
      ]
    },
    {
      "candidate": "rs404240",
      "best_p_value": 1.36e-07,
      "best_neglog10_p": 6.866461,
      "score": 7.666461,
      "evidence_count": 1,
      "evidences": [
        {
          "source": "chr6_phi_seshet_top10",
          "data": {
            "RSID": "rs404240",
            "CHR": 6.0,
            "BP": 29523957.0,
            "P": 1.36e-07,
            "HetISq": 0.0,
            "house": "Seshet",
            "BETA": 0.134095227594644,
            "SE": 0.0254401873638103,
            "A1": "A",
            "A2": "G"
          }
        }
      ],
      "houses": [
        "Seshet"
      ],
      "tags": [
        "chr6_phi_seshet_candidate"
      ]
    },
    {
      "candidate": "rs2442719",
      "best_p_value": 8e-07,
      "best_neglog10_p": 6.09691,
      "score": 7.59691,
      "evidence_count": 1,
      "evidences": [
        {
          "source": "ccr5_hla_cross",
          "data": {
            "id": "6242211657197641972",
            "house": "Zeta",
            "kind": "gwas_association",
            "source_path": "/home/fahbrain/Downloads/gwas-association-downloaded_2026-02-18-EFO_0006319.tsv",
            "SNPS": "rs2442719",
            "MAPPED_GENE": "LINC02571 - HLA-B",
            "DISEASE_TRAIT": "HIV-1 viral setpoint",
            "P_VALUE": 8e-07,
            "CHR_ID": 6.0,
            "is_ccr5": false,
            "is_hla": true
          }
        }
      ],
      "houses": [
        "Zeta"
      ],
      "tags": [
        "ccr5_hla_cross"
      ]
    },
    {
      "candidate": "rs9257809",
      "best_p_value": 2.017e-07,
      "best_neglog10_p": 6.695294,
      "score": 7.495294,
      "evidence_count": 1,
      "evidences": [
        {
          "source": "chr6_phi_seshet_top10",
          "data": {
            "RSID": "rs9257809",
            "CHR": 6.0,
            "BP": 29356331.0,
            "P": 2.017e-07,
            "HetISq": 0.0,
            "house": "Seshet",
            "BETA": 0.18190448443994,
            "SE": 0.0349950912735551,
            "A1": "A",
            "A2": "G"
          }
        }
      ],
      "houses": [
        "Seshet"
      ],
      "tags": [
        "chr6_phi_seshet_candidate"
      ]
    },
    {
      "candidate": "rs1233583",
      "best_p_value": 2.616e-07,
      "best_neglog10_p": 6.582362,
      "score": 7.382362,
      "evidence_count": 1,
      "evidences": [
        {
          "source": "chr6_phi_seshet_top10",
          "data": {
            "RSID": "rs1233583",
            "CHR": 6.0,
            "BP": 28715566.0,
            "P": 2.616e-07,
            "HetISq": 0.0,
            "house": "Phi",
            "BETA": -0.138210018946184,
            "SE": 0.0268421089427431,
            "A1": "A",
            "A2": "G"
          }
        }
      ],
      "houses": [
        "Phi"
      ],
      "tags": [
        "chr6_phi_seshet_candidate"
      ]
    },
    {
      "candidate": "rs9257133",
      "best_p_value": 2.87e-07,
      "best_neglog10_p": 6.542118,
      "score": 7.342118,
      "evidence_count": 1,
      "evidences": [
        {
          "source": "chr6_phi_seshet_top10",
          "data": {
            "RSID": "rs9257133",
            "CHR": 6.0,
            "BP": 28723421.0,
            "P": 2.87e-07,
            "HetISq": 0.0,
            "house": "Seshet",
            "BETA": -0.141994719198954,
            "SE": 0.0276684955570839,
            "A1": "T",
            "A2": "C"
          }
        }
      ],
      "houses": [
        "Seshet"
      ],
      "tags": [
        "chr6_phi_seshet_candidate"
      ]
    },
    {
      "candidate": "rs9393929",
      "best_p_value": 2.918e-07,
      "best_neglog10_p": 6.534915,
      "score": 7.334915,
      "evidence_count": 1,
      "evidences": [
        {
          "source": "chr6_phi_seshet_top10",
          "data": {
            "RSID": "rs9393929",
            "CHR": 6.0,
            "BP": 28696063.0,
            "P": 2.918e-07,
            "HetISq": 0.0,
            "house": "Seshet",
            "BETA": -0.112299313626155,
            "SE": 0.0218949724363726,
            "A1": "A",
            "A2": "C"
          }
        }
      ],
      "houses": [
        "Seshet"
      ],
      "tags": [
        "chr6_phi_seshet_candidate"
      ]
    },
    {
      "candidate": "rs12210050",
      "best_p_value": 4.012e-07,
      "best_neglog10_p": 6.396639,
      "score": 7.306639,
      "evidence_count": 1,
      "evidences": [
        {
          "source": "heterogeneity_top",
          "data": {
            "RSID": "rs12210050",
            "CHR": 6.0,
            "BP": 475489.0,
            "P": 4.012e-07,
            "HetISq": 91.0,
            "house": "Axe"
          }
        }
      ],
      "houses": [
        "Axe"
      ],
      "tags": [
        "high_i2_signal"
      ]
    },
    {
      "candidate": "rs1233594",
      "best_p_value": 3.621e-07,
      "best_neglog10_p": 6.441171,
      "score": 7.241171,
      "evidence_count": 1,
      "evidences": [
        {
          "source": "chr6_phi_seshet_top10",
          "data": {
            "RSID": "rs1233594",
            "CHR": 6.0,
            "BP": 28727343.0,
            "P": 3.621e-07,
            "HetISq": 0.0,
            "house": "Phi",
            "BETA": 0.141096679545211,
            "SE": 0.0277312656338859,
            "A1": "A",
            "A2": "G"
          }
        }
      ],
      "houses": [
        "Phi"
      ],
      "tags": [
        "chr6_phi_seshet_candidate"
      ]
    },
    {
      "candidate": "rs3129682",
      "best_p_value": 3.692e-07,
      "best_neglog10_p": 6.432738,
      "score": 7.232738,
      "evidence_count": 1,
      "evidences": [
        {
          "source": "chr6_phi_seshet_top10",
          "data": {
            "RSID": "rs3129682",
            "CHR": 6.0,
            "BP": 29283672.0,
            "P": 3.692e-07,
            "HetISq": 0.0,
            "house": "Seshet",
            "BETA": -0.212047050812662,
            "SE": 0.0417087039364009,
            "A1": "T",
            "A2": "C"
          }
        }
      ],
      "houses": [
        "Seshet"
      ],
      "tags": [
        "chr6_phi_seshet_candidate"
      ]
    },
    {
      "candidate": "HLA-C*01:02",
      "best_p_value": 2e-06,
      "best_neglog10_p": 5.69897,
      "score": 7.19897,
      "evidence_count": 1,
      "evidences": [
        {
          "source": "ccr5_hla_cross",
          "data": {
            "id": "8771242789137140770",
            "house": "Omega",
            "kind": "gwas_association",
            "source_path": "/home/fahbrain/Downloads/gwas-association-downloaded_2026-02-18-EFO_0006319.tsv",
            "SNPS": "HLA-C*01:02",
            "MAPPED_GENE": "",
            "DISEASE_TRAIT": "Setpoint viral load in HIV-1 infection",
            "P_VALUE": 2e-06,
            "CHR_ID": NaN,
            "is_ccr5": false,
            "is_hla": true
          }
        }
      ],
      "houses": [
        "Omega"
      ],
      "tags": [
        "ccr5_hla_cross"
      ]
    },
    {
      "candidate": "rs1235162",
      "best_p_value": 7.407e-07,
      "best_neglog10_p": 6.130358,
      "score": 6.930358,
      "evidence_count": 1,
      "evidences": [
        {
          "source": "chr6_phi_seshet_top10",
          "data": {
            "RSID": "rs1235162",
            "CHR": 6.0,
            "BP": 29537224.0,
            "P": 7.407e-07,
            "HetISq": 0.0,
            "house": "Seshet",
            "BETA": 0.203252217646621,
            "SE": 0.0410610540700243,
            "A1": "A",
            "A2": "G"
          }
        }
      ],
      "houses": [
        "Seshet"
      ],
      "tags": [
        "chr6_phi_seshet_candidate"
      ]
    },
    {
      "candidate": "rs3130725",
      "best_p_value": 8.192e-07,
      "best_neglog10_p": 6.08661,
      "score": 6.88661,
      "evidence_count": 1,
      "evidences": [
        {
          "source": "chr6_phi_seshet_top10",
          "data": {
            "RSID": "rs3130725",
            "CHR": 6.0,
            "BP": 29118747.0,
            "P": 8.192e-07,
            "HetISq": 0.0,
            "house": "Phi",
            "BETA": 0.155740551359196,
            "SE": 0.0315839690446554,
            "A1": "T",
            "A2": "G"
          }
        }
      ],
      "houses": [
        "Phi"
      ],
      "tags": [
        "chr6_phi_seshet_candidate"
      ]
    },
    {
      "candidate": "rs3763312",
      "best_p_value": 6e-06,
      "best_neglog10_p": 5.221849,
      "score": 6.721849,
      "evidence_count": 1,
      "evidences": [
        {
          "source": "ccr5_hla_cross",
          "data": {
            "id": "12009650736019225510",
            "house": "Lambda",
            "kind": "gwas_association",
            "source_path": "/home/fahbrain/Downloads/gwas-association-downloaded_2026-02-18-EFO_0006319.tsv",
            "SNPS": "rs3763312",
            "MAPPED_GENE": "TSBP1-AS1 - HLA-DRA",
            "DISEASE_TRAIT": "HIV-1 viral setpoint",
            "P_VALUE": 6e-06,
            "CHR_ID": 6.0,
            "is_ccr5": false,
            "is_hla": true
          }
        }
      ],
      "houses": [
        "Lambda"
      ],
      "tags": [
        "ccr5_hla_cross"
      ]
    },
    {
      "candidate": "HLA-B",
      "best_p_value": 8e-07,
      "best_neglog10_p": 6.09691,
      "score": 6.59691,
      "evidence_count": 1,
      "evidences": [
        {
          "source": "ccr5_hla_cross_mapped_gene",
          "data": {
            "id": "6242211657197641972",
            "house": "Zeta",
            "kind": "gwas_association",
            "source_path": "/home/fahbrain/Downloads/gwas-association-downloaded_2026-02-18-EFO_0006319.tsv",
            "SNPS": "rs2442719",
            "MAPPED_GENE": "LINC02571 - HLA-B",
            "DISEASE_TRAIT": "HIV-1 viral setpoint",
            "P_VALUE": 8e-07,
            "CHR_ID": 6.0,
            "is_ccr5": false,
            "is_hla": true
          }
        }
      ],
      "houses": [
        "Zeta"
      ],
      "tags": [
        "mapped_gene"
      ]
    },
    {
      "candidate": "HLA-DRA",
      "best_p_value": 6e-06,
      "best_neglog10_p": 5.221849,
      "score": 5.721849,
      "evidence_count": 1,
      "evidences": [
        {
          "source": "ccr5_hla_cross_mapped_gene",
          "data": {
            "id": "12009650736019225510",
            "house": "Lambda",
            "kind": "gwas_association",
            "source_path": "/home/fahbrain/Downloads/gwas-association-downloaded_2026-02-18-EFO_0006319.tsv",
            "SNPS": "rs3763312",
            "MAPPED_GENE": "TSBP1-AS1 - HLA-DRA",
            "DISEASE_TRAIT": "HIV-1 viral setpoint",
            "P_VALUE": 6e-06,
            "CHR_ID": 6.0,
            "is_ccr5": false,
            "is_hla": true
          }
        }
      ],
      "houses": [
        "Lambda"
      ],
      "tags": [
        "mapped_gene"
      ]
    },
    {
      "candidate": "rs333",
      "best_p_value": null,
      "best_neglog10_p": 0.0,
      "score": 4.0,
      "evidence_count": 1,
      "evidences": [
        {
          "source": "ccr5_summary",
          "data": {
            "refsnp_id": "333",
            "variant_type": "delins",
            "delta32_detected_grch38": true,
            "grch38_found": true
          }
        }
      ],
      "houses": [
        "Sigma"
      ],
      "tags": [
        "ccr5_rs333_anchor"
      ]
    },
    {
      "candidate": "CCR5",
      "best_p_value": null,
      "best_neglog10_p": 0.0,
      "score": 4.0,
      "evidence_count": 1,
      "evidences": [
        {
          "source": "ccr5_summary",
          "data": {
            "refsnp_id": "333",
            "variant_type": "delins",
            "delta32_detected_grch38": true,
            "grch38_found": true
          }
        }
      ],
      "houses": [
        "Sigma"
      ],
      "tags": [
        "ccr5_gene_anchor"
      ]
    }
  ],
  "gap_wrapper_gene_candidates": {
    "status_candidate": "EM_REVISAO_LOCAL",
    "note": "Candidate panel expanded from anchors (CCR5/HLA-B*57:01) using local cross/heterogeneity/chr6 evidence."
  }
}
