{
  "timestamp_utc": "2026-02-18T18:22:28.273083+00:00",
  "collection": "bio_external_dm2_lupus_15houses_live",
  "qdrant_url": "http://127.0.0.1:6333",
  "vector_size": 13,
  "sources": {
    "diabetes_csv_zip": "data/runtime/rehydrated_datasets/conjunto_diabetes2kagglearchive.zip",
    "tongue_zip": "data/runtime/rehydrated_datasets/Type 2 Diabetes Mellitus Tongue Dataset.zip",
    "lupus_zip": "data/runtime/rehydrated_datasets/Risk factors of progression from discoid lupus to severe systemic lupus erythematosus a registry-based cohort study of 164 patients.zip",
    "notebook": "data/runtime/rehydrated_datasets/life-expectancy-regression-with-ann.ipynb"
  },
  "points_upserted": 27,
  "csv_field_points": 18,
  "tongue_bucket_points": 6,
  "lupus_pdf_points": 3,
  "house_counts": {
    "Aleph": 1,
    "Axe": 2,
    "Epsilon": 1,
    "Isfet": 2,
    "Lambda": 1,
    "Ma'at": 5,
    "Omega": 1,
    "Plit": 4,
    "Psi": 4,
    "Rekh": 1,
    "Seshet": 2,
    "Zeta": 3
  },
  "source_counts": {
    "data/runtime/rehydrated_datasets/Risk factors of progression from discoid lupus to severe systemic lupus erythematosus a registry-based cohort study of 164 patients.zip": 3,
    "data/runtime/rehydrated_datasets/Type 2 Diabetes Mellitus Tongue Dataset.zip": 6,
    "data/runtime/rehydrated_datasets/conjunto_diabetes2kagglearchive.zip": 18
  },
  "diabetes_csv_summary": {
    "members": [
      "diabetes.csv",
      "diabetes_Dataset_cleaned.csv"
    ],
    "member_count": 2,
    "headers_total": 18,
    "rows_sampled_total": 1536
  },
  "tongue_dataset_summary": {
    "outer_exists": true,
    "inner_zip_member": "Type 2 Diabetes Mellitus Tongue Dataset/preprocessedcropped-20240821T085241Z-001.zip",
    "inner_entries": 2750,
    "image_total": 2750,
    "split_class_counts": {
      "test::diabetes": 25,
      "test::nondiabetes": 25,
      "train::diabetes": 1050,
      "train::nondiabetes": 1050,
      "unknown::diabetes": 300,
      "unknown::nondiabetes": 300
    },
    "split_counts": {
      "test": 50,
      "train": 2100,
      "unknown": 600
    },
    "class_counts": {
      "diabetes": 1375,
      "nondiabetes": 1375
    }
  },
  "lupus_pdf_summary": [
    {
      "member": "Risk factors of progression from discoid lupus to severe systemic lupus erythematosus a registry-based cohort study of 164 patients/Supplementary Figure 1.pdf",
      "text_extracted": true,
      "token_count": 117,
      "keyword_counts": {
        "lupus": 0,
        "discoid": 0,
        "systemic": 0,
        "erythematosus": 0,
        "progression": 0,
        "risk": 0,
        "severe": 0,
        "cohort": 0,
        "registry": 0,
        "patient": 4,
        "sledai": 0,
        "baff": 0,
        "ifn": 0
      },
      "keyword_total": 4,
      "text_preview": "Supplementary Figure 1. Receiver Operating Characteristic (ROC) curve and performances of the score among patients with isolated DLE at baseline. PPV: positive predictive value, NPV: Negative predictive value. AUC: area under the curve \n   \nAmongpatients withisolatedDLE at baseline n=86 patients \n0%0%17%30%18%\n100%100%83%70%82%\n0%10%20%30%40%50%60%70%80%90%100%\nScore=0Score=1Score=2Score=5Score=6Score=5\nDLE -sSLENo sSLE\nN=46           N=13            N=6             N=10           N=11          "
    },
    {
      "member": "Risk factors of progression from discoid lupus to severe systemic lupus erythematosus a registry-based cohort study of 164 patients/Supplementary Figure 2.pdf",
      "text_extracted": true,
      "token_count": 122,
      "keyword_counts": {
        "lupus": 0,
        "discoid": 0,
        "systemic": 0,
        "erythematosus": 0,
        "progression": 0,
        "risk": 0,
        "severe": 0,
        "cohort": 0,
        "registry": 0,
        "patient": 4,
        "sledai": 0,
        "baff": 0,
        "ifn": 0
      },
      "keyword_total": 4,
      "text_preview": " Supplementary Figure 2. Receiver Operating Characteristic (ROC) curve and performances of the score among patients with DLE and mild SLE at baseline. PPV: positive predictive value, NPV: Negative predictive value. AUC: area under the curve \n \nAmongpatients withDLE and mildSLE at baseline n=78 patients \n0%25%13%46%50%\n100%75%87%\n54%50%\n0%10%20%30%40%50%60%70%80%90%100%\nScore=0Score=1Score=2Score=5Score=6Score=7\nDLE -sSLENo sSLE\nN=8             N=4            N=0             N=23           N=35  "
    },
    {
      "member": "Risk factors of progression from discoid lupus to severe systemic lupus erythematosus a registry-based cohort study of 164 patients/Supplementary Table 1.pdf",
      "text_extracted": true,
      "token_count": 371,
      "keyword_counts": {
        "lupus": 3,
        "discoid": 1,
        "systemic": 2,
        "erythematosus": 2,
        "progression": 4,
        "risk": 2,
        "severe": 0,
        "cohort": 0,
        "registry": 0,
        "patient": 2,
        "sledai": 0,
        "baff": 0,
        "ifn": 0
      },
      "keyword_total": 16,
      "text_preview": "Supplementary Table 1. Literature review and summary of studies comparing cutaneous and discoid lupus erythematosus only patients and patients with CLE and DLE who have progressed to systemic lupus erythematosus\n Study (ref), year Study population N total (N CLE à SLE) SLE classification criteria used Median duration from CLE to SLE in years (range) Risk factors for progression to SLE* Study design  \nMillard and Rowell 19 1979 86 DLE  (6 DLEàSLE) ACR 1972 - Persistent positive ANA  Anemia Leucop"
    }
  ],
  "notebook_review": {
    "exists": true,
    "included_in_bio_pipeline": false,
    "reason": "Notebook targets WHO life-expectancy regression and was excluded from HIV/Lupus/DM2 technical pack.",
    "cells": 89
  },
  "scope_note": "Computational systems extraction only; no clinical claim and no patient-level inference."
}
