{
  "timestamp_utc": "2026-02-18T18:08:07.086252+00:00",
  "source_datasets": [
    "/home/fahbrain/projects/omnimind/semaglutidde_dulaglutidde_type27857437.zip",
    "/home/fahbrain/projects/omnimind/posturalstabilitytype2ddiabetes_15210188.zip",
    "/home/fahbrain/projects/omnimind/diabetes_mexican5008784.zip"
  ],
  "houses": [
    "Phi",
    "Ma'at",
    "Aleph",
    "Zeta",
    "Lambda",
    "Psi",
    "Sigma",
    "Omega",
    "Gamma",
    "Plit",
    "Axé",
    "Epsilon",
    "Isfet",
    "Rekh",
    "Seshet"
  ],
  "total_fields": 55,
  "by_house": {
    "Phi": {
      "house": "Phi",
      "total_fields": 1,
      "dataset_count": 1,
      "datasets": [
        "posturalstabilitytype2ddiabetes_15210188.zip"
      ],
      "category_counts": {
        "postural_motor": 1
      },
      "sample_fields": [
        "Postural_Sway"
      ]
    },
    "Ma'at": {
      "house": "Ma'at",
      "total_fields": 4,
      "dataset_count": 2,
      "datasets": [
        "diabetes_mexican5008784.zip",
        "semaglutidde_dulaglutidde_type27857437.zip"
      ],
      "category_counts": {
        "other": 1,
        "anthropometric": 2,
        "clinical_risk": 1
      },
      "sample_fields": [
        "Unit/code",
        "2_Age_at_onset_DM",
        "7_Hypertension",
        "9_BMI"
      ]
    },
    "Aleph": {
      "house": "Aleph",
      "total_fields": 3,
      "dataset_count": 2,
      "datasets": [
        "posturalstabilitytype2ddiabetes_15210188.zip",
        "semaglutidde_dulaglutidde_type27857437.zip"
      ],
      "category_counts": {
        "other": 2,
        "postural_motor": 1
      },
      "sample_fields": [
        "CUMATC",
        "Total invoice cost",
        "Ankle_Dorsiflexion_Error"
      ]
    },
    "Zeta": {
      "house": "Zeta",
      "total_fields": 6,
      "dataset_count": 2,
      "datasets": [
        "posturalstabilitytype2ddiabetes_15210188.zip",
        "semaglutidde_dulaglutidde_type27857437.zip"
      ],
      "category_counts": {
        "other": 5,
        "postural_motor": 1
      },
      "sample_fields": [
        "Reporting actor role",
        "IUM_2",
        "Commercial description",
        "CUMCodViaAdministracion",
        "Maximun unit pricing",
        "ML_Sway"
      ]
    },
    "Lambda": {
      "house": "Lambda",
      "total_fields": 2,
      "dataset_count": 1,
      "datasets": [
        "diabetes_mexican5008784.zip"
      ],
      "category_counts": {
        "clinical_risk": 1,
        "treatment": 1
      },
      "sample_fields": [
        "3_DKA",
        "4_Metformin_use"
      ]
    },
    "Psi": {
      "house": "Psi",
      "total_fields": 3,
      "dataset_count": 1,
      "datasets": [
        "semaglutidde_dulaglutidde_type27857437.zip"
      ],
      "category_counts": {
        "demographic_time": 1,
        "other": 2
      },
      "sample_fields": [
        "Period",
        "commercial invoice",
        "Total units invoiced"
      ]
    },
    "Sigma": {
      "house": "Sigma",
      "total_fields": 2,
      "dataset_count": 2,
      "datasets": [
        "posturalstabilitytype2ddiabetes_15210188.zip",
        "semaglutidde_dulaglutidde_type27857437.zip"
      ],
      "category_counts": {
        "clinical_risk": 1,
        "postural_motor": 1
      },
      "sample_fields": [
        "Transaction type code",
        "Sway_Area"
      ]
    },
    "Omega": {
      "house": "Omega",
      "total_fields": 7,
      "dataset_count": 3,
      "datasets": [
        "diabetes_mexican5008784.zip",
        "posturalstabilitytype2ddiabetes_15210188.zip",
        "semaglutidde_dulaglutidde_type27857437.zip"
      ],
      "category_counts": {
        "other": 3,
        "postural_motor": 1,
        "anthropometric": 2,
        "lipid_profile": 1
      },
      "sample_fields": [
        "Code/Role",
        "IUM_3",
        "Ankle_Plantarflexion_Error",
        "Variables and codification",
        "6_Tanner",
        "8_Acanthosis",
        "15_LDL-C"
      ]
    },
    "Gamma": {
      "house": "Gamma",
      "total_fields": 4,
      "dataset_count": 2,
      "datasets": [
        "diabetes_mexican5008784.zip",
        "semaglutidde_dulaglutidde_type27857437.zip"
      ],
      "category_counts": {
        "demographic_time": 1,
        "other": 1,
        "anthropometric": 1,
        "clinical_risk": 1
      },
      "sample_fields": [
        "Month",
        "Minimum unit pricing",
        "10_BMI_percentile",
        "11_Type_of_DM"
      ]
    },
    "Plit": {
      "house": "Plit",
      "total_fields": 4,
      "dataset_count": 3,
      "datasets": [
        "diabetes_mexican5008784.zip",
        "posturalstabilitytype2ddiabetes_15210188.zip",
        "semaglutidde_dulaglutidde_type27857437.zip"
      ],
      "category_counts": {
        "other": 2,
        "postural_motor": 1,
        "glycemic": 1
      },
      "sample_fields": [
        "IUM_1",
        "Route of administration",
        "Sway_Velocity",
        "17_FCP"
      ]
    },
    "Axé": {
      "house": "Axé",
      "total_fields": 5,
      "dataset_count": 3,
      "datasets": [
        "diabetes_mexican5008784.zip",
        "posturalstabilitytype2ddiabetes_15210188.zip",
        "semaglutidde_dulaglutidde_type27857437.zip"
      ],
      "category_counts": {
        "demographic_time": 1,
        "treatment": 1,
        "other": 1,
        "postural_motor": 1,
        "glycemic": 1
      },
      "sample_fields": [
        "Year",
        "Commercial drug presentation",
        "Active substance",
        "Mean_Sway_Velocity",
        "5_Insulin_use"
      ]
    },
    "Epsilon": {
      "house": "Epsilon",
      "total_fields": 0,
      "dataset_count": 0,
      "datasets": [],
      "category_counts": {},
      "sample_fields": []
    },
    "Isfet": {
      "house": "Isfet",
      "total_fields": 4,
      "dataset_count": 3,
      "datasets": [
        "diabetes_mexican5008784.zip",
        "posturalstabilitytype2ddiabetes_15210188.zip",
        "semaglutidde_dulaglutidde_type27857437.zip"
      ],
      "category_counts": {
        "clinical_risk": 1,
        "demographic_time": 1,
        "lipid_profile": 1,
        "other": 1
      },
      "sample_fields": [
        "Type of operation",
        "Group",
        "12_Triglycerides",
        "18_hs-CRP"
      ]
    },
    "Rekh": {
      "house": "Rekh",
      "total_fields": 7,
      "dataset_count": 3,
      "datasets": [
        "diabetes_mexican5008784.zip",
        "posturalstabilitytype2ddiabetes_15210188.zip",
        "semaglutidde_dulaglutidde_type27857437.zip"
      ],
      "category_counts": {
        "other": 3,
        "clinical_risk": 1,
        "postural_motor": 1,
        "demographic_time": 1,
        "lipid_profile": 1
      },
      "sample_fields": [
        "Operation code",
        "Transaction Type",
        "Pharmaceutical form",
        "CUMCodATC",
        "AP_Sway",
        "1_ID",
        "14_HDL-C"
      ]
    },
    "Seshet": {
      "house": "Seshet",
      "total_fields": 3,
      "dataset_count": 2,
      "datasets": [
        "diabetes_mexican5008784.zip",
        "semaglutidde_dulaglutidde_type27857437.zip"
      ],
      "category_counts": {
        "other": 1,
        "lipid_profile": 1,
        "glycemic": 1
      },
      "sample_fields": [
        "Proceedings number",
        "13_Cholesterol",
        "16_HbA1C"
      ]
    }
  },
  "qdrant": {
    "collection": "bio_diabetes_t2_15houses_live",
    "points_upserted": 15,
    "vector_size": 11
  }
}
