{
  "timestamp_utc": "2026-02-18T06:35:12.528771+00:00",
  "safety_note": "Computational research simulation only; no biological protocol.",
  "params": {
    "months": 12,
    "runs": 60,
    "seed": 20260218
  },
  "hiv_extensions": [
    {
      "scenario": "latency_focus",
      "control_knobs": {
        "cytokine_feedback": 1.0,
        "pyroptosis_rate": 0.15,
        "latency_reservoir": 0.12,
        "adp_efficiency": 0.72,
        "macrophage_infection": 0.12,
        "rebound_risk_month12": 0.28
      },
      "months": 12,
      "runs": 60,
      "aggregate_monthly": [
        {
          "month": 1,
          "viral_mean": 0.9020569425248576,
          "host_mean": 0.9992836075190169,
          "benign_mean": 0.9880375794057155,
          "inflammatory_mean": 0.12912821785695586,
          "viral_p90": 0.914759521631384,
          "host_p10": 0.9992694509700701
        },
        {
          "month": 2,
          "viral_mean": 0.8183164143101537,
          "host_mean": 0.9985923001849386,
          "benign_mean": 0.9760147175848777,
          "inflammatory_mean": 0.1385721595059073,
          "viral_p90": 0.8301848050342708,
          "host_p10": 0.9985654654815932
        },
        {
          "month": 3,
          "viral_mean": 0.7410291212368488,
          "host_mean": 0.9979194337475303,
          "benign_mean": 0.9639172277480191,
          "inflammatory_mean": 0.15023278700915418,
          "viral_p90": 0.7526105527357729,
          "host_p10": 0.9978717356655793
        },
        {
          "month": 4,
          "viral_mean": 0.6698512098873812,
          "host_mean": 0.9972657216721175,
          "benign_mean": 0.9517596937693517,
          "inflammatory_mean": 0.15961468416677982,
          "viral_p90": 0.6857780040828629,
          "host_p10": 0.997190709008148
        },
        {
          "month": 5,
          "viral_mean": 0.6069426111451117,
          "host_mean": 0.9966286498262323,
          "benign_mean": 0.9395479361992098,
          "inflammatory_mean": 0.16808712033465675,
          "viral_p90": 0.6241734809784074,
          "host_p10": 0.9965196215161949
        },
        {
          "month": 6,
          "viral_mean": 0.5494454039057667,
          "host_mean": 0.9960059101236306,
          "benign_mean": 0.927283112564302,
          "inflammatory_mean": 0.17637869295435912,
          "viral_p90": 0.5644925706254008,
          "host_p10": 0.9958762967283923
        },
        {
          "month": 7,
          "viral_mean": 0.49656000450605464,
          "host_mean": 0.9953936067981175,
          "benign_mean": 0.9149584944709008,
          "inflammatory_mean": 0.18572157709392423,
          "viral_p90": 0.5149643191552626,
          "host_p10": 0.9952181074328316
        },
        {
          "month": 8,
          "viral_mean": 0.45015733344276465,
          "host_mean": 0.9947895075475275,
          "benign_mean": 0.9025775995487513,
          "inflammatory_mean": 0.19451483158587318,
          "viral_p90": 0.4677986591769159,
          "host_p10": 0.9945690135808744
        },
        {
          "month": 9,
          "viral_mean": 0.4081216852153077,
          "host_mean": 0.9941922493677393,
          "benign_mean": 0.8901433604652118,
          "inflammatory_mean": 0.20284985680303763,
          "viral_p90": 0.4250598508442988,
          "host_p10": 0.993929208923841
        },
        {
          "month": 10,
          "viral_mean": 0.3742301130255147,
          "host_mean": 0.9935964909373084,
          "benign_mean": 0.8776429626203839,
          "inflammatory_mean": 0.2131871632543732,
          "viral_p90": 0.3925169269825922,
          "host_p10": 0.9932857038362377
        },
        {
          "month": 11,
          "viral_mean": 0.3439751137697039,
          "host_mean": 0.9929997299366002,
          "benign_mean": 0.8650787777820047,
          "inflammatory_mean": 0.2231538809967406,
          "viral_p90": 0.3708447277076814,
          "host_p10": 0.9926323055263672
        },
        {
          "month": 12,
          "viral_mean": 0.3110725472056653,
          "host_mean": 0.9924017032698039,
          "benign_mean": 0.8524551304054544,
          "inflammatory_mean": 0.23244490258599118,
          "viral_p90": 0.3342476400571529,
          "host_p10": 0.9919816773298338
        }
      ],
      "final_summary": {
        "host_mean_m12": 0.9924017032698039,
        "benign_mean_m12": 0.8524551304054544,
        "viral_mean_m12": 0.3110725472056653,
        "inflammatory_mean_m12": 0.23244490258599118,
        "cohabitation_score_m12": 0.8843306184954625
      }
    },
    {
      "scenario": "adp_enhanced",
      "control_knobs": {
        "cytokine_feedback": 1.0,
        "pyroptosis_rate": 0.15,
        "latency_reservoir": 0.08,
        "adp_efficiency": 0.88,
        "macrophage_infection": 0.09,
        "rebound_risk_month12": 0.22
      },
      "months": 12,
      "runs": 60,
      "aggregate_monthly": [
        {
          "month": 1,
          "viral_mean": 0.8627611162646329,
          "host_mean": 0.9993224866665912,
          "benign_mean": 0.9898717420083936,
          "inflammatory_mean": 0.1286174985011511,
          "viral_p90": 0.8744335023262426,
          "host_p10": 0.9993069222207381
        },
        {
          "month": 2,
          "viral_mean": 0.7440517048455281,
          "host_mean": 0.9986871933022222,
          "benign_mean": 0.9796918220972428,
          "inflammatory_mean": 0.13784284127690954,
          "viral_p90": 0.7629687233768115,
          "host_p10": 0.9986504323016604
        },
        {
          "month": 3,
          "viral_mean": 0.642111136187298,
          "host_mean": 0.9980869324932382,
          "benign_mean": 0.9694632559745936,
          "inflammatory_mean": 0.14652966475879825,
          "viral_p90": 0.6579768254408497,
          "host_p10": 0.9980269694040983
        },
        {
          "month": 4,
          "viral_mean": 0.554733758402253,
          "host_mean": 0.9975145952643921,
          "benign_mean": 0.9591856283877478,
          "inflammatory_mean": 0.15529064050818095,
          "viral_p90": 0.5675420720814429,
          "host_p10": 0.9974321234573857
        },
        {
          "month": 5,
          "viral_mean": 0.4783540301441133,
          "host_mean": 0.9969640704544221,
          "benign_mean": 0.9488560263234953,
          "inflammatory_mean": 0.16457179718794776,
          "viral_p90": 0.49021403903606786,
          "host_p10": 0.9968593558121353
        },
        {
          "month": 6,
          "viral_mean": 0.4123750453058505,
          "host_mean": 0.9964291999516038,
          "benign_mean": 0.9384703696397451,
          "inflammatory_mean": 0.17458155066968545,
          "viral_p90": 0.4230541048260098,
          "host_p10": 0.9962998145852566
        },
        {
          "month": 7,
          "viral_mean": 0.3558832599701969,
          "host_mean": 0.9959065930156666,
          "benign_mean": 0.9280327292407148,
          "inflammatory_mean": 0.18386435696968037,
          "viral_p90": 0.36559995940927836,
          "host_p10": 0.9957477117902734
        },
        {
          "month": 8,
          "viral_mean": 0.30639841093495845,
          "host_mean": 0.9953913839929224,
          "benign_mean": 0.9175378469914803,
          "inflammatory_mean": 0.19408611593472527,
          "viral_p90": 0.3175234042967849,
          "host_p10": 0.9951924532784824
        },
        {
          "month": 9,
          "viral_mean": 0.26442674097529995,
          "host_mean": 0.9948821171475629,
          "benign_mean": 0.9069932499575607,
          "inflammatory_mean": 0.20296375605708816,
          "viral_p90": 0.2730579415807122,
          "host_p10": 0.9946663067966046
        },
        {
          "month": 10,
          "viral_mean": 0.22866972931969168,
          "host_mean": 0.9943745631244146,
          "benign_mean": 0.8963931840407081,
          "inflammatory_mean": 0.21286891372366146,
          "viral_p90": 0.23648900524557936,
          "host_p10": 0.9941316447155799
        },
        {
          "month": 11,
          "viral_mean": 0.2003337507793627,
          "host_mean": 0.9938664710548284,
          "benign_mean": 0.885740295298393,
          "inflammatory_mean": 0.2223015611276913,
          "viral_p90": 0.21899652729445998,
          "host_p10": 0.993592448760714
        },
        {
          "month": 12,
          "viral_mean": 0.17506971556368325,
          "host_mean": 0.9933536832393542,
          "benign_mean": 0.8750298226298746,
          "inflammatory_mean": 0.23258440509257636,
          "viral_p90": 0.1907440726208696,
          "host_p10": 0.993001633437007
        }
      ],
      "final_summary": {
        "host_mean_m12": 0.9933536832393542,
        "benign_mean_m12": 0.8750298226298746,
        "viral_mean_m12": 0.17506971556368325,
        "inflammatory_mean_m12": 0.23258440509257636,
        "cohabitation_score_m12": 0.9079971162801472
      }
    },
    {
      "scenario": "pyroptosis_inhibited",
      "control_knobs": {
        "cytokine_feedback": 1.12,
        "pyroptosis_rate": 0.07,
        "latency_reservoir": 0.08,
        "adp_efficiency": 0.78,
        "macrophage_infection": 0.12,
        "rebound_risk_month12": 0.22
      },
      "months": 12,
      "runs": 60,
      "aggregate_monthly": [
        {
          "month": 1,
          "viral_mean": 0.8861523696361239,
          "host_mean": 0.999305446328409,
          "benign_mean": 0.9886524729634936,
          "inflammatory_mean": 0.12025033385351347,
          "viral_p90": 0.8996962791803863,
          "host_p10": 0.9992930152729285
        },
        {
          "month": 2,
          "viral_mean": 0.7848696727012826,
          "host_mean": 0.9986585373121495,
          "benign_mean": 0.9773012438400476,
          "inflammatory_mean": 0.12085723335181132,
          "viral_p90": 0.7970890097939224,
          "host_p10": 0.9986274768265024
        },
        {
          "month": 3,
          "viral_mean": 0.6971610103448733,
          "host_mean": 0.9980513475178959,
          "benign_mean": 0.9659409373983867,
          "inflammatory_mean": 0.12234531830506117,
          "viral_p90": 0.7131113373181108,
          "host_p10": 0.9979973473877295
        },
        {
          "month": 4,
          "viral_mean": 0.6212856024193234,
          "host_mean": 0.9974785168676612,
          "benign_mean": 0.9545727731967941,
          "inflammatory_mean": 0.12363347567090634,
          "viral_p90": 0.6366677388253417,
          "host_p10": 0.9973932306067078
        },
        {
          "month": 5,
          "viral_mean": 0.5532086368558694,
          "host_mean": 0.996936510596491,
          "benign_mean": 0.943197546093404,
          "inflammatory_mean": 0.12479132842460412,
          "viral_p90": 0.5685983818385556,
          "host_p10": 0.9968067914230179
        },
        {
          "month": 6,
          "viral_mean": 0.49254719138414665,
          "host_mean": 0.9964222747840227,
          "benign_mean": 0.9318171834186016,
          "inflammatory_mean": 0.12563322537744714,
          "viral_p90": 0.5083314031116372,
          "host_p10": 0.9962596660940276
        },
        {
          "month": 7,
          "viral_mean": 0.4375530449252982,
          "host_mean": 0.9959337001691231,
          "benign_mean": 0.92043401477151,
          "inflammatory_mean": 0.1260932208346909,
          "viral_p90": 0.4519874032217339,
          "host_p10": 0.9957428161020422
        },
        {
          "month": 8,
          "viral_mean": 0.38990221128470054,
          "host_mean": 0.9954641044727304,
          "benign_mean": 0.909036002225664,
          "inflammatory_mean": 0.12852664685998683,
          "viral_p90": 0.4042164745903762,
          "host_p10": 0.9952569512462914
        },
        {
          "month": 9,
          "viral_mean": 0.3471200504589365,
          "host_mean": 0.9950149776532857,
          "benign_mean": 0.897637735918871,
          "inflammatory_mean": 0.1285682470152638,
          "viral_p90": 0.3617149012702453,
          "host_p10": 0.994794537754097
        },
        {
          "month": 10,
          "viral_mean": 0.308787643940035,
          "host_mean": 0.9945835946366065,
          "benign_mean": 0.8862369695561918,
          "inflammatory_mean": 0.12897809224249057,
          "viral_p90": 0.3220717948194629,
          "host_p10": 0.9943091197604689
        },
        {
          "month": 11,
          "viral_mean": 0.27442996166310907,
          "host_mean": 0.9941674438642361,
          "benign_mean": 0.8748306484014029,
          "inflammatory_mean": 0.12988871389982387,
          "viral_p90": 0.28879622637114777,
          "host_p10": 0.9938464124607332
        },
        {
          "month": 12,
          "viral_mean": 0.2457978919826994,
          "host_mean": 0.9937652366923752,
          "benign_mean": 0.8634235010610902,
          "inflammatory_mean": 0.13002415414960108,
          "viral_p90": 0.26063718648870854,
          "host_p10": 0.9933817359741688
        }
      ],
      "final_summary": {
        "host_mean_m12": 0.9937652366923752,
        "benign_mean_m12": 0.8634235010610902,
        "viral_mean_m12": 0.2457978919826994,
        "inflammatory_mean_m12": 0.13002415414960108,
        "cohabitation_score_m12": 0.9066421794732451
      }
    },
    {
      "scenario": "mixed_latency_adp",
      "control_knobs": {
        "cytokine_feedback": 1.0,
        "pyroptosis_rate": 0.15,
        "latency_reservoir": 0.1,
        "adp_efficiency": 0.84,
        "macrophage_infection": 0.12,
        "rebound_risk_month12": 0.2
      },
      "months": 12,
      "runs": 60,
      "aggregate_monthly": [
        {
          "month": 1,
          "viral_mean": 0.8729591149745423,
          "host_mean": 0.9992943410478805,
          "benign_mean": 0.9891473351586224,
          "inflammatory_mean": 0.1311491105823449,
          "viral_p90": 0.8866865692771013,
          "host_p10": 0.9992796661862937
        },
        {
          "month": 2,
          "viral_mean": 0.7623243284204427,
          "host_mean": 0.9986264558791782,
          "benign_mean": 0.9782390957535283,
          "inflammatory_mean": 0.14073093191278263,
          "viral_p90": 0.7793639637606916,
          "host_p10": 0.998598308469231
        },
        {
          "month": 3,
          "viral_mean": 0.6649831095624545,
          "host_mean": 0.9979912323112142,
          "benign_mean": 0.9672798809302974,
          "inflammatory_mean": 0.14951979710877358,
          "viral_p90": 0.680160173837468,
          "host_p10": 0.9979465013180827
        },
        {
          "month": 4,
          "viral_mean": 0.5814308971040867,
          "host_mean": 0.9973805218893156,
          "benign_mean": 0.9562641454118759,
          "inflammatory_mean": 0.1592647445554185,
          "viral_p90": 0.5970250762872746,
          "host_p10": 0.9973151524689777
        },
        {
          "month": 5,
          "viral_mean": 0.508930020479786,
          "host_mean": 0.9967907854578321,
          "benign_mean": 0.9451982890833829,
          "inflammatory_mean": 0.16790626353328003,
          "viral_p90": 0.5221153449129374,
          "host_p10": 0.9966898259943537
        },
        {
          "month": 6,
          "viral_mean": 0.44422765398656433,
          "host_mean": 0.9962180949998716,
          "benign_mean": 0.9340816422912129,
          "inflammatory_mean": 0.17666324002930642,
          "viral_p90": 0.45655627445187763,
          "host_p10": 0.996084948307963
        },
        {
          "month": 7,
          "viral_mean": 0.3875526960722453,
          "host_mean": 0.995659248219212,
          "benign_mean": 0.9229165644024877,
          "inflammatory_mean": 0.185013429090557,
          "viral_p90": 0.3994293968265282,
          "host_p10": 0.9954970223876488
        },
        {
          "month": 8,
          "viral_mean": 0.3382249814020511,
          "host_mean": 0.9951068011652411,
          "benign_mean": 0.9116888552994828,
          "inflammatory_mean": 0.19581191431118647,
          "viral_p90": 0.35006401661026554,
          "host_p10": 0.9949016251153973
        },
        {
          "month": 9,
          "viral_mean": 0.29542827497387214,
          "host_mean": 0.9945611868761484,
          "benign_mean": 0.9004114486999759,
          "inflammatory_mean": 0.20438044819084564,
          "viral_p90": 0.30645303125986834,
          "host_p10": 0.9943055697931928
        },
        {
          "month": 10,
          "viral_mean": 0.25852725791082437,
          "host_mean": 0.9940172381311738,
          "benign_mean": 0.889074979851061,
          "inflammatory_mean": 0.21456359464050784,
          "viral_p90": 0.26968236259000133,
          "host_p10": 0.9937237611456531
        },
        {
          "month": 11,
          "viral_mean": 0.22753840751791912,
          "host_mean": 0.9934725469840766,
          "benign_mean": 0.8776806526596371,
          "inflammatory_mean": 0.22453917093515025,
          "viral_p90": 0.2406058094468052,
          "host_p10": 0.9931524399557702
        },
        {
          "month": 12,
          "viral_mean": 0.19963062773883158,
          "host_mean": 0.9929277407088379,
          "benign_mean": 0.866237219317077,
          "inflammatory_mean": 0.2330057487172679,
          "viral_p90": 0.2098959994635557,
          "host_p10": 0.992574442662531
        }
      ],
      "final_summary": {
        "host_mean_m12": 0.9929277407088379,
        "benign_mean_m12": 0.866237219317077,
        "viral_mean_m12": 0.19963062773883158,
        "inflammatory_mean_m12": 0.2330057487172679,
        "cohabitation_score_m12": 0.9021023192978687
      }
    }
  ],
  "sle_initial": {
    "scenario": "sle_initial",
    "months": 12,
    "runs": 60,
    "aggregate_monthly": [
      {
        "month": 1,
        "host_mean": 0.998997582880224,
        "benign_mean": 0.9995217168067865,
        "auto_bad_mean": 0.32997434323428815,
        "auto_good_mean": 0.5159936763639495,
        "treg_mean": 0.25957600945323267
      },
      {
        "month": 2,
        "host_mean": 0.9979741819221459,
        "benign_mean": 0.9990384977317828,
        "auto_bad_mean": 0.24143786356421718,
        "auto_good_mean": 0.4844094496167709,
        "treg_mean": 0.26841810656523984
      },
      {
        "month": 3,
        "host_mean": 0.9969307767918782,
        "benign_mean": 0.9985504830422656,
        "auto_bad_mean": 0.17622806982863634,
        "auto_good_mean": 0.45509428683258574,
        "treg_mean": 0.278312361148654
      },
      {
        "month": 4,
        "host_mean": 0.9958660715984394,
        "benign_mean": 0.998056824091543,
        "auto_bad_mean": 0.1283300257685055,
        "auto_good_mean": 0.42785674317839406,
        "treg_mean": 0.2878295911111683
      },
      {
        "month": 5,
        "host_mean": 0.9947832382747567,
        "benign_mean": 0.997558586305885,
        "auto_bad_mean": 0.09323920592836914,
        "auto_good_mean": 0.4025254695903792,
        "treg_mean": 0.2970312177841766
      },
      {
        "month": 6,
        "host_mean": 0.9936798577324033,
        "benign_mean": 0.9970545662275868,
        "auto_bad_mean": 0.06756175636214201,
        "auto_good_mean": 0.37900163227598405,
        "treg_mean": 0.3079329367976234
      },
      {
        "month": 7,
        "host_mean": 0.9925575331762787,
        "benign_mean": 0.9965452207959368,
        "auto_bad_mean": 0.04882674889790584,
        "auto_good_mean": 0.3571366849535318,
        "treg_mean": 0.31861848245459967
      },
      {
        "month": 8,
        "host_mean": 0.9914156346314701,
        "benign_mean": 0.9960300505466555,
        "auto_bad_mean": 0.03519707594260922,
        "auto_good_mean": 0.33679123705069147,
        "treg_mean": 0.32892087464309605
      },
      {
        "month": 9,
        "host_mean": 0.9902560259950044,
        "benign_mean": 0.995509663212011,
        "auto_bad_mean": 0.02530660307986758,
        "auto_good_mean": 0.3178502236240529,
        "treg_mean": 0.3393110604077757
      },
      {
        "month": 10,
        "host_mean": 0.9890783007807843,
        "benign_mean": 0.9949836605060142,
        "auto_bad_mean": 0.01815585997056366,
        "auto_good_mean": 0.30017022584186803,
        "treg_mean": 0.348081867686694
      },
      {
        "month": 11,
        "host_mean": 0.9878838725318873,
        "benign_mean": 0.994452531983338,
        "auto_bad_mean": 0.012992424024937811,
        "auto_good_mean": 0.28369046588998653,
        "treg_mean": 0.358366518048882
      },
      {
        "month": 12,
        "host_mean": 0.9866708230168255,
        "benign_mean": 0.9939152642565969,
        "auto_bad_mean": 0.009277964810674515,
        "auto_good_mean": 0.2682825275484075,
        "treg_mean": 0.36675986069613536
      }
    ],
    "final_summary": {
      "host_mean_m12": 0.9866708230168255,
      "benign_mean_m12": 0.9939152642565969,
      "auto_bad_mean_m12": 0.009277964810674515,
      "auto_good_mean_m12": 0.2682825275484075,
      "treg_mean_m12": 0.36675986069613536,
      "cohabitation_score_m12": 0.9273010795291994
    }
  }
}
