{
  "timestamp_utc": "2026-02-18T18:08:28.789397+00:00",
  "collection": "bio_hiv_gwas_ccr5_15houses_live",
  "qdrant_url": "http://127.0.0.1:6333",
  "vector_size": 13,
  "sources": [
    "/home/fahbrain/Downloads/gwas-association-downloaded_2026-02-18-EFO_0006319.tsv",
    "/home/fahbrain/Downloads/gwas-association-downloaded_2026-02-18-accessionId_GCST90101057.tsv",
    "/home/fahbrain/Downloads/variation_ccr5333.json"
  ],
  "points_upserted": 17,
  "gwas_rows": 16,
  "ccr5_anchor_points": 1,
  "house_counts": {
    "Aleph": 3,
    "Epsilon": 2,
    "Gamma": 2,
    "Isfet": 3,
    "Lambda": 1,
    "Ma'at": 1,
    "Omega": 2,
    "Phi": 1,
    "Rekh": 1,
    "Sigma": 1
  },
  "source_counts": {
    "/home/fahbrain/Downloads/gwas-association-downloaded_2026-02-18-EFO_0006319.tsv": 8,
    "/home/fahbrain/Downloads/gwas-association-downloaded_2026-02-18-accessionId_GCST90101057.tsv": 8,
    "/home/fahbrain/Downloads/variation_ccr5333.json": 1
  },
  "best_pvalue_hit": {
    "snp": null,
    "mapped_gene": null,
    "trait": null,
    "p_value": null,
    "study_accession": null
  },
  "ccr5_summary": {
    "refsnp_id": null,
    "variant_type": null,
    "delta32_detected_grch38": false,
    "grch38_found": false
  },
  "dm2_exclusion_note": {
    "path": "/home/fahbrain/Downloads/dm2_4502028.zip",
    "exists": true,
    "excluded_from_bio_pipeline": true,
    "reason": "Identified as Dark Matter Daily Modulation (DM²) experimental data."
  }
}
