{
  "timestamp_utc": "2026-02-18T07:07:07.432306+00:00",
  "safety_note": "Computational simulation only; no biological protocol.",
  "params": {
    "months": 12,
    "runs": 72,
    "seed": 20260218,
    "host_margin": 0.01,
    "inflam_margin": 0.35,
    "wrapper_margin": 0.08
  },
  "profile_source": "/home/fahbrain/projects/omnimind/data/runtime/phagocytosis_house_threshold_profile.json",
  "profile_metadata": {
    "source_sweep_report": "/home/fahbrain/projects/omnimind/reports_runtime/phagocytosis_threshold_house_sweep_20260218T065251Z.json",
    "source_profile": "strict_transcriptor_x2",
    "global_failure_rate_source": 0.8611111111111112
  },
  "houses": [
    "Phi",
    "Ma'at",
    "Aleph",
    "Zeta",
    "Lambda",
    "Psi",
    "Sigma",
    "Omega",
    "Gamma",
    "Plit",
    "Axé",
    "Epsilon",
    "Isfet",
    "Rekh",
    "Seshet"
  ],
  "results": [
    {
      "scenario": "baseline_autoimmune",
      "runs": 72,
      "months": 12,
      "mean_final": {
        "host_m12": 0.9813520631867668,
        "benign_m12": 0.9903336950254862,
        "auto_bad_m12": 0.09898907029387939,
        "auto_good_m12": 0.28252953018906124,
        "ifn_alpha_m12": 0.5556522498876079,
        "baff_m12": 0.4621427040292619,
        "treg_m12": 0.32840893892898004,
        "inflammation_m12": 0.7102061111498448,
        "wrapper_eff_m12": 0.0004094292778466124,
        "inert_fraction_m12": 0.23264321240478983,
        "failure_rate": 0.49074074074074076,
        "functional_care_score": 0.7156963419328998
      },
      "monthly_mean": [
        {
          "month": 1,
          "host_mean": 0.9986388637263284,
          "auto_bad_mean": 0.5040687911440388,
          "treg_mean": 0.22854103887092264,
          "inflammation_mean": 0.28765393182305354,
          "wrapper_eff_mean": 0.00011027648355727032
        },
        {
          "month": 2,
          "host_mean": 0.9972497080155361,
          "auto_bad_mean": 0.43736160480051034,
          "treg_mean": 0.24080282419836724,
          "inflammation_mean": 0.33206245124015465,
          "wrapper_eff_mean": 0.00010890674444179069
        },
        {
          "month": 3,
          "host_mean": 0.9958306654464185,
          "auto_bad_mean": 0.3790184002563318,
          "treg_mean": 0.2499522029056724,
          "inflammation_mean": 0.3754473209203958,
          "wrapper_eff_mean": 0.00012186133561069447
        },
        {
          "month": 4,
          "host_mean": 0.9943769518319975,
          "auto_bad_mean": 0.3280695522192438,
          "treg_mean": 0.258753082428283,
          "inflammation_mean": 0.41811130752631515,
          "wrapper_eff_mean": 0.0002510214539431264
        },
        {
          "month": 5,
          "host_mean": 0.9928880611930867,
          "auto_bad_mean": 0.2836177347143844,
          "treg_mean": 0.2680198559218536,
          "inflammation_mean": 0.4579320713451948,
          "wrapper_eff_mean": 0.00023877312026471367
        },
        {
          "month": 6,
          "host_mean": 0.9913604116456967,
          "auto_bad_mean": 0.2448704043099646,
          "treg_mean": 0.2777608885726384,
          "inflammation_mean": 0.49685369503017346,
          "wrapper_eff_mean": 0.00015671742309122342
        },
        {
          "month": 7,
          "host_mean": 0.9897958907725678,
          "auto_bad_mean": 0.21116003539065875,
          "treg_mean": 0.28681259172623036,
          "inflammation_mean": 0.5343225032037009,
          "wrapper_eff_mean": 0.00019238258118481756
        },
        {
          "month": 8,
          "host_mean": 0.9881922219330344,
          "auto_bad_mean": 0.1818562548074463,
          "treg_mean": 0.2963770192142962,
          "inflammation_mean": 0.5710146382370178,
          "wrapper_eff_mean": 0.0002935766457700786
        },
        {
          "month": 9,
          "host_mean": 0.9865469483045285,
          "auto_bad_mean": 0.1564458832475991,
          "treg_mean": 0.30458796005108474,
          "inflammation_mean": 0.606370901545552,
          "wrapper_eff_mean": 0.0003960361130570137
        },
        {
          "month": 10,
          "host_mean": 0.9848582394317262,
          "auto_bad_mean": 0.13445429710720902,
          "treg_mean": 0.3118871892291209,
          "inflammation_mean": 0.6416442327975731,
          "wrapper_eff_mean": 0.00038284925978987824
        },
        {
          "month": 11,
          "host_mean": 0.9831263516682592,
          "auto_bad_mean": 0.11543541514080422,
          "treg_mean": 0.3196172623483219,
          "inflammation_mean": 0.6766038892225202,
          "wrapper_eff_mean": 0.00022804326410716145
        },
        {
          "month": 12,
          "host_mean": 0.9813520631867668,
          "auto_bad_mean": 0.09898907029387939,
          "treg_mean": 0.32840893892898004,
          "inflammation_mean": 0.7102061111498448,
          "wrapper_eff_mean": 0.0004094292778466124
        }
      ],
      "fail_count_by_house": {
        "Phi": 35,
        "Ma'at": 31,
        "Aleph": 32,
        "Zeta": 28,
        "Lambda": 29,
        "Psi": 30,
        "Sigma": 26,
        "Omega": 28,
        "Gamma": 25,
        "Plit": 26,
        "Axé": 27,
        "Epsilon": 24,
        "Isfet": 28,
        "Rekh": 27,
        "Seshet": 28
      },
      "fail_rate_by_house": {
        "Phi": 0.04050925925925926,
        "Ma'at": 0.03587962962962963,
        "Aleph": 0.037037037037037035,
        "Zeta": 0.032407407407407406,
        "Lambda": 0.03356481481481482,
        "Psi": 0.034722222222222224,
        "Sigma": 0.03009259259259259,
        "Omega": 0.032407407407407406,
        "Gamma": 0.028935185185185185,
        "Plit": 0.03009259259259259,
        "Axé": 0.03125,
        "Epsilon": 0.027777777777777776,
        "Isfet": 0.032407407407407406,
        "Rekh": 0.03125,
        "Seshet": 0.032407407407407406
      }
    },
    {
      "scenario": "treg_balanced",
      "runs": 72,
      "months": 12,
      "mean_final": {
        "host_m12": 0.9830924350521204,
        "benign_m12": 0.9912974576214407,
        "auto_bad_m12": 0.07951968522203684,
        "auto_good_m12": 0.3152823612956588,
        "ifn_alpha_m12": 0.4701877850431732,
        "baff_m12": 0.38283984630986856,
        "treg_m12": 0.4499919777538921,
        "inflammation_m12": 0.5819145370358592,
        "wrapper_eff_m12": 0.0006976657231699855,
        "inert_fraction_m12": 0.2740953193233358,
        "failure_rate": 0.39351851851851855,
        "functional_care_score": 0.7528845293876146
      },
      "monthly_mean": [
        {
          "month": 1,
          "host_mean": 0.9986543429632376,
          "auto_bad_mean": 0.500038918479978,
          "treg_mean": 0.24036905201320768,
          "inflammation_mean": 0.28631105014679264,
          "wrapper_eff_mean": 9.83106674972413e-05
        },
        {
          "month": 2,
          "host_mean": 0.9972979508820273,
          "auto_bad_mean": 0.42976602857154234,
          "treg_mean": 0.2595288896128181,
          "inflammation_mean": 0.3279389497948516,
          "wrapper_eff_mean": 0.00020687777519834646
        },
        {
          "month": 3,
          "host_mean": 0.9959312226466013,
          "auto_bad_mean": 0.3682098463126472,
          "treg_mean": 0.27888265975589543,
          "inflammation_mean": 0.3643189247616519,
          "wrapper_eff_mean": 0.00032713531124622556
        },
        {
          "month": 4,
          "host_mean": 0.9945530670277475,
          "auto_bad_mean": 0.31443356135794504,
          "treg_mean": 0.299124046792837,
          "inflammation_mean": 0.39908054228749645,
          "wrapper_eff_mean": 0.000378332533787208
        },
        {
          "month": 5,
          "host_mean": 0.9931616391616199,
          "auto_bad_mean": 0.2677024854040518,
          "treg_mean": 0.3176911170195629,
          "inflammation_mean": 0.43057429834403466,
          "wrapper_eff_mean": 0.0002373519435944152
        },
        {
          "month": 6,
          "host_mean": 0.9917568135441994,
          "auto_bad_mean": 0.2271769672726963,
          "treg_mean": 0.33756252342819615,
          "inflammation_mean": 0.46066162016149176,
          "wrapper_eff_mean": 0.00033190858959688293
        },
        {
          "month": 7,
          "host_mean": 0.9903417745007784,
          "auto_bad_mean": 0.1921511645337323,
          "treg_mean": 0.35763627367293893,
          "inflammation_mean": 0.4862819536274081,
          "wrapper_eff_mean": 0.000583993282073371
        },
        {
          "month": 8,
          "host_mean": 0.9889138873804778,
          "auto_bad_mean": 0.162059104189861,
          "treg_mean": 0.3752146879301005,
          "inflammation_mean": 0.5107118727234952,
          "wrapper_eff_mean": 0.00037677107729318967
        },
        {
          "month": 9,
          "host_mean": 0.9874740800124232,
          "auto_bad_mean": 0.13627996714502194,
          "treg_mean": 0.3929495908415896,
          "inflammation_mean": 0.5324162641250739,
          "wrapper_eff_mean": 0.0006213007479423552
        },
        {
          "month": 10,
          "host_mean": 0.9860240288949937,
          "auto_bad_mean": 0.11423429380652202,
          "treg_mean": 0.4124277731083748,
          "inflammation_mean": 0.5508698202374319,
          "wrapper_eff_mean": 0.0006056121773295233
        },
        {
          "month": 11,
          "host_mean": 0.9845616622229914,
          "auto_bad_mean": 0.0954576282387755,
          "treg_mean": 0.43128495703932573,
          "inflammation_mean": 0.5683264258783068,
          "wrapper_eff_mean": 0.0005374945582043515
        },
        {
          "month": 12,
          "host_mean": 0.9830924350521204,
          "auto_bad_mean": 0.07951968522203684,
          "treg_mean": 0.4499919777538921,
          "inflammation_mean": 0.5819145370358592,
          "wrapper_eff_mean": 0.0006976657231699855
        }
      ],
      "fail_count_by_house": {
        "Phi": 22,
        "Ma'at": 22,
        "Aleph": 23,
        "Zeta": 20,
        "Lambda": 22,
        "Psi": 21,
        "Sigma": 21,
        "Omega": 23,
        "Gamma": 22,
        "Plit": 24,
        "Axé": 25,
        "Epsilon": 24,
        "Isfet": 23,
        "Rekh": 23,
        "Seshet": 25
      },
      "fail_rate_by_house": {
        "Phi": 0.02546296296296296,
        "Ma'at": 0.02546296296296296,
        "Aleph": 0.02662037037037037,
        "Zeta": 0.023148148148148147,
        "Lambda": 0.02546296296296296,
        "Psi": 0.024305555555555556,
        "Sigma": 0.024305555555555556,
        "Omega": 0.02662037037037037,
        "Gamma": 0.02546296296296296,
        "Plit": 0.027777777777777776,
        "Axé": 0.028935185185185185,
        "Epsilon": 0.027777777777777776,
        "Isfet": 0.02662037037037037,
        "Rekh": 0.02662037037037037,
        "Seshet": 0.028935185185185185
      }
    },
    {
      "scenario": "wrapper_tolerance",
      "runs": 72,
      "months": 12,
      "mean_final": {
        "host_m12": 0.9878455175002069,
        "benign_m12": 0.9938846747024145,
        "auto_bad_m12": 0.021856127115625547,
        "auto_good_m12": 0.35073095143556565,
        "ifn_alpha_m12": 0.25145310309316116,
        "baff_m12": 0.2115138466454634,
        "treg_m12": 0.5157101520049631,
        "inflammation_m12": 0.19500492889556126,
        "wrapper_eff_m12": 0.5005113747133338,
        "inert_fraction_m12": 0.7087248771162327,
        "failure_rate": 0.724537037037037,
        "functional_care_score": 0.7793387543447664
      },
      "monthly_mean": [
        {
          "month": 1,
          "host_mean": 0.9987077624307449,
          "auto_bad_mean": 0.46647066927894054,
          "treg_mean": 0.24361431258989683,
          "inflammation_mean": 0.27503392217977624,
          "wrapper_eff_mean": 0.1654256671271445
        },
        {
          "month": 2,
          "host_mean": 0.9974556967926657,
          "auto_bad_mean": 0.37157565535699716,
          "treg_mean": 0.2680319284422633,
          "inflammation_mean": 0.3017306882811584,
          "wrapper_eff_mean": 0.19385397582448843
        },
        {
          "month": 3,
          "host_mean": 0.9962442116923994,
          "auto_bad_mean": 0.2930742491081573,
          "treg_mean": 0.2933690750609209,
          "inflammation_mean": 0.32224082853716274,
          "wrapper_eff_mean": 0.22144010173598436
        },
        {
          "month": 4,
          "host_mean": 0.9950767847810419,
          "auto_bad_mean": 0.2288065101794107,
          "treg_mean": 0.3190946394432282,
          "inflammation_mean": 0.3340696734135089,
          "wrapper_eff_mean": 0.25042477115783107
        },
        {
          "month": 5,
          "host_mean": 0.9939547029428505,
          "auto_bad_mean": 0.17692676438308869,
          "treg_mean": 0.3427441018825926,
          "inflammation_mean": 0.34037295640130366,
          "wrapper_eff_mean": 0.2781830881044232
        },
        {
          "month": 6,
          "host_mean": 0.9928827197973382,
          "auto_bad_mean": 0.13546472946036076,
          "treg_mean": 0.3662783610416077,
          "inflammation_mean": 0.3385567335876276,
          "wrapper_eff_mean": 0.30831040829654643
        },
        {
          "month": 7,
          "host_mean": 0.9918669451095657,
          "auto_bad_mean": 0.10265000973898053,
          "treg_mean": 0.39111272822983256,
          "inflammation_mean": 0.330440754334401,
          "wrapper_eff_mean": 0.3383414899863608
        },
        {
          "month": 8,
          "host_mean": 0.9909137440654299,
          "auto_bad_mean": 0.07700257962915642,
          "treg_mean": 0.4144747090013787,
          "inflammation_mean": 0.31545177547054165,
          "wrapper_eff_mean": 0.3692201956273135
        },
        {
          "month": 9,
          "host_mean": 0.990026091638192,
          "auto_bad_mean": 0.05717466978753419,
          "treg_mean": 0.43764538103434963,
          "inflammation_mean": 0.29523612148201117,
          "wrapper_eff_mean": 0.4012037355264392
        },
        {
          "month": 10,
          "host_mean": 0.9892136025419083,
          "auto_bad_mean": 0.041973104683671054,
          "treg_mean": 0.46405768628402505,
          "inflammation_mean": 0.2686327218365494,
          "wrapper_eff_mean": 0.43313060549503984
        },
        {
          "month": 11,
          "host_mean": 0.9884840011442739,
          "auto_bad_mean": 0.030467454530726197,
          "treg_mean": 0.4895142210321812,
          "inflammation_mean": 0.2352536589445361,
          "wrapper_eff_mean": 0.46605617670502486
        },
        {
          "month": 12,
          "host_mean": 0.9878455175002069,
          "auto_bad_mean": 0.021856127115625547,
          "treg_mean": 0.5157101520049631,
          "inflammation_mean": 0.19500492889556126,
          "wrapper_eff_mean": 0.5005113747133338
        }
      ],
      "fail_count_by_house": {
        "Phi": 36,
        "Ma'at": 42,
        "Aleph": 37,
        "Zeta": 44,
        "Lambda": 45,
        "Psi": 45,
        "Sigma": 45,
        "Omega": 45,
        "Gamma": 44,
        "Plit": 43,
        "Axé": 42,
        "Epsilon": 42,
        "Isfet": 32,
        "Rekh": 42,
        "Seshet": 42
      },
      "fail_rate_by_house": {
        "Phi": 0.041666666666666664,
        "Ma'at": 0.04861111111111111,
        "Aleph": 0.04282407407407408,
        "Zeta": 0.05092592592592592,
        "Lambda": 0.052083333333333336,
        "Psi": 0.052083333333333336,
        "Sigma": 0.052083333333333336,
        "Omega": 0.052083333333333336,
        "Gamma": 0.05092592592592592,
        "Plit": 0.04976851851851852,
        "Axé": 0.04861111111111111,
        "Epsilon": 0.04861111111111111,
        "Isfet": 0.037037037037037035,
        "Rekh": 0.04861111111111111,
        "Seshet": 0.04861111111111111
      }
    },
    {
      "scenario": "wrapper_tolerance_baff_gate",
      "runs": 72,
      "months": 12,
      "mean_final": {
        "host_m12": 0.9888046605107863,
        "benign_m12": 0.9942867341611001,
        "auto_bad_m12": 0.017280855735921818,
        "auto_good_m12": 0.3598024061866119,
        "ifn_alpha_m12": 0.22388419264539747,
        "baff_m12": 0.13216349163681776,
        "treg_m12": 0.533356230419403,
        "inflammation_m12": 0.1327758989932122,
        "wrapper_eff_m12": 0.555382264910122,
        "inert_fraction_m12": 0.7608322866739915,
        "failure_rate": 0.6585648148148148,
        "functional_care_score": 0.7979250841353563
      },
      "monthly_mean": [
        {
          "month": 1,
          "host_mean": 0.998716780050544,
          "auto_bad_mean": 0.4616791277392738,
          "treg_mean": 0.24590842461616738,
          "inflammation_mean": 0.2731303977245684,
          "wrapper_eff_mean": 0.17116055339812367
        },
        {
          "month": 2,
          "host_mean": 0.9974839672080826,
          "auto_bad_mean": 0.3634580074105013,
          "treg_mean": 0.2718318977610288,
          "inflammation_mean": 0.29771384624892944,
          "wrapper_eff_mean": 0.2018232387976569
        },
        {
          "month": 3,
          "host_mean": 0.9963064845636843,
          "auto_bad_mean": 0.28307009433686026,
          "treg_mean": 0.2964344562791722,
          "inflammation_mean": 0.3132118190283943,
          "wrapper_eff_mean": 0.23260878503024643
        },
        {
          "month": 4,
          "host_mean": 0.9951841154933961,
          "auto_bad_mean": 0.21788424603131465,
          "treg_mean": 0.32366292271557817,
          "inflammation_mean": 0.3228143038866267,
          "wrapper_eff_mean": 0.26394107092434327
        },
        {
          "month": 5,
          "host_mean": 0.994120473743789,
          "auto_bad_mean": 0.16574139237513846,
          "treg_mean": 0.3499509490565769,
          "inflammation_mean": 0.32248923427397497,
          "wrapper_eff_mean": 0.29738918133986214
        },
        {
          "month": 6,
          "host_mean": 0.9931190413288692,
          "auto_bad_mean": 0.12464781634582753,
          "treg_mean": 0.3745197803270946,
          "inflammation_mean": 0.3169747929519183,
          "wrapper_eff_mean": 0.3310482018222119
        },
        {
          "month": 7,
          "host_mean": 0.9921825279499168,
          "auto_bad_mean": 0.09262760322812,
          "treg_mean": 0.3998821567542491,
          "inflammation_mean": 0.30519142683491646,
          "wrapper_eff_mean": 0.3664603405142595
        },
        {
          "month": 8,
          "host_mean": 0.9913218750549839,
          "auto_bad_mean": 0.06799027484873915,
          "treg_mean": 0.42595895715347537,
          "inflammation_mean": 0.28536472594219486,
          "wrapper_eff_mean": 0.40156319966886606
        },
        {
          "month": 9,
          "host_mean": 0.9905453682126135,
          "auto_bad_mean": 0.04924936824023515,
          "treg_mean": 0.45352675410309445,
          "inflammation_mean": 0.25807611718750173,
          "wrapper_eff_mean": 0.4391955176686843
        },
        {
          "month": 10,
          "host_mean": 0.9898614097051422,
          "auto_bad_mean": 0.03520471172740298,
          "treg_mean": 0.48073352369755634,
          "inflammation_mean": 0.22365408877708615,
          "wrapper_eff_mean": 0.47653816349522204
        },
        {
          "month": 11,
          "host_mean": 0.9892778002200866,
          "auto_bad_mean": 0.024833592933017422,
          "treg_mean": 0.5069588065805788,
          "inflammation_mean": 0.1817413232128594,
          "wrapper_eff_mean": 0.515408669648006
        },
        {
          "month": 12,
          "host_mean": 0.9888046605107863,
          "auto_bad_mean": 0.017280855735921818,
          "treg_mean": 0.533356230419403,
          "inflammation_mean": 0.1327758989932122,
          "wrapper_eff_mean": 0.555382264910122
        }
      ],
      "fail_count_by_house": {
        "Phi": 32,
        "Ma'at": 41,
        "Aleph": 32,
        "Zeta": 39,
        "Lambda": 39,
        "Psi": 34,
        "Sigma": 41,
        "Omega": 40,
        "Gamma": 40,
        "Plit": 41,
        "Axé": 37,
        "Epsilon": 39,
        "Isfet": 33,
        "Rekh": 39,
        "Seshet": 42
      },
      "fail_rate_by_house": {
        "Phi": 0.037037037037037035,
        "Ma'at": 0.047453703703703706,
        "Aleph": 0.037037037037037035,
        "Zeta": 0.04513888888888889,
        "Lambda": 0.04513888888888889,
        "Psi": 0.03935185185185185,
        "Sigma": 0.047453703703703706,
        "Omega": 0.046296296296296294,
        "Gamma": 0.046296296296296294,
        "Plit": 0.047453703703703706,
        "Axé": 0.04282407407407408,
        "Epsilon": 0.04513888888888889,
        "Isfet": 0.03819444444444445,
        "Rekh": 0.04513888888888889,
        "Seshet": 0.04861111111111111
      }
    }
  ],
  "best_scenario": "wrapper_tolerance_baff_gate",
  "figure_paths": [
    "/home/fahbrain/projects/omnimind/reports_runtime/figures/lupus_wrapper_tolerance_summary_20260218T070706Z.png",
    "/home/fahbrain/projects/omnimind/reports_runtime/figures/lupus_wrapper_tolerance_house_fail_heatmap_20260218T070706Z.png"
  ]
}
