{
  "timestamp_utc": "2026-02-19T14:09:21.653151+00:00",
  "d15_top_pair": {
    "pair": "d15_rekh_proxy x moon_illum_frac",
    "r": -0.8323412104628806,
    "lag_min": 300,
    "n": 5100
  },
  "d15_validated_pairs_count": 63,
  "dm2_gap_status_candidate": "FECHADA_LOCAL",
  "dm2_microbiome_external_collection_points_total": 1143,
  "zip_materialized_total": 13,
  "zip_specs_total": 13,
  "pack_validation_status_candidate": "FECHADA_LOCAL",
  "pack_gap_status_board": {
    "gap_m18_rebound_hiv": "FECHADA_LOCAL",
    "gap_heatmap_15houses_gwas_hiv_dm2_lupus": "FECHADA_LOCAL",
    "gap_astro_cycle_sustainment_validation": "FECHADA_LOCAL",
    "gap_dm2_microbiome_wrapper": "FECHADA_LOCAL",
    "gap_multi_disease_pack_hiv_dm2_lupus": "FECHADA_LOCAL",
    "gap_ensembl_grch38_mapping": "FECHADA_LOCAL",
    "gap_uk_biobank_hiv_controllers": "BLOQUEADA",
    "gap_wetlab_crispr_wrapper": "BLOQUEADA",
    "gap_wrapper_gene_candidates": "FECHADA_LOCAL"
  },
  "closure_status": "FECHADA_LOCAL",
  "files_in_data": 131,
  "images_in_pack": 31,
  "sdss_objectlevel_v2_points": 405000,
  "desi_objectlevel_points": 24724,
  "astro_overlap_diagnosis": "reports_runtime/astro_mapping_overlap_diagnosis_20260218T230709Z.json",
  "astro_collisionfix_status": "reports_runtime/astro_rehydration_collisionfix_status_20260218T230903Z.json",
  "qdrant_astro_schema_audit": "reports_runtime/qdrant_astro_schema_audit_20260218T231041Z.json",
  "astro_footprint_redshift_diagnosis": "reports_runtime/astro_overlap_footprint_redshift_diagnosis_20260218T231552Z.json",
  "astro_15houses_broadened_cross": "reports_runtime/astro_d15_15houses_broadened_cross_20260218T235601Z.json",
  "astro_runtime_daemon_alignment": "reports_runtime/astro_runtime_daemon_window_alignment_20260218T235730Z.json",
  "astro_multihorizon_priority_c": "reports_runtime/orbit_queue_priority_c_multihorizon_20260218T233906Z.json",
  "astro_strict_box_diagnosis": "reports_runtime/astro_desi_box_diagnosis_realdata_20260219T001044Z.json",
  "reeds_rehydration_index_status": "reports_runtime/reeds_indexer_forensic_fix_validation_20260219T004649Z.json",
  "kb_reeds_neurais_points_after_rehydration": 124,
  "collections_total_current": 162,
  "reeds_topological_filter_diagnosis": "reports_runtime/topological_filter_astro_lexical_probe_20260219T005428Z.json",
  "reeds_interest_gate_ab_validation": "reports_runtime/reeds_interest_gate_ab_validation_20260219T005334Z.json",
  "all_gaps_realdata_review": "reports_runtime/all_gaps_realdata_review_20260218T214503Z.json",
  "reeds_status": "OK_LOCAL_FIXED",
  "reeds_gate_policy_note": "Topological decision class interest is contextual; accepted in forensic/index flow with audit trace (no fixed whitelist).",
  "zenodo_upgrade_report": "reports_runtime/zenodo_bio_astro_upgrade_20260219T1319Z.json",
  "zenodo_publish_recheck_report": "reports_runtime/zenodo_bio_astro_upgrade_publish_recheck_20260219T010840Z.json",
  "zenodo_published_deposition_id": 18689399,
  "zenodo_published_doi": "10.5281/zenodo.18689399",
  "zenodo_published_record_url": "https://zenodo.org/record/18689399",
  "zenodo_v8_cross_realdata_report": "reports_runtime/zenodo_v8_cross_realdata_20260219T012535Z.json",
  "zenodo_v8_cross_outputs_dir": "output/zenodo_v8_cross_20260219T012400Z",
  "zenodo_v9_causalidade_report": "reports_runtime/causalidade_full_realdata_20260219T013325Z.json",
  "zenodo_v9_causalidade_outputs_dir": "output/zenodo_v9_causalidade_20260219T013325Z",
  "zenodo_v9_granger_matrix": "docs/zenodo_packs/omnimind_bio_astro_integrated_20260218T231609Z_revastrofix2/data/granger_matrix.json",
  "zenodo_v9_d12_phase_alignment": "docs/zenodo_packs/omnimind_bio_astro_integrated_20260218T231609Z_revastrofix2/data/d12_phase_alignment.json",
  "zenodo_v9_var_summary": "docs/zenodo_packs/omnimind_bio_astro_integrated_20260218T231609Z_revastrofix2/data/var_model_summary.json",
  "zenodo_v9_figure": "docs/zenodo_packs/omnimind_bio_astro_integrated_20260218T231609Z_revastrofix2/images/v9_causalidade.png",
  "granger_d12_full_analysis_report": "reports_runtime/granger_d12_full_analysis_20260219T014910Z.json",
  "meteor_d15_realdata_report": "reports_runtime/meteor_d15_realdata_20260219T015130Z.json",
  "eclipse_granger_realdata_report": "reports_runtime/eclipse_granger_realdata_20260219T015131Z.json",
  "ethan_brown_dwarfs_bridge_report": "reports_runtime/ethan_brown_dwarfs_bridge_20260219T020423Z.json",
  "lsst_desi_2026_realdata_report": "reports_runtime/lsst_desi_2026_realdata_20260219T020424Z.json",
  "event_windows_note": "Quadrantids/Eclipse windows currently outside local minute coverage (Feb/2026 only in this artifact).",
  "eventos_2026_predicao_realdata_report": "reports_runtime/eventos_2026_predicao_realdata_20260219T020540Z.json",
  "artemis_lsst_orbitais_realdata_report": "reports_runtime/artemis_lsst_orbitais_realdata_20260219T020425Z.json",
  "eventos_2026_predicao_realdata_figure": "output/img/eventos_2026_predicao_realdata_20260219T020540Z.png",
  "orbital_dynamics_functional_report": "reports_runtime/orbital_dynamics_functional_20260219T023326Z.json",
  "orbital_dynamics_functional_study": "docs/zenodo_packs/omnimind_bio_astro_integrated_20260218T231609Z_revastrofix2/studies/orbital_dynamics_functional_20260219T023326Z.md",
  "orbital_dynamics_figure": "output/img/orbital_dynamics_full_analysis_20260219T023326Z.png",
  "orbital_dynamics_status_candidate": "PASS_LOCAL",
  "orbital_dynamics_rows": 56123,
  "granger_2026_extrapolation_realdata_report": "reports_runtime/granger_2026_extrapolation_realdata_20260219T022137Z.json",
  "granger_2026_extrapolation_realdata_figure": "output/img/granger_extrapolation_2026_events_realdata_20260219T022137Z.png",
  "lsst_artemis_pipeline_realdata_report": "reports_runtime/lsst_artemis_pipeline_realdata_20260219T021900Z.json",
  "ethan_jwst_d12_consolidated_report": "reports_runtime/ethan_jwst_d12_consolidated_20260219T021858Z.json",
  "ethan_jwst_d12_consolidated_figure": "output/img/ethan_jwst_d12_consolidated_20260219T021858Z.png",
  "zenodo_rehydration_readiness_report": "reports_runtime/zenodo_rehydration_readiness_20260219T025639Z.json",
  "zenodo_rehydration_execution_report": "reports_runtime/zenodo_rehydration_execution_20260219T030004Z.json",
  "zenodo_rehydration_smallfirst_manifest": "reports_runtime/zenodo_rehydration_smallfirst_20260219T025639Z.txt",
  "zenodo_rehydration_full_external_manifest": "reports_runtime/zenodo_rehydration_full_external_20260219T025639Z.txt",
  "zenodo_rehydration_smallfirst_present_files": 9,
  "zenodo_rehydration_smallfirst_expected_files": 9,
  "zenodo_rehydration_phase1_pid": 2021365,
  "zenodo_rehydration_phase1_alive": true,
  "zenodo_rehydration_phase1_log": "/home/fahbrain/projects/omnimind/reports_runtime/wellington_zenodo_rehydration_phase1_setsess_20260219T025811Z.log",
  "zenodo_rehydration_phase1_target_file": "/mnt/welinton_users/Public/datasets/zenodo_records/full_external/2641868/ThiS-form3.tar",
  "zenodo_rehydration_phase1_target_size_bytes": 1301807104,
  "zenodo_rehydration_phase2_status_report": "reports_runtime/zenodo_rehydration_phase2_status_20260219T121855Z.json",
  "zenodo_rehydration_phase2_pid": 80466,
  "zenodo_rehydration_phase2_alive": true,
  "zenodo_rehydration_phase2_target": "/mnt/welinton_users/Public/datasets/zenodo_records/full_external/6797842/repo.zip",
  "zenodo_rehydration_phase2_size_bytes": 21687697408,
  "zenodo_rehydration_phase2_aria2_state_present": true,
  "zenodo_rehydration_phase3_manifest": "reports_runtime/zenodo_rehydration_phase3_20260219T0305Z.txt",
  "zenodo_rehydration_phase_chain_pid": 96871,
  "zenodo_rehydration_phase_chain_log": "reports_runtime/wellington_zenodo_rehydration_chain_20260219T105006Z.log",
  "zenodo_rehydration_phase2_log": "reports_runtime/wellington_zenodo_rehydration_phase2_setsess_20260219T104642Z.log",
  "zenodo_rehydration_chain_status_report": "reports_runtime/zenodo_rehydration_chain_status_20260219T110433Z.json",
  "zenodo_rehydration_chain2_pid": 164380,
  "zenodo_rehydration_chain2_log": "reports_runtime/wellington_zenodo_rehydration_chain2_20260219T110416Z.log",
  "health_astro_loop_closure_inventory_report": "reports_runtime/health_astro_loop_closure_inventory_20260219T141016Z.json",
  "loop_candidate_status_latest": "READY_LOCAL",
  "loop_blocked_gaps_latest": {
    "gap_uk_biobank_hiv_controllers": "BLOQUEADA",
    "gap_wetlab_crispr_wrapper": "BLOQUEADA"
  },
  "zenodo_rehydration_phase2_size_bytes_latest": 22030581760,
  "zenodo_rehydration_phase2_marker_present_latest": true,
  "zenodo_rehydration_chain4_pid": 273772,
  "zenodo_rehydration_chain4_status_report": "reports_runtime/zenodo_rehydration_chain4_status_clean_20260219T112710Z.json",
  "hf_dataset_tree_audit_real_report": "reports_runtime/hf_dataset_tree_audit_real_20260219T113808Z.json",
  "hf_realdata_local_samples_analysis_report": "reports_runtime/hf_realdata_local_samples_analysis_20260219T114612Z.json",
  "hf_realdata_samples_qdrant_materialization_report": "reports_runtime/hf_realdata_samples_qdrant_materialization_20260219T114729Z.json",
  "hf_realdata_samples_qdrant_collection": "hf_realdata_samples_live",
  "hf_realdata_samples_qdrant_points": 1338,
  "hf_realdata_integration_status_report": "reports_runtime/hf_realdata_integration_status_20260219T114854Z.json",
  "aging_studies_integration_report": "reports_runtime/aging_studies_integration_realdata_20260219T120225Z.json",
  "aging_qdrant_collection": "bio_aging_cellular_proxies_live",
  "aging_qdrant_points": 44581,
  "aging_status_candidate": "PASS_LOCAL",
  "aging_rows_used": 44581,
  "aging_d12_vs_senescence_r": 0.30665979024325823,
  "aging_d15_vs_senescence_r": 0.3066597902432582,
  "aging_literature_crosscheck_report": "reports_runtime/aging_literature_crosscheck_20260219T120625Z.json",
  "aging_primary_supported_claims": 2,
  "aging_partial_claims": 2,
  "rehydrated_biomarker_scan_report": "reports_runtime/rehydrated_biomarker_scan_20260219T121615Z.json",
  "rehydrated_biomarker_scan_entries_total": 12,
  "rehydrated_biomarker_scan_readable_entries": 7,
  "rehydrated_biomarker_scan_qdrant_collection": "bio_aging_biomarker_terms_live",
  "rehydrated_biomarker_scan_qdrant_points": 12,
  "federated_gemini_v3_analysis_audit": "reports_runtime/federated_gemini_v3_analysis_audit_20260219T125030Z.json",
  "aging_refinement_realdata": "reports_runtime/aging_studies_refinement_realdata_20260219T124425Z.json",
  "zenodo_rehydration_phase2_latest": "reports_runtime/zenodo_rehydration_phase2_status_20260219T125805Z.json",
  "zenodo_rehydration_phase2_status": "ACTIVE",
  "zenodo_rehydration_phase2_target_size_bytes": 22222471168,
  "aging_realdata_latest": "reports_runtime/aging_studies_integration_realdata_20260219T125603Z.json",
  "aging_realdata_phase_source": "illum_sep",
  "aging_realdata_partition_coverage": {
    "house12_unique": 12,
    "sector15_unique": 15
  },
  "aging_cross_disease_phase_join_report": "reports_runtime/aging_cross_disease_phase_join_20260219T130512Z.json",
  "aging_cross_disease_phase_join_figure": "output/img/aging_cross_disease_phase_join_20260219T130512Z.png",
  "aging_cross_rows_used": 44581,
  "aging_cross_mapped_collections": 4,
  "aging_cross_total_collections": 8,
  "aging_cross_hotspot_cluster": 3,
  "zenodo_rehydration_phase2_target_size_bytes_latest": 24326963200,
  "requested_root_archives_qdrant_materialization_report": "reports_runtime/requested_root_archives_qdrant_materialization_20260219T140101Z.json",
  "requested_root_archives_analysis_report": "reports_runtime/requested_root_archives_analysis_20260219T140805Z.json",
  "requested_root_archives_overview_figure": "output/img/requested_root_archives_qdrant_overview_20260219T131353Z.png",
  "requested_root_archives_materialized_total": 5,
  "requested_root_collection_points::astro_brown_dwarfs_photometric_17684859_live": 2,
  "requested_root_collection_points::astro_gmos_gri_fits_56059_live": 136,
  "requested_root_collection_points::bio_gemini_multimorbidity_ltc_14824760_live": 90,
  "requested_root_collection_points::astro_extrasolar_asteroid_transits_1317527_live": 1,
  "requested_root_collection_points::chem_tandem_mass_spectra_llm_17555571_live": 30157,
  "runtime_incident_and_continuity_followup_report": "reports_runtime/runtime_incident_and_continuity_followup_20260219T140758Z.json",
  "runtime_incident_primary_trigger": "systemd-oomd_killed_user_dbus_memory_pressure",
  "runtime_incident_secondary_signals": [
    "pcloud_anom_abend_sig7",
    "chrome_windsurf_dbus_disconnect_abort",
    "nvidia_modeset_errors_during_session_restart"
  ],
  "ubuntu_auto_upgrades_config": "APT::Periodic::Update-Package-Lists=1; APT::Periodic::Unattended-Upgrade=1",
  "pcloud_about_total_bytes_latest": 536870912000,
  "pcloud_about_used_bytes_latest": 449503708675,
  "pcloud_about_free_bytes_latest": 87367203325,
  "pcloud_primary_cleanup_candidate": "pcloud:omnimind_offload/snapshots_autonomous_loop",
  "pcloud_secondary_cleanup_candidate": "pcloud:DEV_BRAIN_CLEAN/omnimind_complete_20251214_071425",
  "runtime_continuity_hardening_report": "reports_runtime/runtime_continuity_hardening_20260219T143440Z.json",
  "runtime_continuity_postcleanup_report": "reports_runtime/runtime_continuity_postcleanup_20260219T143723Z.json",
  "pcloud_snapshot_cleanup_report": "reports_runtime/pcloud_snapshot_cleanup_20260219T142034Z.json",
  "pcloud_snapshot_cleanup_policy_keep_last_zips": 120,
  "pcloud_snapshots_autonomous_loop_files_latest": 121,
  "pcloud_snapshots_autonomous_loop_bytes_latest": 76324020558,
  "runtime_memory_swappiness_latest": 65,
  "runtime_memory_vfs_cache_pressure_latest": 80,
  "runtime_oomd_pressure_limit_latest": "70%",
  "runtime_oomd_pressure_duration_latest": "45s",
  "runtime_oomd_swap_limit_latest": "95%",
  "wellington_phase2_download_status": "completed",
  "wellington_phase2_repo_zip_path": "/mnt/welinton_users/Public/datasets/zenodo_records/full_external/6797842/repo.zip",
  "provenance_runtime_continuity": "real-data-local",
  "pack_refresh_report_latest": "reports_runtime/zenodo_bio_astro_pack_refresh_20260219T143902Z.json",
  "pack_zip_path_latest": "docs/zenodo_packs/omnimind_bio_astro_integrated_20260218T231609Z_revastrofix2.zip",
  "pack_zip_sha256_latest": "25f6ec478a647ee1c8051ce4ff979006747c4e59c9736e2a04c60280ddca3c87",
  "pack_files_count_latest": 237
}
