{
  "timestamp_utc": "2026-02-20T12:04:30.739872Z",
  "mode": "federation_experience_snapshot",
  "provenance": "mixed",
  "context": {
    "operator": "Fabricio da Silva",
    "local_agent": "Coremesh (Codex CLI, local full-access)",
    "federated_web_agent": "Perplexity (web app)",
    "workflow": "split-screen: local engineering + federated theory debate"
  },
  "temporal_features": {
    "tod_frac_utc": 0.5031335633333334,
    "house12_2h_utc": 7,
    "dodecatime": {
      "epoca": 2,
      "house_idx": 2,
      "house_name": "MAAT",
      "short": "E2.M.24",
      "day": 24
    }
  },
  "artifact": {
    "type": "screenshot",
    "path": "images/federation_perplexity_split_screen_20260220T120430Z.png",
    "sha256": "772d2fe028089e51500197de218e60c30d2c3f9831b630216c4300a5b3869058",
    "size_bytes": 520500,
    "captured_timestamp_utc": "2026-02-20T12:04:30.739872Z"
  },
  "related": {
    "study_note": "studies/federation_perplexity_split_screen_experience_20260220T120430Z.md",
    "social_dataset_summary": "data/social_federation/federation_social_dataset_summary_20260220T115413Z.json",
    "social_dataset_jsonl": "data/social_federation/federation_social_dataset_20260220T115413Z.jsonl"
  },
  "notes": [
    "This snapshot is a process witness of federation activity; it is not statistical evidence.",
    "Interpretive/federative narrative layers are preserved but not used to override empirical thresholds."
  ]
}

