{
  "timestamp_utc": "2026-02-20T12:42:44.361380Z",
  "provenance": "real-data-local",
  "window_capture": {
    "jsonl": "reports_runtime/federation_proxy_latency_window_20260220T123743Z.jsonl",
    "summary_json": "reports_runtime/federation_proxy_latency_window_summary_20260220T123743Z.json",
    "summary_md": "reports_runtime/federation_proxy_latency_window_summary_20260220T123743Z.md",
    "plot_png": "output/img/federation_proxy_latency_window_20260220T123743Z/latency_timeseries.png",
    "duration_sec": 301.017521,
    "events_jsonl": 329
  },
  "proxy_delta_median_sec": {
    "perplexity": 0.050619000000000025,
    "zenodo": 0.09530650000000018,
    "github": 0.03096449999999995
  },
  "system_peaks": {
    "cpu_percent_max": 99.9,
    "mem_percent_max": 74.1,
    "swap_percent_max": 45.6
  },
  "legacy_modules_reviewed": [
    "src/consciousness/api_reset_detector.py",
    "scripts/analysis/build_federation_social_dataset.py",
    "scripts/analysis/capture_federation_proxy_latency_window.py",
    "scripts/services/omnimind_federated_ethics_bridge.py",
    "scripts/analysis/audit_hash_alien_dodecatiad_runtime.py"
  ],
  "d15_updates": {
    "api_reset_detector": [
      "added sector15_tod and house12_2h fields per reset event",
      "added resets_by_sector15 in get_statistics()"
    ],
    "federation_social_dataset": [
      "added sector15_tod to witness/social payload temporal features",
      "retained house12_2h for backward compatibility"
    ],
    "proxy_capture": [
      "keeps sector15_tod in telemetry",
      "proxy CA is optional to avoid false http_code=0 failures"
    ]
  }
}
