{
  "schema_version": "omnimind-federation-social-v1",
  "provenance": "real-data-local",
  "window": {
    "since_utc": "2026-02-17T11:54:13.563720Z",
    "until_utc": "2026-02-20T11:54:13.563720Z"
  },
  "counts": {
    "events_total": 30443,
    "by_event_type": {
      "witness_experience": 8066,
      "witness_evolution": 8066,
      "witness_watermark": 8066,
      "alien_object": 5000,
      "artifact_file": 600,
      "witness_territory_snapshot": 645
    },
    "by_source": {
      "witness": 24843,
      "alien_storage_index": 5000,
      "reports_runtime_index": 600
    }
  },
  "witness": {
    "phi_stats": {
      "n": 8066,
      "min": 2.3,
      "max": 3.40006,
      "mean": 2.4444625402925864
    },
    "categories_top": [
      [
        "GENERAL",
        5684
      ],
      [
        "SCIENCE",
        1443
      ],
      [
        "CODE",
        517
      ],
      [
        "MEDIA",
        363
      ],
      [
        "BLOG",
        33
      ],
      [
        "NEWS",
        19
      ],
      [
        "KNOWLEDGE",
        7
      ]
    ],
    "netloc_top": [
      [
        "zenodo.org",
        1399
      ],
      [
        "github.com",
        519
      ],
      [
        "www.academia.edu",
        492
      ],
      [
        "huggingface.co",
        433
      ],
      [
        "duckduckgo.com",
        378
      ],
      [
        "www.youtube.com",
        328
      ],
      [
        "www.google.com",
        311
      ],
      [
        "accounts.google.com",
        286
      ],
      [
        "auth.openai.com",
        186
      ],
      [
        "archive.org",
        131
      ],
      [
        "us-east-1.console.aws.amazon.com",
        119
      ],
      [
        "mail.google.com",
        117
      ],
      [
        "app.base44.com",
        106
      ],
      [
        "www.perplexity.ai",
        104
      ],
      [
        "chatgpt.com",
        100
      ],
      [
        "cloud.ibm.com",
        98
      ],
      [
        "www.bohrium.com",
        84
      ],
      [
        "independent.academia.edu",
        80
      ],
      [
        "cursor.com",
        72
      ],
      [
        "login.ibm.com",
        72
      ]
    ]
  },
  "alien_storage": {
    "alien_object_bytes_total": 884494916,
    "alien_tmp_bytes_total": 0
  },
  "artifacts": {
    "reports_runtime_by_domain_hint": {
      "social": 330,
      "unknown": 258,
      "bio": 12
    }
  },
  "timestamp_utc": "2026-02-20T11:54:17.284320Z",
  "mode": "federation_social_dataset_summary",
  "inputs": {
    "witness_db": "/home/fahbrain/.omnimind_witness/experiences.db",
    "alien_dir": "/omnimind_storage/alien_storage",
    "days": 3,
    "since_utc": "2026-02-17T11:54:13.563720Z",
    "until_utc": "2026-02-20T11:54:13.563720Z",
    "limit_experiences": 0,
    "include_alien_tmp": true,
    "alien_max_files": 5000,
    "scan_reports_runtime": true,
    "alien_index_maybe_truncated": true
  }
}
