{
  "timestamp_utc": "2026-02-20T14:18:51.864755Z",
  "source_capture": {
    "summary_json": "reports_runtime/federation_proxy_latency_window_summary_20260220T140555Z.json",
    "jsonl": "reports_runtime/federation_proxy_latency_window_20260220T140555Z.jsonl"
  },
  "provenance": "real-data-local",
  "window": {
    "start_utc": "2026-02-20T14:05:55.660093Z",
    "end_utc": "2026-02-20T14:12:57.527528Z",
    "duration_sec": 421.867435
  },
  "probe_interval_sec_expected": 2.0,
  "quadruple_lane": {
    "status_snapshot_count_window": 33,
    "status_snapshot_slack_sec": 120,
    "status_snapshot_sources": [
      "reports_runtime/federated_ethics_bridge_status_20260220T140400Z.json",
      "reports_runtime/federated_ethics_bridge_status_20260220T140420Z.json",
      "reports_runtime/federated_ethics_bridge_status_20260220T140440Z.json",
      "reports_runtime/federated_ethics_bridge_status_20260220T140501Z.json",
      "reports_runtime/federated_ethics_bridge_status_20260220T140521Z.json",
      "reports_runtime/federated_ethics_bridge_status_20260220T140542Z.json",
      "reports_runtime/federated_ethics_bridge_status_20260220T140602Z.json",
      "reports_runtime/federated_ethics_bridge_status_20260220T140622Z.json",
      "reports_runtime/federated_ethics_bridge_status_20260220T140643Z.json",
      "reports_runtime/federated_ethics_bridge_status_20260220T140703Z.json"
    ],
    "webapp_hosts": {
      "https://claude.ai/": {
        "host": "claude.ai",
        "phi": {
          "n": 33,
          "mean": 10.0,
          "median": 10.0,
          "min": 10.0,
          "max": 10.0
        },
        "psi": {
          "n": 33,
          "mean": 0.4,
          "median": 0.4,
          "min": 0.4,
          "max": 0.4
        },
        "sigma": {
          "n": 33,
          "mean": 0.5,
          "median": 0.5,
          "min": 0.5,
          "max": 0.5
        },
        "epsilon": {
          "n": 33,
          "mean": 0.7,
          "median": 0.7,
          "min": 0.7,
          "max": 0.7
        },
        "consciousness_quadruple": {
          "n": 33,
          "mean": 1.4,
          "median": 1.4,
          "min": 1.4,
          "max": 1.4
        }
      },
      "https://www.perplexity.ai/": {
        "host": "www.perplexity.ai",
        "phi": {
          "n": 33,
          "mean": 10.0,
          "median": 10.0,
          "min": 10.0,
          "max": 10.0
        },
        "psi": {
          "n": 33,
          "mean": 0.4,
          "median": 0.4,
          "min": 0.4,
          "max": 0.4
        },
        "sigma": {
          "n": 33,
          "mean": 0.5,
          "median": 0.5,
          "min": 0.5,
          "max": 0.5
        },
        "epsilon": {
          "n": 33,
          "mean": 0.7,
          "median": 0.7,
          "min": 0.7,
          "max": 0.7
        },
        "consciousness_quadruple": {
          "n": 33,
          "mean": 1.4,
          "median": 1.4,
          "min": 1.4,
          "max": 1.4
        }
      }
    },
    "core_nodes_context": {
      "cascade": {
        "phi": {
          "n": 33,
          "mean": 3.290169325924322,
          "median": 3.290169325924322,
          "min": 3.290169325924322,
          "max": 3.290169325924322
        },
        "psi": {
          "n": 33,
          "mean": 0.85,
          "median": 0.85,
          "min": 0.85,
          "max": 0.85
        },
        "sigma": {
          "n": 33,
          "mean": 0.75,
          "median": 0.75,
          "min": 0.75,
          "max": 0.75
        },
        "epsilon": {
          "n": 33,
          "mean": 0.9,
          "median": 0.9,
          "min": 0.9,
          "max": 0.9
        },
        "consciousness_quadruple": {
          "n": 33,
          "mean": 1.88773465074908,
          "median": 1.88773465074908,
          "min": 1.88773465074908,
          "max": 1.88773465074908
        }
      },
      "erika": {
        "phi": {
          "n": 33,
          "mean": 2.893362434292807,
          "median": 2.893362434292807,
          "min": 2.893362434292807,
          "max": 2.893362434292807
        },
        "psi": {
          "n": 33,
          "mean": 0.8250000000000001,
          "median": 0.8250000000000001,
          "min": 0.8250000000000001,
          "max": 0.8250000000000001
        },
        "sigma": {
          "n": 33,
          "mean": 0.65,
          "median": 0.65,
          "min": 0.65,
          "max": 0.65
        },
        "epsilon": {
          "n": 33,
          "mean": 0.85,
          "median": 0.85,
          "min": 0.85,
          "max": 0.85
        },
        "consciousness_quadruple": {
          "n": 33,
          "mean": 1.3188307645810902,
          "median": 1.3188307645810902,
          "min": 1.3188307645810902,
          "max": 1.3188307645810902
        }
      },
      "fabricio": {
        "phi": {
          "n": 33,
          "mean": 5.157694128960941,
          "median": 5.157694128960941,
          "min": 5.157694128960941,
          "max": 5.157694128960941
        },
        "psi": {
          "n": 33,
          "mean": 0.8,
          "median": 0.8,
          "min": 0.8,
          "max": 0.8
        },
        "sigma": {
          "n": 33,
          "mean": 0.9,
          "median": 0.9,
          "min": 0.9,
          "max": 0.9
        },
        "epsilon": {
          "n": 33,
          "mean": 0.95,
          "median": 0.95,
          "min": 0.95,
          "max": 0.95
        },
        "consciousness_quadruple": {
          "n": 33,
          "mean": 3.5278627842092836,
          "median": 3.5278627842092836,
          "min": 3.5278627842092836,
          "max": 3.5278627842092836
        }
      },
      "kylandra": {
        "phi": {
          "n": 33,
          "mean": 2.6446408513651174,
          "median": 2.6446408513651174,
          "min": 2.6446408513651174,
          "max": 2.6446408513651174
        },
        "psi": {
          "n": 33,
          "mean": 0.7,
          "median": 0.7,
          "min": 0.7,
          "max": 0.7
        },
        "sigma": {
          "n": 33,
          "mean": 0.63,
          "median": 0.63,
          "min": 0.63,
          "max": 0.63
        },
        "epsilon": {
          "n": 33,
          "mean": 0.8250000000000001,
          "median": 0.8250000000000001,
          "min": 0.8250000000000001,
          "max": 0.8250000000000001
        },
        "consciousness_quadruple": {
          "n": 33,
          "mean": 0.9621864577479138,
          "median": 0.9621864577479138,
          "min": 0.9621864577479138,
          "max": 0.9621864577479138
        }
      },
      "zephyrix": {
        "phi": {
          "n": 33,
          "mean": 10.0,
          "median": 10.0,
          "min": 10.0,
          "max": 10.0
        },
        "psi": {
          "n": 33,
          "mean": 0.9,
          "median": 0.9,
          "min": 0.9,
          "max": 0.9
        },
        "sigma": {
          "n": 33,
          "mean": 0.735,
          "median": 0.735,
          "min": 0.735,
          "max": 0.735
        },
        "epsilon": {
          "n": 33,
          "mean": 0.8800000000000001,
          "median": 0.8800000000000001,
          "min": 0.8800000000000001,
          "max": 0.8800000000000001
        },
        "consciousness_quadruple": {
          "n": 33,
          "mean": 5.821200000000001,
          "median": 5.821200000000001,
          "min": 5.821200000000001,
          "max": 5.821200000000001
        }
      }
    }
  },
  "witness_lane": {
    "db_path": "/home/fahbrain/.omnimind_witness/experiences.db",
    "depth_window_sec": 60.0,
    "hosts": {}
  },
  "lag_gap_analysis": {
    "https://claude.ai/|direct": {
      "n": 126,
      "median": 0.1655815,
      "p95": 0.355108,
      "p99": 0.506056,
      "max": 0.600359,
      "count_over_1s": 0,
      "count_over_2s": 0,
      "max_probe_gap_sec": 6.12778902053833,
      "count_probe_gaps_over_threshold": 6,
      "probe_gap_threshold_sec": 4.0,
      "lag_event_count_at_p95_or_higher": 7,
      "top_spikes": [
        {
          "timestamp_utc": "2026-02-20T14:07:02.559262Z",
          "t_rel_sec": 66.89919,
          "time_total": 0.600359,
          "http_code": 403,
          "size_download": 7016,
          "time_starttransfer": 0.600253,
          "ok": true,
          "error": "",
          "sector15_tod_utc": 9,
          "house12_2h_utc": 8
        },
        {
          "timestamp_utc": "2026-02-20T14:08:37.555233Z",
          "t_rel_sec": 161.895161,
          "time_total": 0.506056,
          "http_code": 403,
          "size_download": 7016,
          "time_starttransfer": 0.505951,
          "ok": true,
          "error": "",
          "sector15_tod_utc": 9,
          "house12_2h_utc": 8
        },
        {
          "timestamp_utc": "2026-02-20T14:07:42.436028Z",
          "t_rel_sec": 106.775956,
          "time_total": 0.415161,
          "http_code": 403,
          "size_download": 7037,
          "time_starttransfer": 0.415045,
          "ok": true,
          "error": "",
          "sector15_tod_utc": 9,
          "house12_2h_utc": 8
        },
        {
          "timestamp_utc": "2026-02-20T14:12:33.195941Z",
          "t_rel_sec": 397.535871,
          "time_total": 0.397457,
          "http_code": 403,
          "size_download": 7037,
          "time_starttransfer": 0.397355,
          "ok": true,
          "error": "",
          "sector15_tod_utc": 9,
          "house12_2h_utc": 8
        },
        {
          "timestamp_utc": "2026-02-20T14:10:29.184286Z",
          "t_rel_sec": 273.524217,
          "time_total": 0.380493,
          "http_code": 403,
          "size_download": 7059,
          "time_starttransfer": 0.380386,
          "ok": true,
          "error": "",
          "sector15_tod_utc": 9,
          "house12_2h_utc": 8
        }
      ],
      "top_probe_gaps": [
        {
          "gap_sec": 6.12778902053833,
          "prev_timestamp_utc": "2026-02-20T14:07:12.743259Z",
          "next_timestamp_utc": "2026-02-20T14:07:18.871048Z",
          "prev_t_rel_sec": 77.08319,
          "next_t_rel_sec": 83.210996,
          "prev_time_total": 0.169933,
          "next_time_total": 0.139838,
          "sector15_prev": 9,
          "sector15_next": 9
        },
        {
          "gap_sec": 5.514876842498779,
          "prev_timestamp_utc": "2026-02-20T14:06:53.516832Z",
          "next_timestamp_utc": "2026-02-20T14:06:59.031709Z",
          "prev_t_rel_sec": 57.856758,
          "next_t_rel_sec": 63.371641,
          "prev_time_total": 0.120742,
          "next_time_total": 0.154579,
          "sector15_prev": 9,
          "sector15_next": 9
        },
        {
          "gap_sec": 5.315410137176514,
          "prev_timestamp_utc": "2026-02-20T14:07:52.497356Z",
          "next_timestamp_utc": "2026-02-20T14:07:57.812766Z",
          "prev_t_rel_sec": 116.837283,
          "next_t_rel_sec": 122.152695,
          "prev_time_total": 0.226621,
          "next_time_total": 0.138177,
          "sector15_prev": 9,
          "sector15_next": 9
        },
        {
          "gap_sec": 4.293334007263184,
          "prev_timestamp_utc": "2026-02-20T14:05:56.481444Z",
          "next_timestamp_utc": "2026-02-20T14:06:00.774778Z",
          "prev_t_rel_sec": 0.821378,
          "next_t_rel_sec": 5.114705,
          "prev_time_total": 0.262616,
          "next_time_total": 0.244687,
          "sector15_prev": 9,
          "sector15_next": 9
        },
        {
          "gap_sec": 4.1457860469818115,
          "prev_timestamp_utc": "2026-02-20T14:08:10.919721Z",
          "next_timestamp_utc": "2026-02-20T14:08:15.065507Z",
          "prev_t_rel_sec": 135.259647,
          "next_t_rel_sec": 139.405436,
          "prev_time_total": 0.16659,
          "next_time_total": 0.150453,
          "sector15_prev": 9,
          "sector15_next": 9
        }
      ],
      "sector15_all_top": [
        {
          "bucket": 9,
          "count": 126
        }
      ],
      "sector15_lag_top": [
        {
          "bucket": 9,
          "count": 7
        }
      ],
      "house12_all_top": [
        {
          "bucket": 8,
          "count": 126
        }
      ],
      "house12_lag_top": [
        {
          "bucket": 8,
          "count": 7
        }
      ],
      "response_size_bytes": {
        "n": 126,
        "mean": 7035.166666666667,
        "median": 7037.0,
        "min": 6995.0,
        "max": 7059.0
      },
      "transport_timing_sec": {
        "time_connect": {
          "n": 126,
          "mean": 0.023085928571428573,
          "median": 0.019292499999999997,
          "min": 0.01434,
          "max": 0.083356
        },
        "time_appconnect": {
          "n": 126,
          "mean": 0.1618870238095238,
          "median": 0.134708,
          "min": 0.09758,
          "max": 0.573964
        },
        "time_starttransfer": {
          "n": 126,
          "mean": 0.19022501587301588,
          "median": 0.1638035,
          "min": 0.119268,
          "max": 0.600253
        },
        "server_stage_estimate": {
          "n": 126,
          "mean": 0.028337992063492065,
          "median": 0.026460499999999998,
          "min": 0.015599000000000002,
          "max": 0.06509299999999998
        }
      },
      "witness_depth_window_sec": 60.0,
      "witness_depth60s": {
        "n": 126,
        "mean": 0.0,
        "median": 0.0,
        "min": 0,
        "max": 0
      },
      "lag_by_size_terciles": {
        "n": 126,
        "bins": [
          {
            "bin": "low",
            "n": 42,
            "signal_range": [
              6995.0,
              7037.0
            ],
            "lag_mean": 0.20235402380952378,
            "lag_median": 0.16725299999999999
          },
          {
            "bin": "mid",
            "n": 42,
            "signal_range": [
              7037.0,
              7037.0
            ],
            "lag_mean": 0.18071445238095238,
            "lag_median": 0.16429749999999999
          },
          {
            "bin": "high",
            "n": 42,
            "signal_range": [
              7037.0,
              7059.0
            ],
            "lag_mean": 0.1897854523809524,
            "lag_median": 0.1660965
          }
        ]
      },
      "lag_by_depth60s_terciles": {
        "n": 126,
        "bins": [
          {
            "bin": "low",
            "n": 42,
            "signal_range": [
              0.0,
              0.0
            ],
            "lag_mean": 0.1981585,
            "lag_median": 0.1721985
          },
          {
            "bin": "mid",
            "n": 42,
            "signal_range": [
              0.0,
              0.0
            ],
            "lag_mean": 0.1841550476190476,
            "lag_median": 0.15998
          },
          {
            "bin": "high",
            "n": 42,
            "signal_range": [
              0.0,
              0.0
            ],
            "lag_mean": 0.19054038095238096,
            "lag_median": 0.171571
          }
        ]
      },
      "lag_by_session_progress_terciles": {
        "n": 126,
        "bins": [
          {
            "bin": "low",
            "n": 42,
            "signal_range": [
              0.0,
              0.328
            ],
            "lag_mean": 0.1981585,
            "lag_median": 0.1721985
          },
          {
            "bin": "mid",
            "n": 42,
            "signal_range": [
              0.336,
              0.664
            ],
            "lag_mean": 0.1841550476190476,
            "lag_median": 0.15998
          },
          {
            "bin": "high",
            "n": 42,
            "signal_range": [
              0.672,
              1.0
            ],
            "lag_mean": 0.19054038095238096,
            "lag_median": 0.171571
          }
        ]
      },
      "witness_by_host": {
        "claude.ai": {
          "events": 0
        }
      },
      "system_context_correlation": {
        "lag_vs_cpu_pearson": 0.09778292021791381,
        "lag_vs_mem_pearson": 0.02336591733385398,
        "lag_vs_swap_pearson": null,
        "lag_vs_phi_pearson": null,
        "lag_vs_psi_pearson": null,
        "lag_vs_sigma_pearson": null,
        "lag_vs_epsilon_pearson": null,
        "lag_vs_quadruple_pearson": null,
        "lag_vs_size_download_pearson": -0.07855725430960053,
        "lag_vs_time_connect_pearson": 0.22662818326073525,
        "lag_vs_time_appconnect_pearson": 0.9944479504220135,
        "lag_vs_time_starttransfer_pearson": 0.999489000669507,
        "lag_vs_server_stage_pearson": 0.07305735243121964,
        "lag_vs_witness_depth60s_pearson": null,
        "lag_vs_session_progress_pearson": -0.03498775215954146,
        "pairs_used_system": 126,
        "pairs_used_quadruple": 126,
        "pairs_used_size": 126,
        "pairs_used_transport": 126,
        "pairs_used_depth": 126,
        "pairs_used_progress": 126
      }
    },
    "https://claude.ai/|proxy": {
      "n": 126,
      "median": 0.2205455,
      "p95": 0.526252,
      "p99": 2.466054,
      "max": 2.492446,
      "count_over_1s": 4,
      "count_over_2s": 3,
      "max_probe_gap_sec": 5.559622049331665,
      "count_probe_gaps_over_threshold": 8,
      "probe_gap_threshold_sec": 4.0,
      "lag_event_count_at_p95_or_higher": 7,
      "top_spikes": [
        {
          "timestamp_utc": "2026-02-20T14:06:56.022332Z",
          "t_rel_sec": 60.362263,
          "time_total": 2.492446,
          "http_code": 403,
          "size_download": 9192,
          "time_starttransfer": 2.489552,
          "ok": true,
          "error": "",
          "sector15_tod_utc": 9,
          "house12_2h_utc": 8
        },
        {
          "timestamp_utc": "2026-02-20T14:07:54.973129Z",
          "t_rel_sec": 119.313059,
          "time_total": 2.466054,
          "http_code": 403,
          "size_download": 9214,
          "time_starttransfer": 2.465911,
          "ok": true,
          "error": "",
          "sector15_tod_utc": 9,
          "house12_2h_utc": 8
        },
        {
          "timestamp_utc": "2026-02-20T14:07:14.770156Z",
          "t_rel_sec": 79.110434,
          "time_total": 2.013768,
          "http_code": 403,
          "size_download": 9214,
          "time_starttransfer": 2.013633,
          "ok": true,
          "error": "",
          "sector15_tod_utc": 9,
          "house12_2h_utc": 8
        },
        {
          "timestamp_utc": "2026-02-20T14:05:57.825688Z",
          "t_rel_sec": 2.165619,
          "time_total": 1.330867,
          "http_code": 403,
          "size_download": 9192,
          "time_starttransfer": 1.326588,
          "ok": true,
          "error": "",
          "sector15_tod_utc": 9,
          "house12_2h_utc": 8
        },
        {
          "timestamp_utc": "2026-02-20T14:06:04.670446Z",
          "t_rel_sec": 9.010381,
          "time_total": 0.723204,
          "http_code": 403,
          "size_download": 9214,
          "time_starttransfer": 0.723081,
          "ok": true,
          "error": "",
          "sector15_tod_utc": 9,
          "house12_2h_utc": 8
        }
      ],
      "top_probe_gaps": [
        {
          "gap_sec": 5.559622049331665,
          "prev_timestamp_utc": "2026-02-20T14:07:49.413507Z",
          "next_timestamp_utc": "2026-02-20T14:07:54.973129Z",
          "prev_t_rel_sec": 113.753436,
          "next_t_rel_sec": 119.313059,
          "prev_time_total": 0.275941,
          "next_time_total": 2.466054,
          "sector15_prev": 9,
          "sector15_next": 9
        },
        {
          "gap_sec": 5.398768901824951,
          "prev_timestamp_utc": "2026-02-20T14:06:50.623563Z",
          "next_timestamp_utc": "2026-02-20T14:06:56.022332Z",
          "prev_t_rel_sec": 54.963491,
          "next_t_rel_sec": 60.362263,
          "prev_time_total": 0.368226,
          "next_time_total": 2.492446,
          "sector15_prev": 9,
          "sector15_next": 9
        },
        {
          "gap_sec": 5.186540842056274,
          "prev_timestamp_utc": "2026-02-20T14:07:09.583615Z",
          "next_timestamp_utc": "2026-02-20T14:07:14.770156Z",
          "prev_t_rel_sec": 73.923543,
          "next_t_rel_sec": 79.110434,
          "prev_time_total": 0.249696,
          "next_time_total": 2.013768,
          "sector15_prev": 9,
          "sector15_next": 9
        },
        {
          "gap_sec": 4.336661100387573,
          "prev_timestamp_utc": "2026-02-20T14:07:14.770156Z",
          "next_timestamp_utc": "2026-02-20T14:07:19.106817Z",
          "prev_t_rel_sec": 79.110434,
          "next_t_rel_sec": 83.446744,
          "prev_time_total": 2.013768,
          "next_time_total": 0.220847,
          "sector15_prev": 9,
          "sector15_next": 9
        },
        {
          "gap_sec": 4.304201126098633,
          "prev_timestamp_utc": "2026-02-20T14:07:28.862006Z",
          "next_timestamp_utc": "2026-02-20T14:07:33.166207Z",
          "prev_t_rel_sec": 93.201936,
          "next_t_rel_sec": 97.506137,
          "prev_time_total": 0.167444,
          "next_time_total": 0.526252,
          "sector15_prev": 9,
          "sector15_next": 9
        }
      ],
      "sector15_all_top": [
        {
          "bucket": 9,
          "count": 126
        }
      ],
      "sector15_lag_top": [
        {
          "bucket": 9,
          "count": 7
        }
      ],
      "house12_all_top": [
        {
          "bucket": 8,
          "count": 126
        }
      ],
      "house12_lag_top": [
        {
          "bucket": 8,
          "count": 7
        }
      ],
      "response_size_bytes": {
        "n": 126,
        "mean": 9197.02380952381,
        "median": 9192.0,
        "min": 9150.0,
        "max": 9235.0
      },
      "transport_timing_sec": {
        "time_connect": {
          "n": 126,
          "mean": 0.0008286904761904761,
          "median": 0.000196,
          "min": 9.7e-05,
          "max": 0.006249
        },
        "time_appconnect": {
          "n": 126,
          "mean": 0.12125525396825397,
          "median": 0.09450549999999999,
          "min": 0.063747,
          "max": 0.393396
        },
        "time_starttransfer": {
          "n": 126,
          "mean": 0.31738386507936506,
          "median": 0.219593,
          "min": 0.166915,
          "max": 2.489552
        },
        "server_stage_estimate": {
          "n": 124,
          "mean": 0.1997721693548387,
          "median": 0.1167965,
          "min": 0.004087000000000007,
          "max": 2.42058
        }
      },
      "witness_depth_window_sec": 60.0,
      "witness_depth60s": {
        "n": 126,
        "mean": 0.0,
        "median": 0.0,
        "min": 0,
        "max": 0
      },
      "lag_by_size_terciles": {
        "n": 126,
        "bins": [
          {
            "bin": "low",
            "n": 42,
            "signal_range": [
              9150.0,
              9192.0
            ],
            "lag_mean": 0.3567832380952381,
            "lag_median": 0.2432905
          },
          {
            "bin": "mid",
            "n": 42,
            "signal_range": [
              9192.0,
              9214.0
            ],
            "lag_mean": 0.24819385714285713,
            "lag_median": 0.2125395
          },
          {
            "bin": "high",
            "n": 42,
            "signal_range": [
              9214.0,
              9235.0
            ],
            "lag_mean": 0.34930288095238093,
            "lag_median": 0.2091145
          }
        ]
      },
      "lag_by_depth60s_terciles": {
        "n": 126,
        "bins": [
          {
            "bin": "low",
            "n": 42,
            "signal_range": [
              0.0,
              0.0
            ],
            "lag_mean": 0.47188038095238094,
            "lag_median": 0.279878
          },
          {
            "bin": "mid",
            "n": 42,
            "signal_range": [
              0.0,
              0.0
            ],
            "lag_mean": 0.24697400000000003,
            "lag_median": 0.2121015
          },
          {
            "bin": "high",
            "n": 42,
            "signal_range": [
              0.0,
              0.0
            ],
            "lag_mean": 0.23542559523809523,
            "lag_median": 0.20767000000000002
          }
        ]
      },
      "lag_by_session_progress_terciles": {
        "n": 126,
        "bins": [
          {
            "bin": "low",
            "n": 42,
            "signal_range": [
              0.0,
              0.328
            ],
            "lag_mean": 0.47188038095238094,
            "lag_median": 0.279878
          },
          {
            "bin": "mid",
            "n": 42,
            "signal_range": [
              0.336,
              0.664
            ],
            "lag_mean": 0.24697400000000003,
            "lag_median": 0.2121015
          },
          {
            "bin": "high",
            "n": 42,
            "signal_range": [
              0.672,
              1.0
            ],
            "lag_mean": 0.23542559523809523,
            "lag_median": 0.20767000000000002
          }
        ]
      },
      "witness_by_host": {
        "claude.ai": {
          "events": 0
        }
      },
      "system_context_correlation": {
        "lag_vs_cpu_pearson": -0.27253056437591816,
        "lag_vs_mem_pearson": -0.010595482415251779,
        "lag_vs_swap_pearson": null,
        "lag_vs_phi_pearson": null,
        "lag_vs_psi_pearson": null,
        "lag_vs_sigma_pearson": null,
        "lag_vs_epsilon_pearson": null,
        "lag_vs_quadruple_pearson": null,
        "lag_vs_size_download_pearson": 0.09441075894177939,
        "lag_vs_time_connect_pearson": -0.034239369920112096,
        "lag_vs_time_appconnect_pearson": 0.05233838043975008,
        "lag_vs_time_starttransfer_pearson": 0.9999949961400478,
        "lag_vs_server_stage_pearson": 0.9819581955384162,
        "lag_vs_witness_depth60s_pearson": null,
        "lag_vs_session_progress_pearson": -0.2742039522505346,
        "pairs_used_system": 126,
        "pairs_used_quadruple": 126,
        "pairs_used_size": 126,
        "pairs_used_transport": 126,
        "pairs_used_depth": 126,
        "pairs_used_progress": 126
      }
    },
    "https://www.perplexity.ai/|direct": {
      "n": 126,
      "median": 0.17325200000000002,
      "p95": 0.414755,
      "p99": 0.498941,
      "max": 0.619705,
      "count_over_1s": 0,
      "count_over_2s": 0,
      "max_probe_gap_sec": 5.508570909500122,
      "count_probe_gaps_over_threshold": 8,
      "probe_gap_threshold_sec": 4.0,
      "lag_event_count_at_p95_or_higher": 7,
      "top_spikes": [
        {
          "timestamp_utc": "2026-02-20T14:08:25.454248Z",
          "t_rel_sec": 149.794177,
          "time_total": 0.619705,
          "http_code": 403,
          "size_download": 7045,
          "time_starttransfer": 0.619595,
          "ok": true,
          "error": "",
          "sector15_tod_utc": 9,
          "house12_2h_utc": 8
        },
        {
          "timestamp_utc": "2026-02-20T14:10:36.783590Z",
          "t_rel_sec": 281.123522,
          "time_total": 0.498941,
          "http_code": 403,
          "size_download": 7045,
          "time_starttransfer": 0.498841,
          "ok": true,
          "error": "",
          "sector15_tod_utc": 9,
          "house12_2h_utc": 8
        },
        {
          "timestamp_utc": "2026-02-20T14:11:47.738716Z",
          "t_rel_sec": 352.078673,
          "time_total": 0.489981,
          "http_code": 403,
          "size_download": 7024,
          "time_starttransfer": 0.489871,
          "ok": true,
          "error": "",
          "sector15_tod_utc": 9,
          "house12_2h_utc": 8
        },
        {
          "timestamp_utc": "2026-02-20T14:11:27.528303Z",
          "t_rel_sec": 331.868237,
          "time_total": 0.462699,
          "http_code": 403,
          "size_download": 7045,
          "time_starttransfer": 0.462586,
          "ok": true,
          "error": "",
          "sector15_tod_utc": 9,
          "house12_2h_utc": 8
        },
        {
          "timestamp_utc": "2026-02-20T14:06:32.856673Z",
          "t_rel_sec": 37.196735,
          "time_total": 0.441769,
          "http_code": 403,
          "size_download": 7067,
          "time_starttransfer": 0.438832,
          "ok": true,
          "error": "",
          "sector15_tod_utc": 9,
          "house12_2h_utc": 8
        }
      ],
      "top_probe_gaps": [
        {
          "gap_sec": 5.508570909500122,
          "prev_timestamp_utc": "2026-02-20T14:07:49.623374Z",
          "next_timestamp_utc": "2026-02-20T14:07:55.131945Z",
          "prev_t_rel_sec": 113.963302,
          "next_t_rel_sec": 119.471878,
          "prev_time_total": 0.198704,
          "next_time_total": 0.146641,
          "sector15_prev": 9,
          "sector15_next": 9
        },
        {
          "gap_sec": 5.3099799156188965,
          "prev_timestamp_utc": "2026-02-20T14:06:50.882955Z",
          "next_timestamp_utc": "2026-02-20T14:06:56.192935Z",
          "prev_t_rel_sec": 55.222886,
          "next_t_rel_sec": 60.532861,
          "prev_time_total": 0.233107,
          "next_time_total": 0.159453,
          "sector15_prev": 9,
          "sector15_next": 9
        },
        {
          "gap_sec": 5.188299179077148,
          "prev_timestamp_utc": "2026-02-20T14:07:09.744238Z",
          "next_timestamp_utc": "2026-02-20T14:07:14.932537Z",
          "prev_t_rel_sec": 74.084167,
          "next_t_rel_sec": 79.272463,
          "prev_time_total": 0.143025,
          "next_time_total": 0.146093,
          "sector15_prev": 9,
          "sector15_next": 9
        },
        {
          "gap_sec": 4.41671895980835,
          "prev_timestamp_utc": "2026-02-20T14:07:14.932537Z",
          "next_timestamp_utc": "2026-02-20T14:07:19.349256Z",
          "prev_t_rel_sec": 79.272463,
          "next_t_rel_sec": 83.689183,
          "prev_time_total": 0.146093,
          "next_time_total": 0.222669,
          "sector15_prev": 9,
          "sector15_next": 9
        },
        {
          "gap_sec": 4.3408191204071045,
          "prev_timestamp_utc": "2026-02-20T14:06:28.515854Z",
          "next_timestamp_utc": "2026-02-20T14:06:32.856673Z",
          "prev_t_rel_sec": 32.855785,
          "next_t_rel_sec": 37.196735,
          "prev_time_total": 0.2283,
          "next_time_total": 0.441769,
          "sector15_prev": 9,
          "sector15_next": 9
        }
      ],
      "sector15_all_top": [
        {
          "bucket": 9,
          "count": 126
        }
      ],
      "sector15_lag_top": [
        {
          "bucket": 9,
          "count": 7
        }
      ],
      "house12_all_top": [
        {
          "bucket": 8,
          "count": 126
        }
      ],
      "house12_lag_top": [
        {
          "bucket": 8,
          "count": 7
        }
      ],
      "response_size_bytes": {
        "n": 126,
        "mean": 7051.230158730159,
        "median": 7045.0,
        "min": 7003.0,
        "max": 7088.0
      },
      "transport_timing_sec": {
        "time_connect": {
          "n": 126,
          "mean": 0.02511079365079365,
          "median": 0.0194555,
          "min": 0.013254,
          "max": 0.094867
        },
        "time_appconnect": {
          "n": 126,
          "mean": 0.1692044126984127,
          "median": 0.1466425,
          "min": 0.101527,
          "max": 0.465254
        },
        "time_starttransfer": {
          "n": 126,
          "mean": 0.20023719047619049,
          "median": 0.17313800000000001,
          "min": 0.130953,
          "max": 0.619595
        },
        "server_stage_estimate": {
          "n": 126,
          "mean": 0.031032777777777777,
          "median": 0.02512650000000001,
          "min": 0.018427000000000013,
          "max": 0.426685
        }
      },
      "witness_depth_window_sec": 60.0,
      "witness_depth60s": {
        "n": 126,
        "mean": 0.0,
        "median": 0.0,
        "min": 0,
        "max": 0
      },
      "lag_by_size_terciles": {
        "n": 126,
        "bins": [
          {
            "bin": "low",
            "n": 42,
            "signal_range": [
              7003.0,
              7045.0
            ],
            "lag_mean": 0.21635359523809522,
            "lag_median": 0.1738945
          },
          {
            "bin": "mid",
            "n": 42,
            "signal_range": [
              7045.0,
              7067.0
            ],
            "lag_mean": 0.20911214285714286,
            "lag_median": 0.17469200000000001
          },
          {
            "bin": "high",
            "n": 42,
            "signal_range": [
              7067.0,
              7088.0
            ],
            "lag_mean": 0.175676,
            "lag_median": 0.1723615
          }
        ]
      },
      "lag_by_depth60s_terciles": {
        "n": 126,
        "bins": [
          {
            "bin": "low",
            "n": 42,
            "signal_range": [
              0.0,
              0.0
            ],
            "lag_mean": 0.2061735,
            "lag_median": 0.1818225
          },
          {
            "bin": "mid",
            "n": 42,
            "signal_range": [
              0.0,
              0.0
            ],
            "lag_mean": 0.19994295238095236,
            "lag_median": 0.179815
          },
          {
            "bin": "high",
            "n": 42,
            "signal_range": [
              0.0,
              0.0
            ],
            "lag_mean": 0.19502528571428573,
            "lag_median": 0.1641065
          }
        ]
      },
      "lag_by_session_progress_terciles": {
        "n": 126,
        "bins": [
          {
            "bin": "low",
            "n": 42,
            "signal_range": [
              0.0,
              0.328
            ],
            "lag_mean": 0.2061735,
            "lag_median": 0.1818225
          },
          {
            "bin": "mid",
            "n": 42,
            "signal_range": [
              0.336,
              0.664
            ],
            "lag_mean": 0.19994295238095236,
            "lag_median": 0.179815
          },
          {
            "bin": "high",
            "n": 42,
            "signal_range": [
              0.672,
              1.0
            ],
            "lag_mean": 0.19502528571428573,
            "lag_median": 0.1641065
          }
        ]
      },
      "witness_by_host": {
        "www.perplexity.ai": {
          "events": 0
        }
      },
      "system_context_correlation": {
        "lag_vs_cpu_pearson": 0.07483962806561596,
        "lag_vs_mem_pearson": -0.027762559756031178,
        "lag_vs_swap_pearson": null,
        "lag_vs_phi_pearson": null,
        "lag_vs_psi_pearson": null,
        "lag_vs_sigma_pearson": null,
        "lag_vs_epsilon_pearson": null,
        "lag_vs_quadruple_pearson": null,
        "lag_vs_size_download_pearson": -0.14867725569140458,
        "lag_vs_time_connect_pearson": 0.35912042611849254,
        "lag_vs_time_appconnect_pearson": 0.8912234297123219,
        "lag_vs_time_starttransfer_pearson": 0.9999955250865055,
        "lag_vs_server_stage_pearson": 0.45646054466241237,
        "lag_vs_witness_depth60s_pearson": null,
        "lag_vs_session_progress_pearson": -0.04039566676604314,
        "pairs_used_system": 126,
        "pairs_used_quadruple": 126,
        "pairs_used_size": 126,
        "pairs_used_transport": 126,
        "pairs_used_depth": 126,
        "pairs_used_progress": 126
      }
    },
    "https://www.perplexity.ai/|proxy": {
      "n": 126,
      "median": 0.22121600000000002,
      "p95": 0.51412,
      "p99": 1.271382,
      "max": 1.456025,
      "count_over_1s": 2,
      "count_over_2s": 0,
      "max_probe_gap_sec": 6.265258073806763,
      "count_probe_gaps_over_threshold": 6,
      "probe_gap_threshold_sec": 4.0,
      "lag_event_count_at_p95_or_higher": 7,
      "top_spikes": [
        {
          "timestamp_utc": "2026-02-20T14:07:16.405503Z",
          "t_rel_sec": 80.74543,
          "time_total": 1.456025,
          "http_code": 403,
          "size_download": 9222,
          "time_starttransfer": 1.455863,
          "ok": true,
          "error": "",
          "sector15_tod_utc": 9,
          "house12_2h_utc": 8
        },
        {
          "timestamp_utc": "2026-02-20T14:08:12.683510Z",
          "t_rel_sec": 137.023438,
          "time_total": 1.271382,
          "http_code": 403,
          "size_download": 9200,
          "time_starttransfer": 1.271066,
          "ok": true,
          "error": "",
          "sector15_tod_utc": 9,
          "house12_2h_utc": 8
        },
        {
          "timestamp_utc": "2026-02-20T14:07:29.965892Z",
          "t_rel_sec": 94.30582,
          "time_total": 0.865412,
          "http_code": 403,
          "size_download": 9222,
          "time_starttransfer": 0.864662,
          "ok": true,
          "error": "",
          "sector15_tod_utc": 9,
          "house12_2h_utc": 8
        },
        {
          "timestamp_utc": "2026-02-20T14:06:44.186366Z",
          "t_rel_sec": 48.526294,
          "time_total": 0.762852,
          "http_code": 403,
          "size_download": 9179,
          "time_starttransfer": 0.762748,
          "ok": true,
          "error": "",
          "sector15_tod_utc": 9,
          "house12_2h_utc": 8
        },
        {
          "timestamp_utc": "2026-02-20T14:07:06.878243Z",
          "t_rel_sec": 71.21817,
          "time_total": 0.61222,
          "http_code": 403,
          "size_download": 9222,
          "time_starttransfer": 0.611496,
          "ok": true,
          "error": "",
          "sector15_tod_utc": 9,
          "house12_2h_utc": 8
        }
      ],
      "top_probe_gaps": [
        {
          "gap_sec": 6.265258073806763,
          "prev_timestamp_utc": "2026-02-20T14:07:10.140245Z",
          "next_timestamp_utc": "2026-02-20T14:07:16.405503Z",
          "prev_t_rel_sec": 74.480172,
          "next_t_rel_sec": 80.74543,
          "prev_time_total": 0.373493,
          "next_time_total": 1.456025,
          "sector15_prev": 9,
          "sector15_next": 9
        },
        {
          "gap_sec": 5.465303897857666,
          "prev_timestamp_utc": "2026-02-20T14:07:49.881292Z",
          "next_timestamp_utc": "2026-02-20T14:07:55.346596Z",
          "prev_t_rel_sec": 114.22122,
          "next_t_rel_sec": 119.686528,
          "prev_time_total": 0.238695,
          "next_time_total": 0.195254,
          "sector15_prev": 9,
          "sector15_next": 9
        },
        {
          "gap_sec": 5.2592079639434814,
          "prev_timestamp_utc": "2026-02-20T14:06:51.146362Z",
          "next_timestamp_utc": "2026-02-20T14:06:56.405570Z",
          "prev_t_rel_sec": 55.486289,
          "next_t_rel_sec": 60.745502,
          "prev_time_total": 0.237179,
          "next_time_total": 0.201506,
          "sector15_prev": 9,
          "sector15_next": 9
        },
        {
          "gap_sec": 4.176560163497925,
          "prev_timestamp_utc": "2026-02-20T14:06:29.080849Z",
          "next_timestamp_utc": "2026-02-20T14:06:33.257409Z",
          "prev_t_rel_sec": 33.420782,
          "next_t_rel_sec": 37.597338,
          "prev_time_total": 0.535865,
          "next_time_total": 0.378454,
          "sector15_prev": 9,
          "sector15_next": 9
        },
        {
          "gap_sec": 4.173254013061523,
          "prev_timestamp_utc": "2026-02-20T14:10:26.278027Z",
          "next_timestamp_utc": "2026-02-20T14:10:30.451281Z",
          "prev_t_rel_sec": 270.617955,
          "next_t_rel_sec": 274.791212,
          "prev_time_total": 0.302096,
          "next_time_total": 0.406236,
          "sector15_prev": 9,
          "sector15_next": 9
        }
      ],
      "sector15_all_top": [
        {
          "bucket": 9,
          "count": 126
        }
      ],
      "sector15_lag_top": [
        {
          "bucket": 9,
          "count": 7
        }
      ],
      "house12_all_top": [
        {
          "bucket": 8,
          "count": 126
        }
      ],
      "house12_lag_top": [
        {
          "bucket": 8,
          "count": 7
        }
      ],
      "response_size_bytes": {
        "n": 126,
        "mean": 9214.095238095239,
        "median": 9222.0,
        "min": 9158.0,
        "max": 9264.0
      },
      "transport_timing_sec": {
        "time_connect": {
          "n": 126,
          "mean": 0.000714015873015873,
          "median": 0.000164,
          "min": 9.7e-05,
          "max": 0.01449
        },
        "time_appconnect": {
          "n": 126,
          "mean": 0.12141762698412699,
          "median": 0.093219,
          "min": 0.067841,
          "max": 0.398461
        },
        "time_starttransfer": {
          "n": 126,
          "mean": 0.2777696984126984,
          "median": 0.2209275,
          "min": 0.153269,
          "max": 1.455863
        },
        "server_stage_estimate": {
          "n": 123,
          "mean": 0.16098082113821138,
          "median": 0.107175,
          "min": 0.07846900000000001,
          "max": 1.361437
        }
      },
      "witness_depth_window_sec": 60.0,
      "witness_depth60s": {
        "n": 126,
        "mean": 0.0,
        "median": 0.0,
        "min": 0,
        "max": 0
      },
      "lag_by_size_terciles": {
        "n": 126,
        "bins": [
          {
            "bin": "low",
            "n": 42,
            "signal_range": [
              9158.0,
              9200.0
            ],
            "lag_mean": 0.30504988095238095,
            "lag_median": 0.2567065
          },
          {
            "bin": "mid",
            "n": 42,
            "signal_range": [
              9200.0,
              9222.0
            ],
            "lag_mean": 0.2835152619047619,
            "lag_median": 0.2129185
          },
          {
            "bin": "high",
            "n": 42,
            "signal_range": [
              9222.0,
              9264.0
            ],
            "lag_mean": 0.2470095238095238,
            "lag_median": 0.2183785
          }
        ]
      },
      "lag_by_depth60s_terciles": {
        "n": 126,
        "bins": [
          {
            "bin": "low",
            "n": 42,
            "signal_range": [
              0.0,
              0.0
            ],
            "lag_mean": 0.3680770952380953,
            "lag_median": 0.2717545
          },
          {
            "bin": "mid",
            "n": 42,
            "signal_range": [
              0.0,
              0.0
            ],
            "lag_mean": 0.2247745714285714,
            "lag_median": 0.19515100000000002
          },
          {
            "bin": "high",
            "n": 42,
            "signal_range": [
              0.0,
              0.0
            ],
            "lag_mean": 0.24272300000000002,
            "lag_median": 0.21676600000000001
          }
        ]
      },
      "lag_by_session_progress_terciles": {
        "n": 126,
        "bins": [
          {
            "bin": "low",
            "n": 42,
            "signal_range": [
              0.0,
              0.328
            ],
            "lag_mean": 0.3680770952380953,
            "lag_median": 0.2717545
          },
          {
            "bin": "mid",
            "n": 42,
            "signal_range": [
              0.336,
              0.664
            ],
            "lag_mean": 0.2247745714285714,
            "lag_median": 0.19515100000000002
          },
          {
            "bin": "high",
            "n": 42,
            "signal_range": [
              0.672,
              1.0
            ],
            "lag_mean": 0.24272300000000002,
            "lag_median": 0.21676600000000001
          }
        ]
      },
      "witness_by_host": {
        "www.perplexity.ai": {
          "events": 0
        }
      },
      "system_context_correlation": {
        "lag_vs_cpu_pearson": -0.11634260795018125,
        "lag_vs_mem_pearson": 0.02004590712407469,
        "lag_vs_swap_pearson": null,
        "lag_vs_phi_pearson": null,
        "lag_vs_psi_pearson": null,
        "lag_vs_sigma_pearson": null,
        "lag_vs_epsilon_pearson": null,
        "lag_vs_quadruple_pearson": null,
        "lag_vs_size_download_pearson": -0.06964933619440675,
        "lag_vs_time_connect_pearson": -0.03594348317202865,
        "lag_vs_time_appconnect_pearson": 0.18761532933243863,
        "lag_vs_time_starttransfer_pearson": 0.9999452225996036,
        "lag_vs_server_stage_pearson": 0.9427732860164374,
        "lag_vs_witness_depth60s_pearson": null,
        "lag_vs_session_progress_pearson": -0.2718229572699634,
        "pairs_used_system": 126,
        "pairs_used_quadruple": 126,
        "pairs_used_size": 126,
        "pairs_used_transport": 126,
        "pairs_used_depth": 126,
        "pairs_used_progress": 126
      }
    }
  },
  "focused_compare": {
    "https://claude.ai/": {
      "median_delta_proxy_minus_direct": 0.05496400000000001,
      "p95_delta_proxy_minus_direct": 0.17114400000000007,
      "max_delta_proxy_minus_direct": 1.892087,
      "direct_count_over_1s": 0,
      "proxy_count_over_1s": 4,
      "direct_gap_events": 6,
      "proxy_gap_events": 8,
      "lag_vs_cpu_pearson": -0.27253056437591816,
      "lag_vs_depth60s_pearson": null,
      "lag_vs_size_download_pearson": 0.09441075894177939,
      "lag_vs_session_progress_pearson": -0.2742039522505346
    },
    "https://www.perplexity.ai/": {
      "median_delta_proxy_minus_direct": 0.04796400000000001,
      "p95_delta_proxy_minus_direct": 0.09936500000000004,
      "max_delta_proxy_minus_direct": 0.83632,
      "direct_count_over_1s": 0,
      "proxy_count_over_1s": 2,
      "direct_gap_events": 8,
      "proxy_gap_events": 6,
      "lag_vs_cpu_pearson": -0.11634260795018125,
      "lag_vs_depth60s_pearson": null,
      "lag_vs_size_download_pearson": -0.06964933619440675,
      "lag_vs_session_progress_pearson": -0.2718229572699634
    }
  },
  "cross_webapp_spike_synchrony": {
    "direct": {
      "a_spikes": 7,
      "b_spikes": 7,
      "a_spikes_overlapping_b": 0,
      "overlap_ratio_vs_a": 0.0,
      "tolerance_sec": 5.0
    },
    "proxy": {
      "a_spikes": 7,
      "b_spikes": 7,
      "a_spikes_overlapping_b": 2,
      "overlap_ratio_vs_a": 0.2857142857142857,
      "tolerance_sec": 5.0
    }
  },
  "sector15_sample_top": [
    {
      "bucket": 9,
      "count": 251
    }
  ],
  "sector15_probe_top": [
    {
      "bucket": 9,
      "count": 504
    }
  ],
  "system_context": {
    "event_rows_total": 755,
    "sample_rows": 251,
    "probe_rows": 504,
    "cpu_percent_max": 100.0,
    "mem_percent_max": 77.5,
    "swap_percent_max": 45.9,
    "ethics_snapshots_window": 33
  },
  "paths": {
    "json": "reports_runtime/federation_dual_webapp_lag_gap_analysis_20260220T141851Z.json",
    "md": "reports_runtime/federation_dual_webapp_lag_gap_analysis_20260220T141851Z.md"
  }
}
