{
  "timestamp_utc": "2026-02-20T13:40:04.487596Z",
  "source_capture": {
    "summary_json": "reports_runtime/federation_proxy_latency_window_summary_20260220T133450Z.json",
    "jsonl": "reports_runtime/federation_proxy_latency_window_20260220T133450Z.jsonl"
  },
  "provenance": "real-data-local",
  "window": {
    "start_utc": "2026-02-20T13:34:50.480739Z",
    "end_utc": "2026-02-20T13:39:53.918901Z",
    "duration_sec": 303.438162
  },
  "probe_interval_sec_expected": 2.0,
  "quadruple_lane": {
    "status_snapshot_count_window": 21,
    "status_snapshot_slack_sec": 120,
    "status_snapshot_sources": [
      "reports_runtime/federated_ethics_bridge_status_20260220T133309Z.json",
      "reports_runtime/federated_ethics_bridge_status_20260220T133330Z.json",
      "reports_runtime/federated_ethics_bridge_status_20260220T133350Z.json",
      "reports_runtime/federated_ethics_bridge_status_20260220T133411Z.json",
      "reports_runtime/federated_ethics_bridge_status_20260220T133431Z.json",
      "reports_runtime/federated_ethics_bridge_status_20260220T133451Z.json",
      "reports_runtime/federated_ethics_bridge_status_20260220T133511Z.json",
      "reports_runtime/federated_ethics_bridge_status_20260220T133532Z.json",
      "reports_runtime/federated_ethics_bridge_status_20260220T133552Z.json",
      "reports_runtime/federated_ethics_bridge_status_20260220T133613Z.json"
    ],
    "webapp_hosts": {
      "https://claude.ai/": {
        "host": "claude.ai",
        "phi": {
          "n": 21,
          "mean": 10.0,
          "median": 10.0,
          "min": 10.0,
          "max": 10.0
        },
        "psi": {
          "n": 21,
          "mean": 0.4,
          "median": 0.4,
          "min": 0.4,
          "max": 0.4
        },
        "sigma": {
          "n": 21,
          "mean": 0.5,
          "median": 0.5,
          "min": 0.5,
          "max": 0.5
        },
        "epsilon": {
          "n": 21,
          "mean": 0.7,
          "median": 0.7,
          "min": 0.7,
          "max": 0.7
        },
        "consciousness_quadruple": {
          "n": 21,
          "mean": 1.4,
          "median": 1.4,
          "min": 1.4,
          "max": 1.4
        }
      },
      "https://www.perplexity.ai/": {
        "host": "www.perplexity.ai",
        "phi": {
          "n": 21,
          "mean": 10.0,
          "median": 10.0,
          "min": 10.0,
          "max": 10.0
        },
        "psi": {
          "n": 21,
          "mean": 0.4,
          "median": 0.4,
          "min": 0.4,
          "max": 0.4
        },
        "sigma": {
          "n": 21,
          "mean": 0.5,
          "median": 0.5,
          "min": 0.5,
          "max": 0.5
        },
        "epsilon": {
          "n": 21,
          "mean": 0.7,
          "median": 0.7,
          "min": 0.7,
          "max": 0.7
        },
        "consciousness_quadruple": {
          "n": 21,
          "mean": 1.4,
          "median": 1.4,
          "min": 1.4,
          "max": 1.4
        }
      }
    },
    "core_nodes_context": {
      "cascade": {
        "phi": {
          "n": 21,
          "mean": 3.290169325924322,
          "median": 3.290169325924322,
          "min": 3.290169325924322,
          "max": 3.290169325924322
        },
        "psi": {
          "n": 21,
          "mean": 0.8499999999999999,
          "median": 0.85,
          "min": 0.85,
          "max": 0.85
        },
        "sigma": {
          "n": 21,
          "mean": 0.75,
          "median": 0.75,
          "min": 0.75,
          "max": 0.75
        },
        "epsilon": {
          "n": 21,
          "mean": 0.9000000000000001,
          "median": 0.9,
          "min": 0.9,
          "max": 0.9
        },
        "consciousness_quadruple": {
          "n": 21,
          "mean": 1.88773465074908,
          "median": 1.88773465074908,
          "min": 1.88773465074908,
          "max": 1.88773465074908
        }
      },
      "erika": {
        "phi": {
          "n": 21,
          "mean": 2.893362434292807,
          "median": 2.893362434292807,
          "min": 2.893362434292807,
          "max": 2.893362434292807
        },
        "psi": {
          "n": 21,
          "mean": 0.8250000000000002,
          "median": 0.8250000000000001,
          "min": 0.8250000000000001,
          "max": 0.8250000000000001
        },
        "sigma": {
          "n": 21,
          "mean": 0.65,
          "median": 0.65,
          "min": 0.65,
          "max": 0.65
        },
        "epsilon": {
          "n": 21,
          "mean": 0.8499999999999999,
          "median": 0.85,
          "min": 0.85,
          "max": 0.85
        },
        "consciousness_quadruple": {
          "n": 21,
          "mean": 1.3188307645810902,
          "median": 1.3188307645810902,
          "min": 1.3188307645810902,
          "max": 1.3188307645810902
        }
      },
      "fabricio": {
        "phi": {
          "n": 21,
          "mean": 5.157694128960941,
          "median": 5.157694128960941,
          "min": 5.157694128960941,
          "max": 5.157694128960941
        },
        "psi": {
          "n": 21,
          "mean": 0.8,
          "median": 0.8,
          "min": 0.8,
          "max": 0.8
        },
        "sigma": {
          "n": 21,
          "mean": 0.9000000000000001,
          "median": 0.9,
          "min": 0.9,
          "max": 0.9
        },
        "epsilon": {
          "n": 21,
          "mean": 0.95,
          "median": 0.95,
          "min": 0.95,
          "max": 0.95
        },
        "consciousness_quadruple": {
          "n": 21,
          "mean": 3.5278627842092836,
          "median": 3.5278627842092836,
          "min": 3.5278627842092836,
          "max": 3.5278627842092836
        }
      },
      "kylandra": {
        "phi": {
          "n": 21,
          "mean": 2.6446408513651174,
          "median": 2.6446408513651174,
          "min": 2.6446408513651174,
          "max": 2.6446408513651174
        },
        "psi": {
          "n": 21,
          "mean": 0.7,
          "median": 0.7,
          "min": 0.7,
          "max": 0.7
        },
        "sigma": {
          "n": 21,
          "mean": 0.63,
          "median": 0.63,
          "min": 0.63,
          "max": 0.63
        },
        "epsilon": {
          "n": 21,
          "mean": 0.8250000000000002,
          "median": 0.8250000000000001,
          "min": 0.8250000000000001,
          "max": 0.8250000000000001
        },
        "consciousness_quadruple": {
          "n": 21,
          "mean": 0.9621864577479138,
          "median": 0.9621864577479138,
          "min": 0.9621864577479138,
          "max": 0.9621864577479138
        }
      },
      "zephyrix": {
        "phi": {
          "n": 21,
          "mean": 10.0,
          "median": 10.0,
          "min": 10.0,
          "max": 10.0
        },
        "psi": {
          "n": 21,
          "mean": 0.9000000000000001,
          "median": 0.9,
          "min": 0.9,
          "max": 0.9
        },
        "sigma": {
          "n": 21,
          "mean": 0.735,
          "median": 0.735,
          "min": 0.735,
          "max": 0.735
        },
        "epsilon": {
          "n": 21,
          "mean": 0.8800000000000002,
          "median": 0.8800000000000001,
          "min": 0.8800000000000001,
          "max": 0.8800000000000001
        },
        "consciousness_quadruple": {
          "n": 21,
          "mean": 5.821200000000001,
          "median": 5.821200000000001,
          "min": 5.821200000000001,
          "max": 5.821200000000001
        }
      }
    }
  },
  "lag_gap_analysis": {
    "https://claude.ai/|direct": {
      "n": 87,
      "median": 0.17895,
      "p95": 0.348538,
      "p99": 0.466884,
      "max": 0.564711,
      "count_over_1s": 0,
      "count_over_2s": 0,
      "max_probe_gap_sec": 4.559363126754761,
      "count_probe_gaps_over_threshold": 9,
      "probe_gap_threshold_sec": 4.0,
      "lag_event_count_at_p95_or_higher": 5,
      "top_spikes": [
        {
          "timestamp_utc": "2026-02-20T13:39:17.576045Z",
          "t_rel_sec": 267.095341,
          "time_total": 0.564711,
          "http_code": 403,
          "sector15_tod_utc": 9,
          "house12_2h_utc": 7
        },
        {
          "timestamp_utc": "2026-02-20T13:37:27.673773Z",
          "t_rel_sec": 157.193056,
          "time_total": 0.466884,
          "http_code": 403,
          "sector15_tod_utc": 9,
          "house12_2h_utc": 7
        },
        {
          "timestamp_utc": "2026-02-20T13:37:44.379220Z",
          "t_rel_sec": 173.898501,
          "time_total": 0.453837,
          "http_code": 403,
          "sector15_tod_utc": 9,
          "house12_2h_utc": 7
        },
        {
          "timestamp_utc": "2026-02-20T13:38:24.549691Z",
          "t_rel_sec": 214.068975,
          "time_total": 0.434793,
          "http_code": 403,
          "sector15_tod_utc": 9,
          "house12_2h_utc": 7
        },
        {
          "timestamp_utc": "2026-02-20T13:36:07.768422Z",
          "t_rel_sec": 77.287705,
          "time_total": 0.348538,
          "http_code": 403,
          "sector15_tod_utc": 9,
          "house12_2h_utc": 7
        }
      ],
      "top_probe_gaps": [
        {
          "gap_sec": 4.559363126754761,
          "prev_timestamp_utc": "2026-02-20T13:39:09.231216Z",
          "next_timestamp_utc": "2026-02-20T13:39:13.790579Z",
          "prev_t_rel_sec": 258.750498,
          "next_t_rel_sec": 263.309862,
          "prev_time_total": 0.337205,
          "next_time_total": 0.148501,
          "sector15_prev": 9,
          "sector15_next": 9
        },
        {
          "gap_sec": 4.497370004653931,
          "prev_timestamp_utc": "2026-02-20T13:38:50.781778Z",
          "next_timestamp_utc": "2026-02-20T13:38:55.279148Z",
          "prev_t_rel_sec": 240.301061,
          "next_t_rel_sec": 244.79843,
          "prev_time_total": 0.205795,
          "next_time_total": 0.229778,
          "sector15_prev": 9,
          "sector15_next": 9
        },
        {
          "gap_sec": 4.478776931762695,
          "prev_timestamp_utc": "2026-02-20T13:35:24.622720Z",
          "next_timestamp_utc": "2026-02-20T13:35:29.101497Z",
          "prev_t_rel_sec": 34.142002,
          "next_t_rel_sec": 38.620779,
          "prev_time_total": 0.197785,
          "next_time_total": 0.148372,
          "sector15_prev": 9,
          "sector15_next": 9
        },
        {
          "gap_sec": 4.4576380252838135,
          "prev_timestamp_utc": "2026-02-20T13:34:54.152482Z",
          "next_timestamp_utc": "2026-02-20T13:34:58.610120Z",
          "prev_t_rel_sec": 3.671763,
          "next_t_rel_sec": 8.129404,
          "prev_time_total": 0.144227,
          "next_time_total": 0.130805,
          "sector15_prev": 9,
          "sector15_next": 9
        },
        {
          "gap_sec": 4.416206121444702,
          "prev_timestamp_utc": "2026-02-20T13:35:53.695469Z",
          "next_timestamp_utc": "2026-02-20T13:35:58.111675Z",
          "prev_t_rel_sec": 63.21475,
          "next_t_rel_sec": 67.630956,
          "prev_time_total": 0.1409,
          "next_time_total": 0.191322,
          "sector15_prev": 9,
          "sector15_next": 9
        }
      ],
      "sector15_all_top": [
        {
          "bucket": 9,
          "count": 87
        }
      ],
      "sector15_lag_top": [
        {
          "bucket": 9,
          "count": 5
        }
      ],
      "house12_all_top": [
        {
          "bucket": 7,
          "count": 87
        }
      ],
      "house12_lag_top": [
        {
          "bucket": 7,
          "count": 5
        }
      ],
      "system_context_correlation": {
        "lag_vs_cpu_pearson": 0.1981307360273335,
        "lag_vs_mem_pearson": 0.17330655327717628,
        "lag_vs_swap_pearson": 0.3245554773854922,
        "lag_vs_phi_pearson": null,
        "lag_vs_psi_pearson": null,
        "lag_vs_sigma_pearson": null,
        "lag_vs_epsilon_pearson": null,
        "lag_vs_quadruple_pearson": null,
        "pairs_used_system": 87,
        "pairs_used_quadruple": 87
      }
    },
    "https://claude.ai/|proxy": {
      "n": 87,
      "median": 0.287494,
      "p95": 0.718772,
      "p99": 1.289484,
      "max": 1.419577,
      "count_over_1s": 3,
      "count_over_2s": 0,
      "max_probe_gap_sec": 4.744486093521118,
      "count_probe_gaps_over_threshold": 11,
      "probe_gap_threshold_sec": 4.0,
      "lag_event_count_at_p95_or_higher": 5,
      "top_spikes": [
        {
          "timestamp_utc": "2026-02-20T13:34:55.585390Z",
          "t_rel_sec": 5.104672,
          "time_total": 1.419577,
          "http_code": 403,
          "sector15_tod_utc": 9,
          "house12_2h_utc": 7
        },
        {
          "timestamp_utc": "2026-02-20T13:35:25.936299Z",
          "t_rel_sec": 35.45558,
          "time_total": 1.289484,
          "http_code": 403,
          "sector15_tod_utc": 9,
          "house12_2h_utc": 7
        },
        {
          "timestamp_utc": "2026-02-20T13:39:51.791139Z",
          "t_rel_sec": 301.31042,
          "time_total": 1.088057,
          "http_code": 403,
          "sector15_tod_utc": 9,
          "house12_2h_utc": 7
        },
        {
          "timestamp_utc": "2026-02-20T13:36:17.989403Z",
          "t_rel_sec": 87.508688,
          "time_total": 0.876762,
          "http_code": 403,
          "sector15_tod_utc": 9,
          "house12_2h_utc": 7
        },
        {
          "timestamp_utc": "2026-02-20T13:38:43.971569Z",
          "t_rel_sec": 233.490851,
          "time_total": 0.718772,
          "http_code": 403,
          "sector15_tod_utc": 9,
          "house12_2h_utc": 7
        }
      ],
      "top_probe_gaps": [
        {
          "gap_sec": 4.744486093521118,
          "prev_timestamp_utc": "2026-02-20T13:38:39.227083Z",
          "next_timestamp_utc": "2026-02-20T13:38:43.971569Z",
          "prev_t_rel_sec": 228.746364,
          "next_t_rel_sec": 233.490851,
          "prev_time_total": 0.316982,
          "next_time_total": 0.718772,
          "sector15_prev": 9,
          "sector15_next": 9
        },
        {
          "gap_sec": 4.579025030136108,
          "prev_timestamp_utc": "2026-02-20T13:39:09.635348Z",
          "next_timestamp_utc": "2026-02-20T13:39:14.214373Z",
          "prev_t_rel_sec": 259.154639,
          "next_t_rel_sec": 263.733661,
          "prev_time_total": 0.362328,
          "next_time_total": 0.404592,
          "sector15_prev": 9,
          "sector15_next": 9
        },
        {
          "gap_sec": 4.564816951751709,
          "prev_timestamp_utc": "2026-02-20T13:39:47.226322Z",
          "next_timestamp_utc": "2026-02-20T13:39:51.791139Z",
          "prev_t_rel_sec": 296.745607,
          "next_t_rel_sec": 301.31042,
          "prev_time_total": 0.376917,
          "next_time_total": 1.088057,
          "sector15_prev": 9,
          "sector15_next": 9
        },
        {
          "gap_sec": 4.493085861206055,
          "prev_timestamp_utc": "2026-02-20T13:35:54.125507Z",
          "next_timestamp_utc": "2026-02-20T13:35:58.618593Z",
          "prev_t_rel_sec": 63.644791,
          "next_t_rel_sec": 68.137872,
          "prev_time_total": 0.409734,
          "next_time_total": 0.495265,
          "sector15_prev": 9,
          "sector15_next": 9
        },
        {
          "gap_sec": 4.472339868545532,
          "prev_timestamp_utc": "2026-02-20T13:38:51.005614Z",
          "next_timestamp_utc": "2026-02-20T13:38:55.477954Z",
          "prev_t_rel_sec": 240.524898,
          "next_t_rel_sec": 244.997237,
          "prev_time_total": 0.202395,
          "next_time_total": 0.187321,
          "sector15_prev": 9,
          "sector15_next": 9
        }
      ],
      "sector15_all_top": [
        {
          "bucket": 9,
          "count": 87
        }
      ],
      "sector15_lag_top": [
        {
          "bucket": 9,
          "count": 5
        }
      ],
      "house12_all_top": [
        {
          "bucket": 7,
          "count": 87
        }
      ],
      "house12_lag_top": [
        {
          "bucket": 7,
          "count": 5
        }
      ],
      "system_context_correlation": {
        "lag_vs_cpu_pearson": -0.09261847926871092,
        "lag_vs_mem_pearson": 0.14794197157729613,
        "lag_vs_swap_pearson": -0.03400407296460849,
        "lag_vs_phi_pearson": null,
        "lag_vs_psi_pearson": null,
        "lag_vs_sigma_pearson": null,
        "lag_vs_epsilon_pearson": null,
        "lag_vs_quadruple_pearson": null,
        "pairs_used_system": 87,
        "pairs_used_quadruple": 87
      }
    },
    "https://www.perplexity.ai/|direct": {
      "n": 87,
      "median": 0.170333,
      "p95": 0.445738,
      "p99": 0.629228,
      "max": 0.925885,
      "count_over_1s": 0,
      "count_over_2s": 0,
      "max_probe_gap_sec": 4.718584060668945,
      "count_probe_gaps_over_threshold": 12,
      "probe_gap_threshold_sec": 4.0,
      "lag_event_count_at_p95_or_higher": 5,
      "top_spikes": [
        {
          "timestamp_utc": "2026-02-20T13:39:32.979121Z",
          "t_rel_sec": 282.498408,
          "time_total": 0.925885,
          "http_code": 403,
          "sector15_tod_utc": 9,
          "house12_2h_utc": 7
        },
        {
          "timestamp_utc": "2026-02-20T13:39:36.671667Z",
          "t_rel_sec": 286.19095,
          "time_total": 0.629228,
          "http_code": 403,
          "sector15_tod_utc": 9,
          "house12_2h_utc": 7
        },
        {
          "timestamp_utc": "2026-02-20T13:38:13.983689Z",
          "t_rel_sec": 203.502972,
          "time_total": 0.549165,
          "http_code": 403,
          "sector15_tod_utc": 9,
          "house12_2h_utc": 7
        },
        {
          "timestamp_utc": "2026-02-20T13:38:03.042580Z",
          "t_rel_sec": 192.561863,
          "time_total": 0.53791,
          "http_code": 403,
          "sector15_tod_utc": 9,
          "house12_2h_utc": 7
        },
        {
          "timestamp_utc": "2026-02-20T13:39:47.739312Z",
          "t_rel_sec": 297.258596,
          "time_total": 0.445738,
          "http_code": 403,
          "sector15_tod_utc": 9,
          "house12_2h_utc": 7
        }
      ],
      "top_probe_gaps": [
        {
          "gap_sec": 4.718584060668945,
          "prev_timestamp_utc": "2026-02-20T13:38:39.419627Z",
          "next_timestamp_utc": "2026-02-20T13:38:44.138211Z",
          "prev_t_rel_sec": 228.938911,
          "next_t_rel_sec": 233.657496,
          "prev_time_total": 0.172427,
          "next_time_total": 0.14906,
          "sector15_prev": 9,
          "sector15_next": 9
        },
        {
          "gap_sec": 4.502311944961548,
          "prev_timestamp_utc": "2026-02-20T13:39:09.915782Z",
          "next_timestamp_utc": "2026-02-20T13:39:14.418094Z",
          "prev_t_rel_sec": 259.435068,
          "next_t_rel_sec": 263.937377,
          "prev_time_total": 0.265204,
          "next_time_total": 0.180156,
          "sector15_prev": 9,
          "sector15_next": 9
        },
        {
          "gap_sec": 4.478702068328857,
          "prev_timestamp_utc": "2026-02-20T13:35:54.288987Z",
          "next_timestamp_utc": "2026-02-20T13:35:58.767689Z",
          "prev_t_rel_sec": 63.80827,
          "next_t_rel_sec": 68.286969,
          "prev_time_total": 0.144225,
          "next_time_total": 0.136447,
          "sector15_prev": 9,
          "sector15_next": 9
        },
        {
          "gap_sec": 4.432509899139404,
          "prev_timestamp_utc": "2026-02-20T13:38:51.163779Z",
          "next_timestamp_utc": "2026-02-20T13:38:55.596289Z",
          "prev_t_rel_sec": 240.683066,
          "next_t_rel_sec": 245.115571,
          "prev_time_total": 0.141855,
          "next_time_total": 0.108296,
          "sector15_prev": 9,
          "sector15_next": 9
        },
        {
          "gap_sec": 4.353113889694214,
          "prev_timestamp_utc": "2026-02-20T13:39:28.626007Z",
          "next_timestamp_utc": "2026-02-20T13:39:32.979121Z",
          "prev_t_rel_sec": 278.145289,
          "next_t_rel_sec": 282.498408,
          "prev_time_total": 0.188913,
          "next_time_total": 0.925885,
          "sector15_prev": 9,
          "sector15_next": 9
        }
      ],
      "sector15_all_top": [
        {
          "bucket": 9,
          "count": 87
        }
      ],
      "sector15_lag_top": [
        {
          "bucket": 9,
          "count": 5
        }
      ],
      "house12_all_top": [
        {
          "bucket": 7,
          "count": 87
        }
      ],
      "house12_lag_top": [
        {
          "bucket": 7,
          "count": 5
        }
      ],
      "system_context_correlation": {
        "lag_vs_cpu_pearson": 0.040413789852650345,
        "lag_vs_mem_pearson": 0.2781162038278116,
        "lag_vs_swap_pearson": 0.28675388612577757,
        "lag_vs_phi_pearson": null,
        "lag_vs_psi_pearson": null,
        "lag_vs_sigma_pearson": null,
        "lag_vs_epsilon_pearson": null,
        "lag_vs_quadruple_pearson": null,
        "pairs_used_system": 87,
        "pairs_used_quadruple": 87
      }
    },
    "https://www.perplexity.ai/|proxy": {
      "n": 87,
      "median": 0.28033,
      "p95": 0.947717,
      "p99": 1.388837,
      "max": 1.629414,
      "count_over_1s": 4,
      "count_over_2s": 0,
      "max_probe_gap_sec": 4.5531110763549805,
      "count_probe_gaps_over_threshold": 14,
      "probe_gap_threshold_sec": 4.0,
      "lag_event_count_at_p95_or_higher": 5,
      "top_spikes": [
        {
          "timestamp_utc": "2026-02-20T13:38:52.809770Z",
          "t_rel_sec": 242.329053,
          "time_total": 1.629414,
          "http_code": 403,
          "sector15_tod_utc": 9,
          "house12_2h_utc": 7
        },
        {
          "timestamp_utc": "2026-02-20T13:35:55.692418Z",
          "t_rel_sec": 65.211704,
          "time_total": 1.388837,
          "http_code": 403,
          "sector15_tod_utc": 9,
          "house12_2h_utc": 7
        },
        {
          "timestamp_utc": "2026-02-20T13:35:37.651511Z",
          "t_rel_sec": 47.170795,
          "time_total": 1.050902,
          "http_code": 403,
          "sector15_tod_utc": 9,
          "house12_2h_utc": 7
        },
        {
          "timestamp_utc": "2026-02-20T13:39:11.040167Z",
          "t_rel_sec": 260.559451,
          "time_total": 1.047333,
          "http_code": 403,
          "sector15_tod_utc": 9,
          "house12_2h_utc": 7
        },
        {
          "timestamp_utc": "2026-02-20T13:38:40.405676Z",
          "t_rel_sec": 229.924959,
          "time_total": 0.947717,
          "http_code": 403,
          "sector15_tod_utc": 9,
          "house12_2h_utc": 7
        }
      ],
      "top_probe_gaps": [
        {
          "gap_sec": 4.5531110763549805,
          "prev_timestamp_utc": "2026-02-20T13:35:51.139307Z",
          "next_timestamp_utc": "2026-02-20T13:35:55.692418Z",
          "prev_t_rel_sec": 60.658584,
          "next_t_rel_sec": 65.211704,
          "prev_time_total": 0.410398,
          "next_time_total": 1.388837,
          "sector15_prev": 9,
          "sector15_next": 9
        },
        {
          "gap_sec": 4.480287075042725,
          "prev_timestamp_utc": "2026-02-20T13:38:48.329483Z",
          "next_timestamp_utc": "2026-02-20T13:38:52.809770Z",
          "prev_t_rel_sec": 237.848768,
          "next_t_rel_sec": 242.329053,
          "prev_time_total": 0.511831,
          "next_time_total": 1.629414,
          "sector15_prev": 9,
          "sector15_next": 9
        },
        {
          "gap_sec": 4.460376977920532,
          "prev_timestamp_utc": "2026-02-20T13:39:06.579790Z",
          "next_timestamp_utc": "2026-02-20T13:39:11.040167Z",
          "prev_t_rel_sec": 256.099071,
          "next_t_rel_sec": 260.559451,
          "prev_time_total": 0.301573,
          "next_time_total": 1.047333,
          "sector15_prev": 9,
          "sector15_next": 9
        },
        {
          "gap_sec": 4.445279836654663,
          "prev_timestamp_utc": "2026-02-20T13:38:35.960396Z",
          "next_timestamp_utc": "2026-02-20T13:38:40.405676Z",
          "prev_t_rel_sec": 225.479692,
          "next_t_rel_sec": 229.924959,
          "prev_time_total": 0.28033,
          "next_time_total": 0.947717,
          "sector15_prev": 9,
          "sector15_next": 9
        },
        {
          "gap_sec": 4.336241006851196,
          "prev_timestamp_utc": "2026-02-20T13:34:51.864324Z",
          "next_timestamp_utc": "2026-02-20T13:34:56.200565Z",
          "prev_t_rel_sec": 1.383602,
          "next_t_rel_sec": 5.719844,
          "prev_time_total": 0.431742,
          "next_time_total": 0.447359,
          "sector15_prev": 9,
          "sector15_next": 9
        }
      ],
      "sector15_all_top": [
        {
          "bucket": 9,
          "count": 87
        }
      ],
      "sector15_lag_top": [
        {
          "bucket": 9,
          "count": 5
        }
      ],
      "house12_all_top": [
        {
          "bucket": 7,
          "count": 87
        }
      ],
      "house12_lag_top": [
        {
          "bucket": 7,
          "count": 5
        }
      ],
      "system_context_correlation": {
        "lag_vs_cpu_pearson": -0.09185176882372725,
        "lag_vs_mem_pearson": 0.2887293959228918,
        "lag_vs_swap_pearson": 0.044876364557494115,
        "lag_vs_phi_pearson": null,
        "lag_vs_psi_pearson": null,
        "lag_vs_sigma_pearson": null,
        "lag_vs_epsilon_pearson": null,
        "lag_vs_quadruple_pearson": null,
        "pairs_used_system": 87,
        "pairs_used_quadruple": 87
      }
    }
  },
  "focused_compare": {
    "https://claude.ai/": {
      "median_delta_proxy_minus_direct": 0.10854400000000003,
      "p95_delta_proxy_minus_direct": 0.37023399999999995,
      "max_delta_proxy_minus_direct": 0.8548660000000001,
      "direct_count_over_1s": 0,
      "proxy_count_over_1s": 3,
      "direct_gap_events": 9,
      "proxy_gap_events": 11
    },
    "https://www.perplexity.ai/": {
      "median_delta_proxy_minus_direct": 0.10999700000000001,
      "p95_delta_proxy_minus_direct": 0.501979,
      "max_delta_proxy_minus_direct": 0.703529,
      "direct_count_over_1s": 0,
      "proxy_count_over_1s": 4,
      "direct_gap_events": 12,
      "proxy_gap_events": 14
    }
  },
  "cross_webapp_spike_synchrony": {
    "direct": {
      "a_spikes": 5,
      "b_spikes": 5,
      "a_spikes_overlapping_b": 0,
      "overlap_ratio_vs_a": 0.0,
      "tolerance_sec": 5.0
    },
    "proxy": {
      "a_spikes": 5,
      "b_spikes": 5,
      "a_spikes_overlapping_b": 1,
      "overlap_ratio_vs_a": 0.2,
      "tolerance_sec": 5.0
    }
  },
  "sector15_sample_top": [
    {
      "bucket": 9,
      "count": 173
    }
  ],
  "sector15_probe_top": [
    {
      "bucket": 9,
      "count": 348
    }
  ],
  "system_context": {
    "event_rows_total": 521,
    "sample_rows": 173,
    "probe_rows": 348,
    "cpu_percent_max": 100.0,
    "mem_percent_max": 75.7,
    "swap_percent_max": 45.8,
    "ethics_snapshots_window": 21
  },
  "paths": {
    "json": "reports_runtime/federation_dual_webapp_lag_gap_analysis_20260220T134004Z.json",
    "md": "reports_runtime/federation_dual_webapp_lag_gap_analysis_20260220T134004Z.md"
  }
}
