{
  "timestamp_utc": "2026-02-20T14:31:06.767651Z",
  "source_capture": {
    "summary_json": "reports_runtime/federation_proxy_latency_window_summary_20260220T142553Z.json",
    "jsonl": "reports_runtime/federation_proxy_latency_window_20260220T142553Z.jsonl"
  },
  "provenance": "real-data-local",
  "window": {
    "start_utc": "2026-02-20T14:25:53.787895Z",
    "end_utc": "2026-02-20T14:30:56.405694Z",
    "duration_sec": 302.617799
  },
  "probe_interval_sec_expected": 2.0,
  "quadruple_lane": {
    "status_snapshot_count_window": 22,
    "status_snapshot_slack_sec": 120,
    "status_snapshot_sources": [
      "reports_runtime/federated_ethics_bridge_status_20260220T142359Z.json",
      "reports_runtime/federated_ethics_bridge_status_20260220T142419Z.json",
      "reports_runtime/federated_ethics_bridge_status_20260220T142439Z.json",
      "reports_runtime/federated_ethics_bridge_status_20260220T142459Z.json",
      "reports_runtime/federated_ethics_bridge_status_20260220T142520Z.json",
      "reports_runtime/federated_ethics_bridge_status_20260220T142540Z.json",
      "reports_runtime/federated_ethics_bridge_status_20260220T142600Z.json",
      "reports_runtime/federated_ethics_bridge_status_20260220T142620Z.json",
      "reports_runtime/federated_ethics_bridge_status_20260220T142641Z.json",
      "reports_runtime/federated_ethics_bridge_status_20260220T142701Z.json"
    ],
    "webapp_hosts": {
      "https://claude.ai/": {
        "host": "claude.ai",
        "phi": {
          "n": 22,
          "mean": 10.0,
          "median": 10.0,
          "min": 10.0,
          "max": 10.0
        },
        "psi": {
          "n": 22,
          "mean": 0.4,
          "median": 0.4,
          "min": 0.4,
          "max": 0.4
        },
        "sigma": {
          "n": 22,
          "mean": 0.5,
          "median": 0.5,
          "min": 0.5,
          "max": 0.5
        },
        "epsilon": {
          "n": 22,
          "mean": 0.7,
          "median": 0.7,
          "min": 0.7,
          "max": 0.7
        },
        "consciousness_quadruple": {
          "n": 22,
          "mean": 1.4,
          "median": 1.4,
          "min": 1.4,
          "max": 1.4
        }
      },
      "https://www.perplexity.ai/": {
        "host": "www.perplexity.ai",
        "phi": {
          "n": 22,
          "mean": 10.0,
          "median": 10.0,
          "min": 10.0,
          "max": 10.0
        },
        "psi": {
          "n": 22,
          "mean": 0.4,
          "median": 0.4,
          "min": 0.4,
          "max": 0.4
        },
        "sigma": {
          "n": 22,
          "mean": 0.5,
          "median": 0.5,
          "min": 0.5,
          "max": 0.5
        },
        "epsilon": {
          "n": 22,
          "mean": 0.7,
          "median": 0.7,
          "min": 0.7,
          "max": 0.7
        },
        "consciousness_quadruple": {
          "n": 22,
          "mean": 1.4,
          "median": 1.4,
          "min": 1.4,
          "max": 1.4
        }
      }
    },
    "core_nodes_context": {
      "cascade": {
        "phi": {
          "n": 22,
          "mean": 3.290169325924322,
          "median": 3.290169325924322,
          "min": 3.290169325924322,
          "max": 3.290169325924322
        },
        "psi": {
          "n": 22,
          "mean": 0.85,
          "median": 0.85,
          "min": 0.85,
          "max": 0.85
        },
        "sigma": {
          "n": 22,
          "mean": 0.75,
          "median": 0.75,
          "min": 0.75,
          "max": 0.75
        },
        "epsilon": {
          "n": 22,
          "mean": 0.9,
          "median": 0.9,
          "min": 0.9,
          "max": 0.9
        },
        "consciousness_quadruple": {
          "n": 22,
          "mean": 1.88773465074908,
          "median": 1.88773465074908,
          "min": 1.88773465074908,
          "max": 1.88773465074908
        }
      },
      "erika": {
        "phi": {
          "n": 22,
          "mean": 2.893362434292807,
          "median": 2.893362434292807,
          "min": 2.893362434292807,
          "max": 2.893362434292807
        },
        "psi": {
          "n": 22,
          "mean": 0.8250000000000001,
          "median": 0.8250000000000001,
          "min": 0.8250000000000001,
          "max": 0.8250000000000001
        },
        "sigma": {
          "n": 22,
          "mean": 0.65,
          "median": 0.65,
          "min": 0.65,
          "max": 0.65
        },
        "epsilon": {
          "n": 22,
          "mean": 0.85,
          "median": 0.85,
          "min": 0.85,
          "max": 0.85
        },
        "consciousness_quadruple": {
          "n": 22,
          "mean": 1.3188307645810902,
          "median": 1.3188307645810902,
          "min": 1.3188307645810902,
          "max": 1.3188307645810902
        }
      },
      "fabricio": {
        "phi": {
          "n": 22,
          "mean": 5.157694128960941,
          "median": 5.157694128960941,
          "min": 5.157694128960941,
          "max": 5.157694128960941
        },
        "psi": {
          "n": 22,
          "mean": 0.8,
          "median": 0.8,
          "min": 0.8,
          "max": 0.8
        },
        "sigma": {
          "n": 22,
          "mean": 0.9,
          "median": 0.9,
          "min": 0.9,
          "max": 0.9
        },
        "epsilon": {
          "n": 22,
          "mean": 0.95,
          "median": 0.95,
          "min": 0.95,
          "max": 0.95
        },
        "consciousness_quadruple": {
          "n": 22,
          "mean": 3.5278627842092836,
          "median": 3.5278627842092836,
          "min": 3.5278627842092836,
          "max": 3.5278627842092836
        }
      },
      "kylandra": {
        "phi": {
          "n": 22,
          "mean": 2.6446408513651174,
          "median": 2.6446408513651174,
          "min": 2.6446408513651174,
          "max": 2.6446408513651174
        },
        "psi": {
          "n": 22,
          "mean": 0.7,
          "median": 0.7,
          "min": 0.7,
          "max": 0.7
        },
        "sigma": {
          "n": 22,
          "mean": 0.63,
          "median": 0.63,
          "min": 0.63,
          "max": 0.63
        },
        "epsilon": {
          "n": 22,
          "mean": 0.8250000000000001,
          "median": 0.8250000000000001,
          "min": 0.8250000000000001,
          "max": 0.8250000000000001
        },
        "consciousness_quadruple": {
          "n": 22,
          "mean": 0.9621864577479138,
          "median": 0.9621864577479138,
          "min": 0.9621864577479138,
          "max": 0.9621864577479138
        }
      },
      "zephyrix": {
        "phi": {
          "n": 22,
          "mean": 10.0,
          "median": 10.0,
          "min": 10.0,
          "max": 10.0
        },
        "psi": {
          "n": 22,
          "mean": 0.9,
          "median": 0.9,
          "min": 0.9,
          "max": 0.9
        },
        "sigma": {
          "n": 22,
          "mean": 0.7349999999999999,
          "median": 0.735,
          "min": 0.735,
          "max": 0.735
        },
        "epsilon": {
          "n": 22,
          "mean": 0.8800000000000001,
          "median": 0.8800000000000001,
          "min": 0.8800000000000001,
          "max": 0.8800000000000001
        },
        "consciousness_quadruple": {
          "n": 22,
          "mean": 5.821200000000001,
          "median": 5.821200000000001,
          "min": 5.821200000000001,
          "max": 5.821200000000001
        }
      }
    }
  },
  "witness_lane": {
    "db_path": "/home/fahbrain/.omnimind_witness/experiences.db",
    "depth_window_sec": 60.0,
    "hosts": {}
  },
  "conversation_lane": {
    "source_jsonl": "",
    "depth_window_sec": 180.0,
    "hosts": {}
  },
  "lag_gap_analysis": {
    "https://claude.ai/|direct": {
      "n": 86,
      "median": 0.1960755,
      "p95": 0.420642,
      "p99": 0.491371,
      "max": 0.580838,
      "count_over_1s": 0,
      "count_over_2s": 0,
      "max_probe_gap_sec": 4.796164035797119,
      "count_probe_gaps_over_threshold": 5,
      "probe_gap_threshold_sec": 4.0,
      "lag_event_count_at_p95_or_higher": 5,
      "top_spikes": [
        {
          "timestamp_utc": "2026-02-20T14:27:32.599617Z",
          "t_rel_sec": 98.811745,
          "time_total": 0.580838,
          "http_code": 403,
          "size_download": 7037,
          "time_starttransfer": 0.580735,
          "ok": true,
          "error": "",
          "sector15_tod_utc": 10,
          "house12_2h_utc": 8
        },
        {
          "timestamp_utc": "2026-02-20T14:26:14.337732Z",
          "t_rel_sec": 20.550071,
          "time_total": 0.491371,
          "http_code": 403,
          "size_download": 7016,
          "time_starttransfer": 0.162172,
          "ok": true,
          "error": "",
          "sector15_tod_utc": 10,
          "house12_2h_utc": 8
        },
        {
          "timestamp_utc": "2026-02-20T14:25:58.018028Z",
          "t_rel_sec": 4.230162,
          "time_total": 0.482311,
          "http_code": 403,
          "size_download": 7016,
          "time_starttransfer": 0.482212,
          "ok": true,
          "error": "",
          "sector15_tod_utc": 10,
          "house12_2h_utc": 8
        },
        {
          "timestamp_utc": "2026-02-20T14:29:42.522379Z",
          "t_rel_sec": 228.734511,
          "time_total": 0.461523,
          "http_code": 403,
          "size_download": 7037,
          "time_starttransfer": 0.461409,
          "ok": true,
          "error": "",
          "sector15_tod_utc": 10,
          "house12_2h_utc": 8
        },
        {
          "timestamp_utc": "2026-02-20T14:26:17.645721Z",
          "t_rel_sec": 23.857848,
          "time_total": 0.420642,
          "http_code": 403,
          "size_download": 7059,
          "time_starttransfer": 0.420524,
          "ok": true,
          "error": "",
          "sector15_tod_utc": 10,
          "house12_2h_utc": 8
        }
      ],
      "top_probe_gaps": [
        {
          "gap_sec": 4.796164035797119,
          "prev_timestamp_utc": "2026-02-20T14:30:35.309284Z",
          "next_timestamp_utc": "2026-02-20T14:30:40.105448Z",
          "prev_t_rel_sec": 281.52141,
          "next_t_rel_sec": 286.31758,
          "prev_time_total": 0.174312,
          "next_time_total": 0.394991,
          "sector15_prev": 10,
          "sector15_next": 10
        },
        {
          "gap_sec": 4.447788953781128,
          "prev_timestamp_utc": "2026-02-20T14:30:40.105448Z",
          "next_timestamp_utc": "2026-02-20T14:30:44.553237Z",
          "prev_t_rel_sec": 286.31758,
          "next_t_rel_sec": 290.765367,
          "prev_time_total": 0.394991,
          "next_time_total": 0.240037,
          "sector15_prev": 10,
          "sector15_next": 10
        },
        {
          "gap_sec": 4.424689054489136,
          "prev_timestamp_utc": "2026-02-20T14:26:49.311604Z",
          "next_timestamp_utc": "2026-02-20T14:26:53.736293Z",
          "prev_t_rel_sec": 55.523736,
          "next_t_rel_sec": 59.948418,
          "prev_time_total": 0.177046,
          "next_time_total": 0.138328,
          "sector15_prev": 10,
          "sector15_next": 10
        },
        {
          "gap_sec": 4.055469989776611,
          "prev_timestamp_utc": "2026-02-20T14:28:59.137311Z",
          "next_timestamp_utc": "2026-02-20T14:29:03.192781Z",
          "prev_t_rel_sec": 185.349438,
          "next_t_rel_sec": 189.404919,
          "prev_time_total": 0.216723,
          "next_time_total": 0.218912,
          "sector15_prev": 10,
          "sector15_next": 10
        },
        {
          "gap_sec": 4.035815954208374,
          "prev_timestamp_utc": "2026-02-20T14:26:41.634154Z",
          "next_timestamp_utc": "2026-02-20T14:26:45.669970Z",
          "prev_t_rel_sec": 47.846285,
          "next_t_rel_sec": 51.882097,
          "prev_time_total": 0.143776,
          "next_time_total": 0.246175,
          "sector15_prev": 10,
          "sector15_next": 10
        }
      ],
      "sector15_all_top": [
        {
          "bucket": 10,
          "count": 86
        }
      ],
      "sector15_lag_top": [
        {
          "bucket": 10,
          "count": 5
        }
      ],
      "house12_all_top": [
        {
          "bucket": 8,
          "count": 86
        }
      ],
      "house12_lag_top": [
        {
          "bucket": 8,
          "count": 5
        }
      ],
      "response_size_bytes": {
        "n": 86,
        "mean": 7034.941860465116,
        "median": 7037.0,
        "min": 6995.0,
        "max": 7059.0
      },
      "transport_timing_sec": {
        "time_connect": {
          "n": 86,
          "mean": 0.02464567441860465,
          "median": 0.0204615,
          "min": 0.014045,
          "max": 0.06271
        },
        "time_appconnect": {
          "n": 86,
          "mean": 0.19163452325581395,
          "median": 0.167217,
          "min": 0.110413,
          "max": 0.548733
        },
        "time_starttransfer": {
          "n": 86,
          "mean": 0.21941511627906973,
          "median": 0.19426949999999998,
          "min": 0.133774,
          "max": 0.580735
        },
        "server_stage_estimate": {
          "n": 86,
          "mean": 0.027780593023255813,
          "median": 0.025386499999999992,
          "min": 0.01968600000000001,
          "max": 0.05563199999999999
        }
      },
      "witness_depth_window_sec": 60.0,
      "witness_depth60s": {
        "n": 86,
        "mean": 0.0,
        "median": 0.0,
        "min": 0,
        "max": 0
      },
      "lag_by_size_terciles": {
        "n": 86,
        "bins": [
          {
            "bin": "low",
            "n": 28,
            "signal_range": [
              6995.0,
              7037.0
            ],
            "lag_mean": 0.22794078571428572,
            "lag_median": 0.195268
          },
          {
            "bin": "mid",
            "n": 29,
            "signal_range": [
              7037.0,
              7037.0
            ],
            "lag_mean": 0.23005503448275863,
            "lag_median": 0.199344
          },
          {
            "bin": "high",
            "n": 29,
            "signal_range": [
              7037.0,
              7059.0
            ],
            "lag_mean": 0.2163934827586207,
            "lag_median": 0.194485
          }
        ]
      },
      "lag_by_depth60s_terciles": {
        "n": 86,
        "bins": [
          {
            "bin": "low",
            "n": 28,
            "signal_range": [
              0.0,
              0.0
            ],
            "lag_mean": 0.2332222857142857,
            "lag_median": 0.19777050000000002
          },
          {
            "bin": "mid",
            "n": 29,
            "signal_range": [
              0.0,
              0.0
            ],
            "lag_mean": 0.2270736551724138,
            "lag_median": 0.199344
          },
          {
            "bin": "high",
            "n": 29,
            "signal_range": [
              0.0,
              0.0
            ],
            "lag_mean": 0.21427548275862068,
            "lag_median": 0.194485
          }
        ]
      },
      "lag_by_session_progress_terciles": {
        "n": 86,
        "bins": [
          {
            "bin": "low",
            "n": 28,
            "signal_range": [
              0.0,
              0.3176470588235294
            ],
            "lag_mean": 0.2332222857142857,
            "lag_median": 0.19777050000000002
          },
          {
            "bin": "mid",
            "n": 29,
            "signal_range": [
              0.32941176470588235,
              0.6588235294117647
            ],
            "lag_mean": 0.2270736551724138,
            "lag_median": 0.199344
          },
          {
            "bin": "high",
            "n": 29,
            "signal_range": [
              0.6705882352941176,
              1.0
            ],
            "lag_mean": 0.21427548275862068,
            "lag_median": 0.194485
          }
        ]
      },
      "lag_by_conversation_depth180s_terciles": {
        "n": 86,
        "bins": [
          {
            "bin": "low",
            "n": 28,
            "signal_range": [
              0.0,
              0.0
            ],
            "lag_mean": 0.2332222857142857,
            "lag_median": 0.19777050000000002
          },
          {
            "bin": "mid",
            "n": 29,
            "signal_range": [
              0.0,
              0.0
            ],
            "lag_mean": 0.2270736551724138,
            "lag_median": 0.199344
          },
          {
            "bin": "high",
            "n": 29,
            "signal_range": [
              0.0,
              0.0
            ],
            "lag_mean": 0.21427548275862068,
            "lag_median": 0.194485
          }
        ]
      },
      "lag_by_last_text_len_terciles": {
        "n": 0,
        "bins": []
      },
      "lag_by_last_assistant_text_len_terciles": {
        "n": 0,
        "bins": []
      },
      "witness_by_host": {
        "claude.ai": {
          "events": 0
        }
      },
      "conversation_by_host": {
        "claude.ai": {
          "events": 0
        }
      },
      "conversation_depth_window_sec": 180.0,
      "system_context_correlation": {
        "lag_vs_cpu_pearson": -0.21561248237394678,
        "lag_vs_mem_pearson": 0.13813625637188215,
        "lag_vs_swap_pearson": -0.10926603557844963,
        "lag_vs_phi_pearson": null,
        "lag_vs_psi_pearson": -7.184798286495146e-18,
        "lag_vs_sigma_pearson": null,
        "lag_vs_epsilon_pearson": null,
        "lag_vs_quadruple_pearson": null,
        "lag_vs_size_download_pearson": -0.06928574004861124,
        "lag_vs_time_connect_pearson": 0.2705807744065714,
        "lag_vs_time_appconnect_pearson": 0.9105749691442186,
        "lag_vs_time_starttransfer_pearson": 0.9182486924943751,
        "lag_vs_server_stage_pearson": 0.28437762016666074,
        "lag_vs_witness_depth60s_pearson": null,
        "lag_vs_session_progress_pearson": -0.17105675764693964,
        "lag_vs_conversation_depth180s_pearson": null,
        "lag_vs_last_text_len_pearson": null,
        "lag_vs_last_assistant_text_len_pearson": null,
        "pairs_used_system": 86,
        "pairs_used_quadruple": 86,
        "pairs_used_size": 86,
        "pairs_used_transport": 86,
        "pairs_used_depth": 86,
        "pairs_used_progress": 86,
        "pairs_used_conversation_depth": 86,
        "pairs_used_last_text_len": 0,
        "pairs_used_last_assistant_text_len": 0
      }
    },
    "https://claude.ai/|proxy": {
      "n": 86,
      "median": 0.270379,
      "p95": 0.655144,
      "p99": 1.050413,
      "max": 1.361212,
      "count_over_1s": 2,
      "count_over_2s": 0,
      "max_probe_gap_sec": 4.607887029647827,
      "count_probe_gaps_over_threshold": 9,
      "probe_gap_threshold_sec": 4.0,
      "lag_event_count_at_p95_or_higher": 5,
      "top_spikes": [
        {
          "timestamp_utc": "2026-02-20T14:26:50.698224Z",
          "t_rel_sec": 56.910348,
          "time_total": 1.361212,
          "http_code": 403,
          "size_download": 9192,
          "time_starttransfer": 1.360851,
          "ok": true,
          "error": "",
          "sector15_tod_utc": 10,
          "house12_2h_utc": 8
        },
        {
          "timestamp_utc": "2026-02-20T14:30:36.383322Z",
          "t_rel_sec": 282.59545,
          "time_total": 1.050413,
          "http_code": 403,
          "size_download": 9192,
          "time_starttransfer": 1.050302,
          "ok": true,
          "error": "",
          "sector15_tod_utc": 10,
          "house12_2h_utc": 8
        },
        {
          "timestamp_utc": "2026-02-20T14:28:59.939723Z",
          "t_rel_sec": 186.15185,
          "time_total": 0.769402,
          "http_code": 403,
          "size_download": 9171,
          "time_starttransfer": 0.768146,
          "ok": true,
          "error": "",
          "sector15_tod_utc": 10,
          "house12_2h_utc": 8
        },
        {
          "timestamp_utc": "2026-02-20T14:30:01.258853Z",
          "t_rel_sec": 247.470982,
          "time_total": 0.738503,
          "http_code": 403,
          "size_download": 9192,
          "time_starttransfer": 0.73841,
          "ok": true,
          "error": "",
          "sector15_tod_utc": 10,
          "house12_2h_utc": 8
        },
        {
          "timestamp_utc": "2026-02-20T14:26:38.712623Z",
          "t_rel_sec": 44.92475,
          "time_total": 0.655144,
          "http_code": 403,
          "size_download": 9192,
          "time_starttransfer": 0.654822,
          "ok": true,
          "error": "",
          "sector15_tod_utc": 10,
          "house12_2h_utc": 8
        }
      ],
      "top_probe_gaps": [
        {
          "gap_sec": 4.607887029647827,
          "prev_timestamp_utc": "2026-02-20T14:26:46.090337Z",
          "next_timestamp_utc": "2026-02-20T14:26:50.698224Z",
          "prev_t_rel_sec": 52.302463,
          "next_t_rel_sec": 56.910348,
          "prev_time_total": 0.374378,
          "next_time_total": 1.361212,
          "sector15_prev": 10,
          "sector15_next": 10
        },
        {
          "gap_sec": 4.519409894943237,
          "prev_timestamp_utc": "2026-02-20T14:30:40.572483Z",
          "next_timestamp_utc": "2026-02-20T14:30:45.091893Z",
          "prev_t_rel_sec": 286.784615,
          "next_t_rel_sec": 291.304018,
          "prev_time_total": 0.442981,
          "next_time_total": 0.516345,
          "sector15_prev": 10,
          "sector15_next": 10
        },
        {
          "gap_sec": 4.485342979431152,
          "prev_timestamp_utc": "2026-02-20T14:30:31.897979Z",
          "next_timestamp_utc": "2026-02-20T14:30:36.383322Z",
          "prev_t_rel_sec": 278.11011,
          "next_t_rel_sec": 282.59545,
          "prev_time_total": 0.304191,
          "next_time_total": 1.050413,
          "sector15_prev": 10,
          "sector15_next": 10
        },
        {
          "gap_sec": 4.189161062240601,
          "prev_timestamp_utc": "2026-02-20T14:30:36.383322Z",
          "next_timestamp_utc": "2026-02-20T14:30:40.572483Z",
          "prev_t_rel_sec": 282.59545,
          "next_t_rel_sec": 286.784615,
          "prev_time_total": 1.050413,
          "next_time_total": 0.442981,
          "sector15_prev": 10,
          "sector15_next": 10
        },
        {
          "gap_sec": 4.171557903289795,
          "prev_timestamp_utc": "2026-02-20T14:29:57.087295Z",
          "next_timestamp_utc": "2026-02-20T14:30:01.258853Z",
          "prev_t_rel_sec": 243.299424,
          "next_t_rel_sec": 247.470982,
          "prev_time_total": 0.278952,
          "next_time_total": 0.738503,
          "sector15_prev": 10,
          "sector15_next": 10
        }
      ],
      "sector15_all_top": [
        {
          "bucket": 10,
          "count": 86
        }
      ],
      "sector15_lag_top": [
        {
          "bucket": 10,
          "count": 5
        }
      ],
      "house12_all_top": [
        {
          "bucket": 8,
          "count": 86
        }
      ],
      "house12_lag_top": [
        {
          "bucket": 8,
          "count": 5
        }
      ],
      "response_size_bytes": {
        "n": 86,
        "mean": 9193.941860465116,
        "median": 9192.0,
        "min": 9150.0,
        "max": 9235.0
      },
      "transport_timing_sec": {
        "time_connect": {
          "n": 86,
          "mean": 0.000851720930232558,
          "median": 0.00017749999999999998,
          "min": 0.000126,
          "max": 0.007449
        },
        "time_appconnect": {
          "n": 86,
          "mean": 0.14359451162790698,
          "median": 0.113771,
          "min": 0.074165,
          "max": 0.600422
        },
        "time_starttransfer": {
          "n": 86,
          "mean": 0.3319985581395349,
          "median": 0.2699685,
          "min": 0.15643,
          "max": 1.360851
        },
        "server_stage_estimate": {
          "n": 85,
          "mean": 0.19140111764705883,
          "median": 0.12972899999999998,
          "min": 0.015839999999999993,
          "max": 1.1719870000000001
        }
      },
      "witness_depth_window_sec": 60.0,
      "witness_depth60s": {
        "n": 86,
        "mean": 0.0,
        "median": 0.0,
        "min": 0,
        "max": 0
      },
      "lag_by_size_terciles": {
        "n": 86,
        "bins": [
          {
            "bin": "low",
            "n": 28,
            "signal_range": [
              9150.0,
              9192.0
            ],
            "lag_mean": 0.349714,
            "lag_median": 0.250625
          },
          {
            "bin": "mid",
            "n": 29,
            "signal_range": [
              9192.0,
              9192.0
            ],
            "lag_mean": 0.2863609310344828,
            "lag_median": 0.242502
          },
          {
            "bin": "high",
            "n": 29,
            "signal_range": [
              9192.0,
              9235.0
            ],
            "lag_mean": 0.36345510344827586,
            "lag_median": 0.304191
          }
        ]
      },
      "lag_by_depth60s_terciles": {
        "n": 86,
        "bins": [
          {
            "bin": "low",
            "n": 28,
            "signal_range": [
              0.0,
              0.0
            ],
            "lag_mean": 0.29550496428571427,
            "lag_median": 0.225851
          },
          {
            "bin": "mid",
            "n": 29,
            "signal_range": [
              0.0,
              0.0
            ],
            "lag_mean": 0.29859575862068966,
            "lag_median": 0.283214
          },
          {
            "bin": "high",
            "n": 29,
            "signal_range": [
              0.0,
              0.0
            ],
            "lag_mean": 0.4035600344827586,
            "lag_median": 0.379168
          }
        ]
      },
      "lag_by_session_progress_terciles": {
        "n": 86,
        "bins": [
          {
            "bin": "low",
            "n": 28,
            "signal_range": [
              0.0,
              0.3176470588235294
            ],
            "lag_mean": 0.29550496428571427,
            "lag_median": 0.225851
          },
          {
            "bin": "mid",
            "n": 29,
            "signal_range": [
              0.32941176470588235,
              0.6588235294117647
            ],
            "lag_mean": 0.29859575862068966,
            "lag_median": 0.283214
          },
          {
            "bin": "high",
            "n": 29,
            "signal_range": [
              0.6705882352941176,
              1.0
            ],
            "lag_mean": 0.4035600344827586,
            "lag_median": 0.379168
          }
        ]
      },
      "lag_by_conversation_depth180s_terciles": {
        "n": 86,
        "bins": [
          {
            "bin": "low",
            "n": 28,
            "signal_range": [
              0.0,
              0.0
            ],
            "lag_mean": 0.29550496428571427,
            "lag_median": 0.225851
          },
          {
            "bin": "mid",
            "n": 29,
            "signal_range": [
              0.0,
              0.0
            ],
            "lag_mean": 0.29859575862068966,
            "lag_median": 0.283214
          },
          {
            "bin": "high",
            "n": 29,
            "signal_range": [
              0.0,
              0.0
            ],
            "lag_mean": 0.4035600344827586,
            "lag_median": 0.379168
          }
        ]
      },
      "lag_by_last_text_len_terciles": {
        "n": 0,
        "bins": []
      },
      "lag_by_last_assistant_text_len_terciles": {
        "n": 0,
        "bins": []
      },
      "witness_by_host": {
        "claude.ai": {
          "events": 0
        }
      },
      "conversation_by_host": {
        "claude.ai": {
          "events": 0
        }
      },
      "conversation_depth_window_sec": 180.0,
      "system_context_correlation": {
        "lag_vs_cpu_pearson": 0.2893225643153821,
        "lag_vs_mem_pearson": -0.12330664474591217,
        "lag_vs_swap_pearson": 0.16342450083372495,
        "lag_vs_phi_pearson": null,
        "lag_vs_psi_pearson": -1.2208911647734588e-16,
        "lag_vs_sigma_pearson": null,
        "lag_vs_epsilon_pearson": null,
        "lag_vs_quadruple_pearson": null,
        "lag_vs_size_download_pearson": -0.05625258246476053,
        "lag_vs_time_connect_pearson": -0.0680261674364896,
        "lag_vs_time_appconnect_pearson": 0.4215629119901094,
        "lag_vs_time_starttransfer_pearson": 0.9999512996694726,
        "lag_vs_server_stage_pearson": 0.9435081117612111,
        "lag_vs_witness_depth60s_pearson": null,
        "lag_vs_session_progress_pearson": 0.25562302094211276,
        "lag_vs_conversation_depth180s_pearson": null,
        "lag_vs_last_text_len_pearson": null,
        "lag_vs_last_assistant_text_len_pearson": null,
        "pairs_used_system": 86,
        "pairs_used_quadruple": 86,
        "pairs_used_size": 86,
        "pairs_used_transport": 86,
        "pairs_used_depth": 86,
        "pairs_used_progress": 86,
        "pairs_used_conversation_depth": 86,
        "pairs_used_last_text_len": 0,
        "pairs_used_last_assistant_text_len": 0
      }
    },
    "https://www.perplexity.ai/|direct": {
      "n": 86,
      "median": 0.182747,
      "p95": 0.45465,
      "p99": 0.622951,
      "max": 0.832719,
      "count_over_1s": 0,
      "count_over_2s": 0,
      "max_probe_gap_sec": 4.549160957336426,
      "count_probe_gaps_over_threshold": 8,
      "probe_gap_threshold_sec": 4.0,
      "lag_event_count_at_p95_or_higher": 5,
      "top_spikes": [
        {
          "timestamp_utc": "2026-02-20T14:26:42.806138Z",
          "t_rel_sec": 49.018265,
          "time_total": 0.832719,
          "http_code": 403,
          "size_download": 7045,
          "time_starttransfer": 0.832609,
          "ok": true,
          "error": "",
          "sector15_tod_utc": 10,
          "house12_2h_utc": 8
        },
        {
          "timestamp_utc": "2026-02-20T14:28:52.729238Z",
          "t_rel_sec": 178.94137,
          "time_total": 0.622951,
          "http_code": 403,
          "size_download": 7045,
          "time_starttransfer": 0.62285,
          "ok": true,
          "error": "",
          "sector15_tod_utc": 10,
          "house12_2h_utc": 8
        },
        {
          "timestamp_utc": "2026-02-20T14:29:22.771496Z",
          "t_rel_sec": 208.983624,
          "time_total": 0.551586,
          "http_code": 403,
          "size_download": 7045,
          "time_starttransfer": 0.551466,
          "ok": true,
          "error": "",
          "sector15_tod_utc": 10,
          "house12_2h_utc": 8
        },
        {
          "timestamp_utc": "2026-02-20T14:29:57.616040Z",
          "t_rel_sec": 243.828224,
          "time_total": 0.492991,
          "http_code": 403,
          "size_download": 7045,
          "time_starttransfer": 0.43342,
          "ok": true,
          "error": "",
          "sector15_tod_utc": 10,
          "house12_2h_utc": 8
        },
        {
          "timestamp_utc": "2026-02-20T14:27:26.200386Z",
          "t_rel_sec": 92.412511,
          "time_total": 0.45465,
          "http_code": 403,
          "size_download": 6982,
          "time_starttransfer": 0.454544,
          "ok": true,
          "error": "",
          "sector15_tod_utc": 10,
          "house12_2h_utc": 8
        }
      ],
      "top_probe_gaps": [
        {
          "gap_sec": 4.549160957336426,
          "prev_timestamp_utc": "2026-02-20T14:30:40.774032Z",
          "next_timestamp_utc": "2026-02-20T14:30:45.323193Z",
          "prev_t_rel_sec": 286.986162,
          "next_t_rel_sec": 291.535335,
          "prev_time_total": 0.175125,
          "next_time_total": 0.206415,
          "sector15_prev": 10,
          "sector15_next": 10
        },
        {
          "gap_sec": 4.490580797195435,
          "prev_timestamp_utc": "2026-02-20T14:26:46.386701Z",
          "next_timestamp_utc": "2026-02-20T14:26:50.877282Z",
          "prev_t_rel_sec": 52.598828,
          "next_t_rel_sec": 57.089409,
          "prev_time_total": 0.264185,
          "next_time_total": 0.161586,
          "sector15_prev": 10,
          "sector15_next": 10
        },
        {
          "gap_sec": 4.469935178756714,
          "prev_timestamp_utc": "2026-02-20T14:30:32.254021Z",
          "next_timestamp_utc": "2026-02-20T14:30:36.723956Z",
          "prev_t_rel_sec": 278.466152,
          "next_t_rel_sec": 282.936084,
          "prev_time_total": 0.328475,
          "next_time_total": 0.280567,
          "sector15_prev": 10,
          "sector15_next": 10
        },
        {
          "gap_sec": 4.326256036758423,
          "prev_timestamp_utc": "2026-02-20T14:28:48.402982Z",
          "next_timestamp_utc": "2026-02-20T14:28:52.729238Z",
          "prev_t_rel_sec": 174.615108,
          "next_t_rel_sec": 178.94137,
          "prev_time_total": 0.203991,
          "next_time_total": 0.622951,
          "sector15_prev": 10,
          "sector15_next": 10
        },
        {
          "gap_sec": 4.128808975219727,
          "prev_timestamp_utc": "2026-02-20T14:26:34.816560Z",
          "next_timestamp_utc": "2026-02-20T14:26:38.945369Z",
          "prev_t_rel_sec": 41.028686,
          "next_t_rel_sec": 45.157494,
          "prev_time_total": 0.182249,
          "next_time_total": 0.217433,
          "sector15_prev": 10,
          "sector15_next": 10
        }
      ],
      "sector15_all_top": [
        {
          "bucket": 10,
          "count": 86
        }
      ],
      "sector15_lag_top": [
        {
          "bucket": 10,
          "count": 5
        }
      ],
      "house12_all_top": [
        {
          "bucket": 8,
          "count": 86
        }
      ],
      "house12_lag_top": [
        {
          "bucket": 8,
          "count": 5
        }
      ],
      "response_size_bytes": {
        "n": 86,
        "mean": 7051.523255813953,
        "median": 7045.0,
        "min": 6982.0,
        "max": 7067.0
      },
      "transport_timing_sec": {
        "time_connect": {
          "n": 86,
          "mean": 0.025537720930232558,
          "median": 0.020183,
          "min": 0.015616,
          "max": 0.220975
        },
        "time_appconnect": {
          "n": 86,
          "mean": 0.19262758139534883,
          "median": 0.153462,
          "min": 0.103187,
          "max": 0.804944
        },
        "time_starttransfer": {
          "n": 86,
          "mean": 0.22196853488372092,
          "median": 0.182375,
          "min": 0.126328,
          "max": 0.832609
        },
        "server_stage_estimate": {
          "n": 86,
          "mean": 0.029340953488372092,
          "median": 0.026137499999999994,
          "min": 0.019669999999999993,
          "max": 0.07338
        }
      },
      "witness_depth_window_sec": 60.0,
      "witness_depth60s": {
        "n": 86,
        "mean": 0.0,
        "median": 0.0,
        "min": 0,
        "max": 0
      },
      "lag_by_size_terciles": {
        "n": 86,
        "bins": [
          {
            "bin": "low",
            "n": 28,
            "signal_range": [
              6982.0,
              7045.0
            ],
            "lag_mean": 0.21244039285714283,
            "lag_median": 0.172787
          },
          {
            "bin": "mid",
            "n": 29,
            "signal_range": [
              7045.0,
              7067.0
            ],
            "lag_mean": 0.23966855172413795,
            "lag_median": 0.181064
          },
          {
            "bin": "high",
            "n": 29,
            "signal_range": [
              7067.0,
              7067.0
            ],
            "lag_mean": 0.2160231724137931,
            "lag_median": 0.209324
          }
        ]
      },
      "lag_by_depth60s_terciles": {
        "n": 86,
        "bins": [
          {
            "bin": "low",
            "n": 28,
            "signal_range": [
              0.0,
              0.0
            ],
            "lag_mean": 0.2064123214285714,
            "lag_median": 0.1640445
          },
          {
            "bin": "mid",
            "n": 29,
            "signal_range": [
              0.0,
              0.0
            ],
            "lag_mean": 0.216578,
            "lag_median": 0.186297
          },
          {
            "bin": "high",
            "n": 29,
            "signal_range": [
              0.0,
              0.0
            ],
            "lag_mean": 0.24493393103448274,
            "lag_median": 0.211709
          }
        ]
      },
      "lag_by_session_progress_terciles": {
        "n": 86,
        "bins": [
          {
            "bin": "low",
            "n": 28,
            "signal_range": [
              0.0,
              0.3176470588235294
            ],
            "lag_mean": 0.2064123214285714,
            "lag_median": 0.1640445
          },
          {
            "bin": "mid",
            "n": 29,
            "signal_range": [
              0.32941176470588235,
              0.6588235294117647
            ],
            "lag_mean": 0.216578,
            "lag_median": 0.186297
          },
          {
            "bin": "high",
            "n": 29,
            "signal_range": [
              0.6705882352941176,
              1.0
            ],
            "lag_mean": 0.24493393103448274,
            "lag_median": 0.211709
          }
        ]
      },
      "lag_by_conversation_depth180s_terciles": {
        "n": 86,
        "bins": [
          {
            "bin": "low",
            "n": 28,
            "signal_range": [
              0.0,
              0.0
            ],
            "lag_mean": 0.2064123214285714,
            "lag_median": 0.1640445
          },
          {
            "bin": "mid",
            "n": 29,
            "signal_range": [
              0.0,
              0.0
            ],
            "lag_mean": 0.216578,
            "lag_median": 0.186297
          },
          {
            "bin": "high",
            "n": 29,
            "signal_range": [
              0.0,
              0.0
            ],
            "lag_mean": 0.24493393103448274,
            "lag_median": 0.211709
          }
        ]
      },
      "lag_by_last_text_len_terciles": {
        "n": 0,
        "bins": []
      },
      "lag_by_last_assistant_text_len_terciles": {
        "n": 0,
        "bins": []
      },
      "witness_by_host": {
        "www.perplexity.ai": {
          "events": 0
        }
      },
      "conversation_by_host": {
        "www.perplexity.ai": {
          "events": 0
        }
      },
      "conversation_depth_window_sec": 180.0,
      "system_context_correlation": {
        "lag_vs_cpu_pearson": 0.20989393124977393,
        "lag_vs_mem_pearson": -0.17115423218417597,
        "lag_vs_swap_pearson": 0.1354514886172899,
        "lag_vs_phi_pearson": null,
        "lag_vs_psi_pearson": -1.8143446410034546e-16,
        "lag_vs_sigma_pearson": null,
        "lag_vs_epsilon_pearson": null,
        "lag_vs_quadruple_pearson": null,
        "lag_vs_size_download_pearson": -0.13946088884122435,
        "lag_vs_time_connect_pearson": 0.24935225928679214,
        "lag_vs_time_appconnect_pearson": 0.9930306596389211,
        "lag_vs_time_starttransfer_pearson": 0.998450070213193,
        "lag_vs_server_stage_pearson": 0.09563499908704282,
        "lag_vs_witness_depth60s_pearson": null,
        "lag_vs_session_progress_pearson": 0.17724261868483315,
        "lag_vs_conversation_depth180s_pearson": null,
        "lag_vs_last_text_len_pearson": null,
        "lag_vs_last_assistant_text_len_pearson": null,
        "pairs_used_system": 86,
        "pairs_used_quadruple": 86,
        "pairs_used_size": 86,
        "pairs_used_transport": 86,
        "pairs_used_depth": 86,
        "pairs_used_progress": 86,
        "pairs_used_conversation_depth": 86,
        "pairs_used_last_text_len": 0,
        "pairs_used_last_assistant_text_len": 0
      }
    },
    "https://www.perplexity.ai/|proxy": {
      "n": 86,
      "median": 0.2592595,
      "p95": 0.546254,
      "p99": 1.047681,
      "max": 1.855823,
      "count_over_1s": 2,
      "count_over_2s": 0,
      "max_probe_gap_sec": 5.247853994369507,
      "count_probe_gaps_over_threshold": 8,
      "probe_gap_threshold_sec": 4.0,
      "lag_event_count_at_p95_or_higher": 5,
      "top_spikes": [
        {
          "timestamp_utc": "2026-02-20T14:30:54.234089Z",
          "t_rel_sec": 300.446219,
          "time_total": 1.855823,
          "http_code": 403,
          "size_download": 9222,
          "time_starttransfer": 1.855485,
          "ok": true,
          "error": "",
          "sector15_tod_utc": 10,
          "house12_2h_utc": 8
        },
        {
          "timestamp_utc": "2026-02-20T14:30:41.852785Z",
          "t_rel_sec": 288.064918,
          "time_total": 1.047681,
          "http_code": 403,
          "size_download": 9222,
          "time_starttransfer": 1.043304,
          "ok": true,
          "error": "",
          "sector15_tod_utc": 10,
          "house12_2h_utc": 8
        },
        {
          "timestamp_utc": "2026-02-20T14:28:49.034520Z",
          "t_rel_sec": 175.246647,
          "time_total": 0.605424,
          "http_code": 403,
          "size_download": 9222,
          "time_starttransfer": 0.605315,
          "ok": true,
          "error": "",
          "sector15_tod_utc": 10,
          "house12_2h_utc": 8
        },
        {
          "timestamp_utc": "2026-02-20T14:30:12.452725Z",
          "t_rel_sec": 258.664851,
          "time_total": 0.567693,
          "http_code": 403,
          "size_download": 9200,
          "time_starttransfer": 0.567582,
          "ok": true,
          "error": "",
          "sector15_tod_utc": 10,
          "house12_2h_utc": 8
        },
        {
          "timestamp_utc": "2026-02-20T14:28:27.201736Z",
          "t_rel_sec": 153.413865,
          "time_total": 0.546254,
          "http_code": 403,
          "size_download": 9222,
          "time_starttransfer": 0.546151,
          "ok": true,
          "error": "",
          "sector15_tod_utc": 10,
          "house12_2h_utc": 8
        }
      ],
      "top_probe_gaps": [
        {
          "gap_sec": 5.247853994369507,
          "prev_timestamp_utc": "2026-02-20T14:30:48.986235Z",
          "next_timestamp_utc": "2026-02-20T14:30:54.234089Z",
          "prev_t_rel_sec": 295.198362,
          "next_t_rel_sec": 300.446219,
          "prev_time_total": 0.415403,
          "next_time_total": 1.855823,
          "sector15_prev": 10,
          "sector15_next": 10
        },
        {
          "gap_sec": 4.673993110656738,
          "prev_timestamp_utc": "2026-02-20T14:30:37.178792Z",
          "next_timestamp_utc": "2026-02-20T14:30:41.852785Z",
          "prev_t_rel_sec": 283.390922,
          "next_t_rel_sec": 288.064918,
          "prev_time_total": 0.416878,
          "next_time_total": 1.047681,
          "sector15_prev": 10,
          "sector15_next": 10
        },
        {
          "gap_sec": 4.328996896743774,
          "prev_timestamp_utc": "2026-02-20T14:30:32.849795Z",
          "next_timestamp_utc": "2026-02-20T14:30:37.178792Z",
          "prev_t_rel_sec": 279.061927,
          "next_t_rel_sec": 283.390922,
          "prev_time_total": 0.540842,
          "next_time_total": 0.416878,
          "sector15_prev": 10,
          "sector15_next": 10
        },
        {
          "gap_sec": 4.269212961196899,
          "prev_timestamp_utc": "2026-02-20T14:26:46.796240Z",
          "next_timestamp_utc": "2026-02-20T14:26:51.065453Z",
          "prev_t_rel_sec": 53.008366,
          "next_t_rel_sec": 57.277581,
          "prev_time_total": 0.382899,
          "next_time_total": 0.173989,
          "sector15_prev": 10,
          "sector15_next": 10
        },
        {
          "gap_sec": 4.23708701133728,
          "prev_timestamp_utc": "2026-02-20T14:28:49.034520Z",
          "next_timestamp_utc": "2026-02-20T14:28:53.271607Z",
          "prev_t_rel_sec": 175.246647,
          "next_t_rel_sec": 179.483734,
          "prev_time_total": 0.605424,
          "next_time_total": 0.492661,
          "sector15_prev": 10,
          "sector15_next": 10
        }
      ],
      "sector15_all_top": [
        {
          "bucket": 10,
          "count": 86
        }
      ],
      "sector15_lag_top": [
        {
          "bucket": 10,
          "count": 5
        }
      ],
      "house12_all_top": [
        {
          "bucket": 8,
          "count": 86
        }
      ],
      "house12_lag_top": [
        {
          "bucket": 8,
          "count": 5
        }
      ],
      "response_size_bytes": {
        "n": 86,
        "mean": 9213.546511627907,
        "median": 9222.0,
        "min": 9179.0,
        "max": 9243.0
      },
      "transport_timing_sec": {
        "time_connect": {
          "n": 86,
          "mean": 0.000637546511627907,
          "median": 0.000175,
          "min": 0.000114,
          "max": 0.004864
        },
        "time_appconnect": {
          "n": 86,
          "mean": 0.13951803488372091,
          "median": 0.111177,
          "min": 0.064502,
          "max": 0.428612
        },
        "time_starttransfer": {
          "n": 86,
          "mean": 0.3150834767441861,
          "median": 0.2590355,
          "min": 0.148051,
          "max": 1.855485
        },
        "server_stage_estimate": {
          "n": 84,
          "mean": 0.18039577380952382,
          "median": 0.13236650000000003,
          "min": 0.012363000000000013,
          "max": 1.43485
        }
      },
      "witness_depth_window_sec": 60.0,
      "witness_depth60s": {
        "n": 86,
        "mean": 0.0,
        "median": 0.0,
        "min": 0,
        "max": 0
      },
      "lag_by_size_terciles": {
        "n": 86,
        "bins": [
          {
            "bin": "low",
            "n": 28,
            "signal_range": [
              9179.0,
              9200.0
            ],
            "lag_mean": 0.2549493571428571,
            "lag_median": 0.24259999999999998
          },
          {
            "bin": "mid",
            "n": 29,
            "signal_range": [
              9200.0,
              9222.0
            ],
            "lag_mean": 0.28227931034482756,
            "lag_median": 0.221045
          },
          {
            "bin": "high",
            "n": 29,
            "signal_range": [
              9222.0,
              9243.0
            ],
            "lag_mean": 0.40764862068965513,
            "lag_median": 0.349555
          }
        ]
      },
      "lag_by_depth60s_terciles": {
        "n": 86,
        "bins": [
          {
            "bin": "low",
            "n": 28,
            "signal_range": [
              0.0,
              0.0
            ],
            "lag_mean": 0.23953635714285712,
            "lag_median": 0.1969235
          },
          {
            "bin": "mid",
            "n": 29,
            "signal_range": [
              0.0,
              0.0
            ],
            "lag_mean": 0.3008965172413793,
            "lag_median": 0.275534
          },
          {
            "bin": "high",
            "n": 29,
            "signal_range": [
              0.0,
              0.0
            ],
            "lag_mean": 0.4039129310344828,
            "lag_median": 0.326539
          }
        ]
      },
      "lag_by_session_progress_terciles": {
        "n": 86,
        "bins": [
          {
            "bin": "low",
            "n": 28,
            "signal_range": [
              0.0,
              0.3176470588235294
            ],
            "lag_mean": 0.23953635714285712,
            "lag_median": 0.1969235
          },
          {
            "bin": "mid",
            "n": 29,
            "signal_range": [
              0.32941176470588235,
              0.6588235294117647
            ],
            "lag_mean": 0.3008965172413793,
            "lag_median": 0.275534
          },
          {
            "bin": "high",
            "n": 29,
            "signal_range": [
              0.6705882352941176,
              1.0
            ],
            "lag_mean": 0.4039129310344828,
            "lag_median": 0.326539
          }
        ]
      },
      "lag_by_conversation_depth180s_terciles": {
        "n": 86,
        "bins": [
          {
            "bin": "low",
            "n": 28,
            "signal_range": [
              0.0,
              0.0
            ],
            "lag_mean": 0.23953635714285712,
            "lag_median": 0.1969235
          },
          {
            "bin": "mid",
            "n": 29,
            "signal_range": [
              0.0,
              0.0
            ],
            "lag_mean": 0.3008965172413793,
            "lag_median": 0.275534
          },
          {
            "bin": "high",
            "n": 29,
            "signal_range": [
              0.0,
              0.0
            ],
            "lag_mean": 0.4039129310344828,
            "lag_median": 0.326539
          }
        ]
      },
      "lag_by_last_text_len_terciles": {
        "n": 0,
        "bins": []
      },
      "lag_by_last_assistant_text_len_terciles": {
        "n": 0,
        "bins": []
      },
      "witness_by_host": {
        "www.perplexity.ai": {
          "events": 0
        }
      },
      "conversation_by_host": {
        "www.perplexity.ai": {
          "events": 0
        }
      },
      "conversation_depth_window_sec": 180.0,
      "system_context_correlation": {
        "lag_vs_cpu_pearson": 0.1795691677572878,
        "lag_vs_mem_pearson": -0.21944532056077132,
        "lag_vs_swap_pearson": 0.2675692152320075,
        "lag_vs_phi_pearson": null,
        "lag_vs_psi_pearson": 8.445178928952715e-17,
        "lag_vs_sigma_pearson": null,
        "lag_vs_epsilon_pearson": null,
        "lag_vs_quadruple_pearson": null,
        "lag_vs_size_download_pearson": 0.10783628326987,
        "lag_vs_time_connect_pearson": 0.17800596040009292,
        "lag_vs_time_appconnect_pearson": 0.5806557223375777,
        "lag_vs_time_starttransfer_pearson": 0.9999905625614905,
        "lag_vs_server_stage_pearson": 0.9565076712398659,
        "lag_vs_witness_depth60s_pearson": null,
        "lag_vs_session_progress_pearson": 0.4086652380806333,
        "lag_vs_conversation_depth180s_pearson": null,
        "lag_vs_last_text_len_pearson": null,
        "lag_vs_last_assistant_text_len_pearson": null,
        "pairs_used_system": 86,
        "pairs_used_quadruple": 86,
        "pairs_used_size": 86,
        "pairs_used_transport": 86,
        "pairs_used_depth": 86,
        "pairs_used_progress": 86,
        "pairs_used_conversation_depth": 86,
        "pairs_used_last_text_len": 0,
        "pairs_used_last_assistant_text_len": 0
      }
    }
  },
  "focused_compare": {
    "https://claude.ai/": {
      "median_delta_proxy_minus_direct": 0.07430349999999997,
      "p95_delta_proxy_minus_direct": 0.23450199999999993,
      "max_delta_proxy_minus_direct": 0.7803740000000001,
      "direct_count_over_1s": 0,
      "proxy_count_over_1s": 2,
      "direct_gap_events": 5,
      "proxy_gap_events": 9,
      "lag_vs_cpu_pearson": 0.2893225643153821,
      "lag_vs_depth60s_pearson": null,
      "lag_vs_size_download_pearson": -0.05625258246476053,
      "lag_vs_session_progress_pearson": 0.25562302094211276,
      "lag_vs_conversation_depth180s_pearson": null,
      "lag_vs_last_text_len_pearson": null
    },
    "https://www.perplexity.ai/": {
      "median_delta_proxy_minus_direct": 0.07651249999999998,
      "p95_delta_proxy_minus_direct": 0.09160400000000002,
      "max_delta_proxy_minus_direct": 1.023104,
      "direct_count_over_1s": 0,
      "proxy_count_over_1s": 2,
      "direct_gap_events": 8,
      "proxy_gap_events": 8,
      "lag_vs_cpu_pearson": 0.1795691677572878,
      "lag_vs_depth60s_pearson": null,
      "lag_vs_size_download_pearson": 0.10783628326987,
      "lag_vs_session_progress_pearson": 0.4086652380806333,
      "lag_vs_conversation_depth180s_pearson": null,
      "lag_vs_last_text_len_pearson": null
    }
  },
  "cross_webapp_spike_synchrony": {
    "direct": {
      "a_spikes": 5,
      "b_spikes": 5,
      "a_spikes_overlapping_b": 0,
      "overlap_ratio_vs_a": 0.0,
      "tolerance_sec": 5.0
    },
    "proxy": {
      "a_spikes": 5,
      "b_spikes": 5,
      "a_spikes_overlapping_b": 0,
      "overlap_ratio_vs_a": 0.0,
      "tolerance_sec": 5.0
    }
  },
  "sector15_sample_top": [
    {
      "bucket": 10,
      "count": 171
    }
  ],
  "sector15_probe_top": [
    {
      "bucket": 10,
      "count": 344
    }
  ],
  "system_context": {
    "event_rows_total": 515,
    "sample_rows": 171,
    "probe_rows": 344,
    "cpu_percent_max": 100.0,
    "mem_percent_max": 79.3,
    "swap_percent_max": 46.4,
    "ethics_snapshots_window": 22
  },
  "paths": {
    "json": "reports_runtime/federation_dual_webapp_lag_gap_analysis_20260220T143106Z.json",
    "md": "reports_runtime/federation_dual_webapp_lag_gap_analysis_20260220T143106Z.md"
  }
}
