{
  "timestamp_utc": "2026-02-20T13:12:57.842155Z",
  "source_capture": {
    "summary_json": "reports_runtime/federation_proxy_latency_window_summary_20260220T130745Z.json",
    "jsonl": "reports_runtime/federation_proxy_latency_window_20260220T130745Z.jsonl"
  },
  "provenance": "real-data-local",
  "window": {
    "start_utc": "2026-02-20T13:07:45.746509Z",
    "end_utc": "2026-02-20T13:12:46.378894Z",
    "duration_sec": 300.632385
  },
  "probe_interval_sec_expected": 2.0,
  "lag_gap_analysis": {
    "https://claude.ai/|direct": {
      "n": 86,
      "median": 0.16859600000000002,
      "p95": 0.318697,
      "p99": 0.542801,
      "max": 0.591126,
      "count_over_1s": 0,
      "count_over_2s": 0,
      "max_probe_gap_sec": 5.7852818965911865,
      "count_probe_gaps_over_threshold": 9,
      "probe_gap_threshold_sec": 4.0,
      "lag_event_count_at_p95_or_higher": 5,
      "top_spikes": [
        {
          "timestamp_utc": "2026-02-20T13:09:12.512703Z",
          "t_rel_sec": 86.766217,
          "time_total": 0.591126,
          "http_code": 403,
          "sector15_tod_utc": 9,
          "house12_2h_utc": 7
        },
        {
          "timestamp_utc": "2026-02-20T13:11:12.566696Z",
          "t_rel_sec": 206.820213,
          "time_total": 0.542801,
          "http_code": 403,
          "sector15_tod_utc": 9,
          "house12_2h_utc": 7
        },
        {
          "timestamp_utc": "2026-02-20T13:10:02.500462Z",
          "t_rel_sec": 136.753974,
          "time_total": 0.497202,
          "http_code": 403,
          "sector15_tod_utc": 9,
          "house12_2h_utc": 7
        },
        {
          "timestamp_utc": "2026-02-20T13:11:22.658656Z",
          "t_rel_sec": 216.912172,
          "time_total": 0.354235,
          "http_code": 403,
          "sector15_tod_utc": 9,
          "house12_2h_utc": 7
        },
        {
          "timestamp_utc": "2026-02-20T13:08:54.558747Z",
          "t_rel_sec": 68.812264,
          "time_total": 0.318697,
          "http_code": 403,
          "sector15_tod_utc": 9,
          "house12_2h_utc": 7
        }
      ],
      "top_probe_gaps": [
        {
          "gap_sec": 5.7852818965911865,
          "prev_timestamp_utc": "2026-02-20T13:08:54.558747Z",
          "next_timestamp_utc": "2026-02-20T13:09:00.344029Z",
          "prev_t_rel_sec": 68.812264,
          "next_t_rel_sec": 74.59754,
          "prev_time_total": 0.318697,
          "next_time_total": 0.209613,
          "sector15_prev": 9,
          "sector15_next": 9
        },
        {
          "gap_sec": 4.812197923660278,
          "prev_timestamp_utc": "2026-02-20T13:10:05.943054Z",
          "next_timestamp_utc": "2026-02-20T13:10:10.755252Z",
          "prev_t_rel_sec": 140.196578,
          "next_t_rel_sec": 145.008764,
          "prev_time_total": 0.167165,
          "next_time_total": 0.191499,
          "sector15_prev": 9,
          "sector15_next": 9
        },
        {
          "gap_sec": 4.786111116409302,
          "prev_timestamp_utc": "2026-02-20T13:09:19.095609Z",
          "next_timestamp_utc": "2026-02-20T13:09:23.881720Z",
          "prev_t_rel_sec": 93.349573,
          "next_t_rel_sec": 98.135233,
          "prev_time_total": 0.176626,
          "next_time_total": 0.131393,
          "sector15_prev": 9,
          "sector15_next": 9
        },
        {
          "gap_sec": 4.476212024688721,
          "prev_timestamp_utc": "2026-02-20T13:09:08.036491Z",
          "next_timestamp_utc": "2026-02-20T13:09:12.512703Z",
          "prev_t_rel_sec": 82.290004,
          "next_t_rel_sec": 86.766217,
          "prev_time_total": 0.161632,
          "next_time_total": 0.591126,
          "sector15_prev": 9,
          "sector15_next": 9
        },
        {
          "gap_sec": 4.269797086715698,
          "prev_timestamp_utc": "2026-02-20T13:10:40.474608Z",
          "next_timestamp_utc": "2026-02-20T13:10:44.744405Z",
          "prev_t_rel_sec": 174.728122,
          "next_t_rel_sec": 178.99792,
          "prev_time_total": 0.234318,
          "next_time_total": 0.284846,
          "sector15_prev": 9,
          "sector15_next": 9
        }
      ],
      "sector15_all_top": [
        {
          "bucket": 9,
          "count": 86
        }
      ],
      "sector15_lag_top": [
        {
          "bucket": 9,
          "count": 5
        }
      ],
      "house12_all_top": [
        {
          "bucket": 7,
          "count": 86
        }
      ],
      "house12_lag_top": [
        {
          "bucket": 7,
          "count": 5
        }
      ],
      "system_context_correlation": {
        "lag_vs_cpu_pearson": 0.2129096835567474,
        "lag_vs_mem_pearson": -0.012927565989557585,
        "lag_vs_swap_pearson": 0.02985953729357244,
        "pairs_used": 86
      }
    },
    "https://claude.ai/|proxy": {
      "n": 86,
      "median": 0.23529899999999998,
      "p95": 0.508946,
      "p99": 0.762703,
      "max": 1.324354,
      "count_over_1s": 1,
      "count_over_2s": 0,
      "max_probe_gap_sec": 5.981181859970093,
      "count_probe_gaps_over_threshold": 7,
      "probe_gap_threshold_sec": 4.0,
      "lag_event_count_at_p95_or_higher": 5,
      "top_spikes": [
        {
          "timestamp_utc": "2026-02-20T13:10:25.984373Z",
          "t_rel_sec": 160.237884,
          "time_total": 1.324354,
          "http_code": 403,
          "sector15_tod_utc": 9,
          "house12_2h_utc": 7
        },
        {
          "timestamp_utc": "2026-02-20T13:10:37.074338Z",
          "t_rel_sec": 171.327855,
          "time_total": 0.762703,
          "http_code": 403,
          "sector15_tod_utc": 9,
          "house12_2h_utc": 7
        },
        {
          "timestamp_utc": "2026-02-20T13:09:01.025076Z",
          "t_rel_sec": 75.27859,
          "time_total": 0.65908,
          "http_code": 403,
          "sector15_tod_utc": 9,
          "house12_2h_utc": 7
        },
        {
          "timestamp_utc": "2026-02-20T13:11:02.344228Z",
          "t_rel_sec": 196.597743,
          "time_total": 0.542063,
          "http_code": 403,
          "sector15_tod_utc": 9,
          "house12_2h_utc": 7
        },
        {
          "timestamp_utc": "2026-02-20T13:09:42.476454Z",
          "t_rel_sec": 116.729968,
          "time_total": 0.508946,
          "http_code": 403,
          "sector15_tod_utc": 9,
          "house12_2h_utc": 7
        }
      ],
      "top_probe_gaps": [
        {
          "gap_sec": 5.981181859970093,
          "prev_timestamp_utc": "2026-02-20T13:08:55.043894Z",
          "next_timestamp_utc": "2026-02-20T13:09:01.025076Z",
          "prev_t_rel_sec": 69.297407,
          "next_t_rel_sec": 75.27859,
          "prev_time_total": 0.468165,
          "next_time_total": 0.65908,
          "sector15_prev": 9,
          "sector15_next": 9
        },
        {
          "gap_sec": 4.836235046386719,
          "prev_timestamp_utc": "2026-02-20T13:10:06.250638Z",
          "next_timestamp_utc": "2026-02-20T13:10:11.086873Z",
          "prev_t_rel_sec": 140.504152,
          "next_t_rel_sec": 145.340387,
          "prev_time_total": 0.284534,
          "next_time_total": 0.311534,
          "sector15_prev": 9,
          "sector15_next": 9
        },
        {
          "gap_sec": 4.774447917938232,
          "prev_timestamp_utc": "2026-02-20T13:09:08.245476Z",
          "next_timestamp_utc": "2026-02-20T13:09:13.019924Z",
          "prev_t_rel_sec": 82.498988,
          "next_t_rel_sec": 87.273439,
          "prev_time_total": 0.194966,
          "next_time_total": 0.459176,
          "sector15_prev": 9,
          "sector15_next": 9
        },
        {
          "gap_sec": 4.692640066146851,
          "prev_timestamp_utc": "2026-02-20T13:09:19.557363Z",
          "next_timestamp_utc": "2026-02-20T13:09:24.250003Z",
          "prev_t_rel_sec": 93.810878,
          "next_t_rel_sec": 98.50352,
          "prev_time_total": 0.433197,
          "next_time_total": 0.355704,
          "sector15_prev": 9,
          "sector15_next": 9
        },
        {
          "gap_sec": 4.408134937286377,
          "prev_timestamp_utc": "2026-02-20T13:10:40.780771Z",
          "next_timestamp_utc": "2026-02-20T13:10:45.188906Z",
          "prev_t_rel_sec": 175.034286,
          "next_t_rel_sec": 179.442419,
          "prev_time_total": 0.291447,
          "next_time_total": 0.421717,
          "sector15_prev": 9,
          "sector15_next": 9
        }
      ],
      "sector15_all_top": [
        {
          "bucket": 9,
          "count": 86
        }
      ],
      "sector15_lag_top": [
        {
          "bucket": 9,
          "count": 5
        }
      ],
      "house12_all_top": [
        {
          "bucket": 7,
          "count": 86
        }
      ],
      "house12_lag_top": [
        {
          "bucket": 7,
          "count": 5
        }
      ],
      "system_context_correlation": {
        "lag_vs_cpu_pearson": -0.059342413115811586,
        "lag_vs_mem_pearson": 0.12438731666233259,
        "lag_vs_swap_pearson": -0.02792493577001611,
        "pairs_used": 86
      }
    },
    "https://www.perplexity.ai/|direct": {
      "n": 86,
      "median": 0.18035400000000001,
      "p95": 0.414061,
      "p99": 0.513819,
      "max": 0.557961,
      "count_over_1s": 0,
      "count_over_2s": 0,
      "max_probe_gap_sec": 5.747768878936768,
      "count_probe_gaps_over_threshold": 8,
      "probe_gap_threshold_sec": 4.0,
      "lag_event_count_at_p95_or_higher": 5,
      "top_spikes": [
        {
          "timestamp_utc": "2026-02-20T13:09:22.718659Z",
          "t_rel_sec": 96.972177,
          "time_total": 0.557961,
          "http_code": 403,
          "sector15_tod_utc": 9,
          "house12_2h_utc": 7
        },
        {
          "timestamp_utc": "2026-02-20T13:08:42.702045Z",
          "t_rel_sec": 56.955569,
          "time_total": 0.513819,
          "http_code": 403,
          "sector15_tod_utc": 9,
          "house12_2h_utc": 7
        },
        {
          "timestamp_utc": "2026-02-20T13:08:03.034605Z",
          "t_rel_sec": 17.28812,
          "time_total": 0.46896,
          "http_code": 403,
          "sector15_tod_utc": 9,
          "house12_2h_utc": 7
        },
        {
          "timestamp_utc": "2026-02-20T13:09:51.380304Z",
          "t_rel_sec": 125.633819,
          "time_total": 0.466697,
          "http_code": 403,
          "sector15_tod_utc": 9,
          "house12_2h_utc": 7
        },
        {
          "timestamp_utc": "2026-02-20T13:08:22.731654Z",
          "t_rel_sec": 36.985188,
          "time_total": 0.414061,
          "http_code": 403,
          "sector15_tod_utc": 9,
          "house12_2h_utc": 7
        }
      ],
      "top_probe_gaps": [
        {
          "gap_sec": 5.747768878936768,
          "prev_timestamp_utc": "2026-02-20T13:08:57.874489Z",
          "next_timestamp_utc": "2026-02-20T13:09:03.622258Z",
          "prev_t_rel_sec": 72.128002,
          "next_t_rel_sec": 77.875773,
          "prev_time_total": 0.22172,
          "next_time_total": 0.205869,
          "sector15_prev": 9,
          "sector15_next": 9
        },
        {
          "gap_sec": 4.935723781585693,
          "prev_timestamp_utc": "2026-02-20T13:10:08.785617Z",
          "next_timestamp_utc": "2026-02-20T13:10:13.721341Z",
          "prev_t_rel_sec": 143.03913,
          "next_t_rel_sec": 147.974854,
          "prev_time_total": 0.114918,
          "next_time_total": 0.14129,
          "sector15_prev": 9,
          "sector15_next": 9
        },
        {
          "gap_sec": 4.506425142288208,
          "prev_timestamp_utc": "2026-02-20T13:10:43.381820Z",
          "next_timestamp_utc": "2026-02-20T13:10:47.888245Z",
          "prev_t_rel_sec": 177.635335,
          "next_t_rel_sec": 182.141756,
          "prev_time_total": 0.151923,
          "next_time_total": 0.1654,
          "sector15_prev": 9,
          "sector15_next": 9
        },
        {
          "gap_sec": 4.28534197807312,
          "prev_timestamp_utc": "2026-02-20T13:09:22.718659Z",
          "next_timestamp_utc": "2026-02-20T13:09:27.004001Z",
          "prev_t_rel_sec": 96.972177,
          "next_t_rel_sec": 101.257518,
          "prev_time_total": 0.557961,
          "next_time_total": 0.19548,
          "sector15_prev": 9,
          "sector15_next": 9
        },
        {
          "gap_sec": 4.260751962661743,
          "prev_timestamp_utc": "2026-02-20T13:09:18.457907Z",
          "next_timestamp_utc": "2026-02-20T13:09:22.718659Z",
          "prev_t_rel_sec": 92.711423,
          "next_t_rel_sec": 96.972177,
          "prev_time_total": 0.152923,
          "next_time_total": 0.557961,
          "sector15_prev": 9,
          "sector15_next": 9
        }
      ],
      "sector15_all_top": [
        {
          "bucket": 9,
          "count": 86
        }
      ],
      "sector15_lag_top": [
        {
          "bucket": 9,
          "count": 5
        }
      ],
      "house12_all_top": [
        {
          "bucket": 7,
          "count": 86
        }
      ],
      "house12_lag_top": [
        {
          "bucket": 7,
          "count": 5
        }
      ],
      "system_context_correlation": {
        "lag_vs_cpu_pearson": 0.27071552297872303,
        "lag_vs_mem_pearson": 0.09666187411621592,
        "lag_vs_swap_pearson": 0.009978723680160425,
        "pairs_used": 86
      }
    },
    "https://www.perplexity.ai/|proxy": {
      "n": 86,
      "median": 0.226531,
      "p95": 0.862624,
      "p99": 1.741374,
      "max": 2.2023,
      "count_over_1s": 3,
      "count_over_2s": 1,
      "max_probe_gap_sec": 5.885061025619507,
      "count_probe_gaps_over_threshold": 8,
      "probe_gap_threshold_sec": 4.0,
      "lag_event_count_at_p95_or_higher": 5,
      "top_spikes": [
        {
          "timestamp_utc": "2026-02-20T13:09:00.104614Z",
          "t_rel_sec": 74.358128,
          "time_total": 2.2023,
          "http_code": 403,
          "sector15_tod_utc": 9,
          "house12_2h_utc": 7
        },
        {
          "timestamp_utc": "2026-02-20T13:10:10.542243Z",
          "t_rel_sec": 144.795758,
          "time_total": 1.741374,
          "http_code": 403,
          "sector15_tod_utc": 9,
          "house12_2h_utc": 7
        },
        {
          "timestamp_utc": "2026-02-20T13:10:44.443399Z",
          "t_rel_sec": 178.696914,
          "time_total": 1.037499,
          "http_code": 403,
          "sector15_tod_utc": 9,
          "house12_2h_utc": 7
        },
        {
          "timestamp_utc": "2026-02-20T13:09:23.737111Z",
          "t_rel_sec": 97.990623,
          "time_total": 0.972576,
          "http_code": 403,
          "sector15_tod_utc": 9,
          "house12_2h_utc": 7
        },
        {
          "timestamp_utc": "2026-02-20T13:09:11.891359Z",
          "t_rel_sec": 86.144873,
          "time_total": 0.862624,
          "http_code": 403,
          "sector15_tod_utc": 9,
          "house12_2h_utc": 7
        }
      ],
      "top_probe_gaps": [
        {
          "gap_sec": 5.885061025619507,
          "prev_timestamp_utc": "2026-02-20T13:08:54.219553Z",
          "next_timestamp_utc": "2026-02-20T13:09:00.104614Z",
          "prev_t_rel_sec": 68.473062,
          "next_t_rel_sec": 74.358128,
          "prev_time_total": 0.24468,
          "next_time_total": 2.2023,
          "sector15_prev": 9,
          "sector15_next": 9
        },
        {
          "gap_sec": 4.843224048614502,
          "prev_timestamp_utc": "2026-02-20T13:09:18.893887Z",
          "next_timestamp_utc": "2026-02-20T13:09:23.737111Z",
          "prev_t_rel_sec": 93.147572,
          "next_t_rel_sec": 97.990623,
          "prev_time_total": 0.405903,
          "next_time_total": 0.972576,
          "sector15_prev": 9,
          "sector15_next": 9
        },
        {
          "gap_sec": 4.779897928237915,
          "prev_timestamp_utc": "2026-02-20T13:10:05.762345Z",
          "next_timestamp_utc": "2026-02-20T13:10:10.542243Z",
          "prev_t_rel_sec": 140.015857,
          "next_t_rel_sec": 144.795758,
          "prev_time_total": 0.318749,
          "next_time_total": 1.741374,
          "sector15_prev": 9,
          "sector15_next": 9
        },
        {
          "gap_sec": 4.226311922073364,
          "prev_timestamp_utc": "2026-02-20T13:10:40.217087Z",
          "next_timestamp_utc": "2026-02-20T13:10:44.443399Z",
          "prev_t_rel_sec": 174.470602,
          "next_t_rel_sec": 178.696914,
          "prev_time_total": 0.348243,
          "next_time_total": 1.037499,
          "sector15_prev": 9,
          "sector15_next": 9
        },
        {
          "gap_sec": 4.13717794418335,
          "prev_timestamp_utc": "2026-02-20T13:10:24.478526Z",
          "next_timestamp_utc": "2026-02-20T13:10:28.615704Z",
          "prev_t_rel_sec": 158.732042,
          "next_t_rel_sec": 162.869215,
          "prev_time_total": 0.164262,
          "next_time_total": 0.257378,
          "sector15_prev": 9,
          "sector15_next": 9
        }
      ],
      "sector15_all_top": [
        {
          "bucket": 9,
          "count": 86
        }
      ],
      "sector15_lag_top": [
        {
          "bucket": 9,
          "count": 5
        }
      ],
      "house12_all_top": [
        {
          "bucket": 7,
          "count": 86
        }
      ],
      "house12_lag_top": [
        {
          "bucket": 7,
          "count": 5
        }
      ],
      "system_context_correlation": {
        "lag_vs_cpu_pearson": -0.020089732406671185,
        "lag_vs_mem_pearson": 0.08734282555669293,
        "lag_vs_swap_pearson": -0.05956883962112681,
        "pairs_used": 86
      }
    }
  },
  "focused_compare": {
    "https://claude.ai/": {
      "median_delta_proxy_minus_direct": 0.06670299999999996,
      "p95_delta_proxy_minus_direct": 0.190249,
      "max_delta_proxy_minus_direct": 0.733228,
      "direct_count_over_1s": 0,
      "proxy_count_over_1s": 1,
      "direct_gap_events": 9,
      "proxy_gap_events": 7
    },
    "https://www.perplexity.ai/": {
      "median_delta_proxy_minus_direct": 0.046176999999999996,
      "p95_delta_proxy_minus_direct": 0.44856299999999993,
      "max_delta_proxy_minus_direct": 1.644339,
      "direct_count_over_1s": 0,
      "proxy_count_over_1s": 3,
      "direct_gap_events": 8,
      "proxy_gap_events": 8
    }
  },
  "cross_webapp_spike_synchrony": {
    "direct": {
      "a_spikes": 5,
      "b_spikes": 5,
      "a_spikes_overlapping_b": 0,
      "overlap_ratio_vs_a": 0.0,
      "tolerance_sec": 5.0
    },
    "proxy": {
      "a_spikes": 5,
      "b_spikes": 5,
      "a_spikes_overlapping_b": 1,
      "overlap_ratio_vs_a": 0.2,
      "tolerance_sec": 5.0
    }
  },
  "sector15_sample_top": [
    {
      "bucket": 9,
      "count": 321
    }
  ],
  "sector15_probe_top": [
    {
      "bucket": 9,
      "count": 344
    }
  ],
  "system_context": {
    "event_rows_total": 665,
    "sample_rows": 321,
    "probe_rows": 344,
    "cpu_percent_max": 100.0,
    "mem_percent_max": 74.7,
    "swap_percent_max": 45.9
  },
  "paths": {
    "json": "reports_runtime/federation_dual_webapp_lag_gap_analysis_20260220T131257Z.json",
    "md": "reports_runtime/federation_dual_webapp_lag_gap_analysis_20260220T131257Z.md"
  }
}
