{
  "timestamp_utc": "2026-02-20T11:54:17.488199Z",
  "mode": "federation_social_dataset_manifest",
  "items": [
    {
      "path": "reports_runtime/federation_social_dataset_20260220T115413Z.jsonl",
      "size_bytes": 20247873,
      "sha256": "c673e3122336810213a9dcf005c655895ec0443c9d11ce71b56e8814f7f08bcf"
    },
    {
      "path": "reports_runtime/federation_social_dataset_summary_20260220T115413Z.json",
      "size_bytes": 2967,
      "sha256": "613e3c86a7d24f8b2206df550f81cf1188bdb32c7e71e7ae5f7edb949fe9bfee"
    },
    {
      "path": "reports_runtime/federation_social_dataset_summary_20260220T115413Z.md",
      "size_bytes": 961,
      "sha256": "cde078cf8f305f47f607914d272bd762b62ce499d9e9b5673a94b0ac189894c9"
    }
  ]
}
