{
  "timestamp_utc": "2026-02-20T13:03:44.096398Z",
  "source_capture": {
    "summary_json": "reports_runtime/federation_proxy_latency_window_summary_20260220T125048Z.json",
    "jsonl": "reports_runtime/federation_proxy_latency_window_20260220T125048Z.jsonl"
  },
  "provenance": "real-data-local",
  "window": {
    "start_utc": "2026-02-20T12:50:48.016526Z",
    "end_utc": "2026-02-20T12:56:49.229283Z",
    "duration_sec": 361.212757
  },
  "probe_interval_sec_expected": 2.0,
  "lag_gap_analysis": {
    "https://claude.ai/|direct": {
      "n": 102,
      "median": 0.1761745,
      "p95": 0.277157,
      "p99": 0.503947,
      "max": 0.508268,
      "count_over_1s": 0,
      "count_over_2s": 0,
      "max_probe_gap_sec": 9.195332050323486,
      "count_probe_gaps_over_threshold": 6,
      "probe_gap_threshold_sec": 4.0,
      "lag_event_count_at_p95_or_higher": 6,
      "top_spikes": [
        {
          "timestamp_utc": "2026-02-20T12:55:47.558038Z",
          "t_rel_sec": 299.541543,
          "time_total": 0.508268,
          "http_code": 403,
          "sector15_tod_utc": 9,
          "house12_2h_utc": 7
        },
        {
          "timestamp_utc": "2026-02-20T12:53:22.344866Z",
          "t_rel_sec": 154.328368,
          "time_total": 0.503947,
          "http_code": 403,
          "sector15_tod_utc": 9,
          "house12_2h_utc": 7
        },
        {
          "timestamp_utc": "2026-02-20T12:55:43.481355Z",
          "t_rel_sec": 295.464851,
          "time_total": 0.372018,
          "http_code": 403,
          "sector15_tod_utc": 9,
          "house12_2h_utc": 7
        },
        {
          "timestamp_utc": "2026-02-20T12:55:32.172249Z",
          "t_rel_sec": 284.155747,
          "time_total": 0.367677,
          "http_code": 403,
          "sector15_tod_utc": 9,
          "house12_2h_utc": 7
        },
        {
          "timestamp_utc": "2026-02-20T12:55:01.576398Z",
          "t_rel_sec": 253.559894,
          "time_total": 0.307629,
          "http_code": 403,
          "sector15_tod_utc": 9,
          "house12_2h_utc": 7
        }
      ],
      "top_probe_gaps": [
        {
          "gap_sec": 9.195332050323486,
          "prev_timestamp_utc": "2026-02-20T12:51:51.796870Z",
          "next_timestamp_utc": "2026-02-20T12:52:00.992202Z",
          "prev_t_rel_sec": 63.780371,
          "next_t_rel_sec": 72.975702,
          "prev_time_total": 0.17221,
          "next_time_total": 0.186316,
          "sector15_prev": 9,
          "sector15_next": 9
        },
        {
          "gap_sec": 8.38361406326294,
          "prev_timestamp_utc": "2026-02-20T12:52:33.078682Z",
          "next_timestamp_utc": "2026-02-20T12:52:41.462296Z",
          "prev_t_rel_sec": 105.062176,
          "next_t_rel_sec": 113.445788,
          "prev_time_total": 0.229812,
          "next_time_total": 0.185952,
          "sector15_prev": 9,
          "sector15_next": 9
        },
        {
          "gap_sec": 4.455345869064331,
          "prev_timestamp_utc": "2026-02-20T12:52:28.623336Z",
          "next_timestamp_utc": "2026-02-20T12:52:33.078682Z",
          "prev_t_rel_sec": 100.606833,
          "next_t_rel_sec": 105.062176,
          "prev_time_total": 0.201837,
          "next_time_total": 0.229812,
          "sector15_prev": 9,
          "sector15_next": 9
        },
        {
          "gap_sec": 4.204005002975464,
          "prev_timestamp_utc": "2026-02-20T12:55:39.277350Z",
          "next_timestamp_utc": "2026-02-20T12:55:43.481355Z",
          "prev_t_rel_sec": 291.260848,
          "next_t_rel_sec": 295.464851,
          "prev_time_total": 0.143046,
          "next_time_total": 0.372018,
          "sector15_prev": 9,
          "sector15_next": 9
        },
        {
          "gap_sec": 4.098097085952759,
          "prev_timestamp_utc": "2026-02-20T12:53:29.191843Z",
          "next_timestamp_utc": "2026-02-20T12:53:33.289940Z",
          "prev_t_rel_sec": 161.175337,
          "next_t_rel_sec": 165.273434,
          "prev_time_total": 0.168065,
          "next_time_total": 0.195776,
          "sector15_prev": 9,
          "sector15_next": 9
        }
      ],
      "sector15_all_top": [
        {
          "bucket": 9,
          "count": 102
        }
      ],
      "sector15_lag_top": [
        {
          "bucket": 9,
          "count": 6
        }
      ],
      "house12_all_top": [
        {
          "bucket": 7,
          "count": 102
        }
      ],
      "house12_lag_top": [
        {
          "bucket": 7,
          "count": 6
        }
      ],
      "system_context_correlation": {
        "lag_vs_cpu_pearson": 0.12356597703997657,
        "lag_vs_mem_pearson": -0.12346467698863406,
        "lag_vs_swap_pearson": -0.0879080438646288,
        "pairs_used": 102
      }
    },
    "https://claude.ai/|proxy": {
      "n": 102,
      "median": 0.2304935,
      "p95": 0.44253,
      "p99": 0.580631,
      "max": 1.224964,
      "count_over_1s": 1,
      "count_over_2s": 0,
      "max_probe_gap_sec": 9.25761604309082,
      "count_probe_gaps_over_threshold": 7,
      "probe_gap_threshold_sec": 4.0,
      "lag_event_count_at_p95_or_higher": 6,
      "top_spikes": [
        {
          "timestamp_utc": "2026-02-20T12:52:29.884271Z",
          "t_rel_sec": 101.867778,
          "time_total": 1.224964,
          "http_code": 403,
          "sector15_tod_utc": 9,
          "house12_2h_utc": 7
        },
        {
          "timestamp_utc": "2026-02-20T12:55:44.102163Z",
          "t_rel_sec": 296.085662,
          "time_total": 0.580631,
          "http_code": 403,
          "sector15_tod_utc": 9,
          "house12_2h_utc": 7
        },
        {
          "timestamp_utc": "2026-02-20T12:56:37.611776Z",
          "t_rel_sec": 349.595272,
          "time_total": 0.551637,
          "http_code": 403,
          "sector15_tod_utc": 9,
          "house12_2h_utc": 7
        },
        {
          "timestamp_utc": "2026-02-20T12:56:47.468451Z",
          "t_rel_sec": 359.451953,
          "time_total": 0.479441,
          "http_code": 403,
          "sector15_tod_utc": 9,
          "house12_2h_utc": 7
        },
        {
          "timestamp_utc": "2026-02-20T12:51:45.115901Z",
          "t_rel_sec": 57.099399,
          "time_total": 0.445938,
          "http_code": 403,
          "sector15_tod_utc": 9,
          "house12_2h_utc": 7
        }
      ],
      "top_probe_gaps": [
        {
          "gap_sec": 9.25761604309082,
          "prev_timestamp_utc": "2026-02-20T12:51:51.985589Z",
          "next_timestamp_utc": "2026-02-20T12:52:01.243205Z",
          "prev_t_rel_sec": 63.969082,
          "next_t_rel_sec": 73.2267,
          "prev_time_total": 0.178074,
          "next_time_total": 0.23711,
          "sector15_prev": 9,
          "sector15_next": 9
        },
        {
          "gap_sec": 8.322489976882935,
          "prev_timestamp_utc": "2026-02-20T12:52:33.471812Z",
          "next_timestamp_utc": "2026-02-20T12:52:41.794302Z",
          "prev_t_rel_sec": 105.455312,
          "next_t_rel_sec": 113.777799,
          "prev_time_total": 0.381158,
          "next_time_total": 0.315599,
          "sector15_prev": 9,
          "sector15_next": 9
        },
        {
          "gap_sec": 4.551951169967651,
          "prev_timestamp_utc": "2026-02-20T12:55:39.550212Z",
          "next_timestamp_utc": "2026-02-20T12:55:44.102163Z",
          "prev_t_rel_sec": 291.533709,
          "next_t_rel_sec": 296.085662,
          "prev_time_total": 0.250467,
          "next_time_total": 0.580631,
          "sector15_prev": 9,
          "sector15_next": 9
        },
        {
          "gap_sec": 4.446506977081299,
          "prev_timestamp_utc": "2026-02-20T12:52:25.437764Z",
          "next_timestamp_utc": "2026-02-20T12:52:29.884271Z",
          "prev_t_rel_sec": 97.42126,
          "next_t_rel_sec": 101.867778,
          "prev_time_total": 0.241555,
          "next_time_total": 1.224964,
          "sector15_prev": 9,
          "sector15_next": 9
        },
        {
          "gap_sec": 4.073825120925903,
          "prev_timestamp_utc": "2026-02-20T12:56:33.537951Z",
          "next_timestamp_utc": "2026-02-20T12:56:37.611776Z",
          "prev_t_rel_sec": 345.521446,
          "next_t_rel_sec": 349.595272,
          "prev_time_total": 0.190623,
          "next_time_total": 0.551637,
          "sector15_prev": 9,
          "sector15_next": 9
        }
      ],
      "sector15_all_top": [
        {
          "bucket": 9,
          "count": 102
        }
      ],
      "sector15_lag_top": [
        {
          "bucket": 9,
          "count": 6
        }
      ],
      "house12_all_top": [
        {
          "bucket": 7,
          "count": 102
        }
      ],
      "house12_lag_top": [
        {
          "bucket": 7,
          "count": 6
        }
      ],
      "system_context_correlation": {
        "lag_vs_cpu_pearson": -0.011158812123735897,
        "lag_vs_mem_pearson": 0.03943614136756593,
        "lag_vs_swap_pearson": 0.07044405960944912,
        "pairs_used": 102
      }
    },
    "https://www.perplexity.ai/|direct": {
      "n": 102,
      "median": 0.18953150000000002,
      "p95": 0.48238,
      "p99": 5.171647,
      "max": 5.241493,
      "count_over_1s": 2,
      "count_over_2s": 2,
      "max_probe_gap_sec": 8.430799007415771,
      "count_probe_gaps_over_threshold": 7,
      "probe_gap_threshold_sec": 4.0,
      "lag_event_count_at_p95_or_higher": 6,
      "top_spikes": [
        {
          "timestamp_utc": "2026-02-20T12:52:41.052273Z",
          "t_rel_sec": 113.035769,
          "time_total": 5.241493,
          "http_code": 403,
          "sector15_tod_utc": 9,
          "house12_2h_utc": 7
        },
        {
          "timestamp_utc": "2026-02-20T12:51:59.555510Z",
          "t_rel_sec": 71.539018,
          "time_total": 5.171647,
          "http_code": 403,
          "sector15_tod_utc": 9,
          "house12_2h_utc": 7
        },
        {
          "timestamp_utc": "2026-02-20T12:53:56.890725Z",
          "t_rel_sec": 188.874222,
          "time_total": 0.7988,
          "http_code": 403,
          "sector15_tod_utc": 9,
          "house12_2h_utc": 7
        },
        {
          "timestamp_utc": "2026-02-20T12:55:42.744236Z",
          "t_rel_sec": 294.727732,
          "time_total": 0.528648,
          "http_code": 403,
          "sector15_tod_utc": 9,
          "house12_2h_utc": 7
        },
        {
          "timestamp_utc": "2026-02-20T12:51:27.961889Z",
          "t_rel_sec": 39.945383,
          "time_total": 0.519972,
          "http_code": 403,
          "sector15_tod_utc": 9,
          "house12_2h_utc": 7
        }
      ],
      "top_probe_gaps": [
        {
          "gap_sec": 8.430799007415771,
          "prev_timestamp_utc": "2026-02-20T12:52:32.621474Z",
          "next_timestamp_utc": "2026-02-20T12:52:41.052273Z",
          "prev_t_rel_sec": 104.604982,
          "next_t_rel_sec": 113.035769,
          "prev_time_total": 0.169852,
          "next_time_total": 5.241493,
          "sector15_prev": 9,
          "sector15_next": 9
        },
        {
          "gap_sec": 8.16650104522705,
          "prev_timestamp_utc": "2026-02-20T12:51:51.389009Z",
          "next_timestamp_utc": "2026-02-20T12:51:59.555510Z",
          "prev_t_rel_sec": 63.372503,
          "next_t_rel_sec": 71.539018,
          "prev_time_total": 0.182946,
          "next_time_total": 5.171647,
          "sector15_prev": 9,
          "sector15_next": 9
        },
        {
          "gap_sec": 4.5883378982543945,
          "prev_timestamp_utc": "2026-02-20T12:51:59.555510Z",
          "next_timestamp_utc": "2026-02-20T12:52:04.143848Z",
          "prev_t_rel_sec": 71.539018,
          "next_t_rel_sec": 76.127345,
          "prev_time_total": 5.171647,
          "next_time_total": 0.159742,
          "sector15_prev": 9,
          "sector15_next": 9
        },
        {
          "gap_sec": 4.456627130508423,
          "prev_timestamp_utc": "2026-02-20T12:52:28.164847Z",
          "next_timestamp_utc": "2026-02-20T12:52:32.621474Z",
          "prev_t_rel_sec": 100.148347,
          "next_t_rel_sec": 104.604982,
          "prev_time_total": 0.156497,
          "next_time_total": 0.169852,
          "sector15_prev": 9,
          "sector15_next": 9
        },
        {
          "gap_sec": 4.097897052764893,
          "prev_timestamp_utc": "2026-02-20T12:53:21.517267Z",
          "next_timestamp_utc": "2026-02-20T12:53:25.615164Z",
          "prev_t_rel_sec": 153.500763,
          "next_t_rel_sec": 157.598662,
          "prev_time_total": 0.192783,
          "next_time_total": 0.245765,
          "sector15_prev": 9,
          "sector15_next": 9
        }
      ],
      "sector15_all_top": [
        {
          "bucket": 9,
          "count": 102
        }
      ],
      "sector15_lag_top": [
        {
          "bucket": 9,
          "count": 6
        }
      ],
      "house12_all_top": [
        {
          "bucket": 7,
          "count": 102
        }
      ],
      "house12_lag_top": [
        {
          "bucket": 7,
          "count": 6
        }
      ],
      "system_context_correlation": {
        "lag_vs_cpu_pearson": -0.19901971538903168,
        "lag_vs_mem_pearson": 0.12985957270637455,
        "lag_vs_swap_pearson": -0.03305031622735621,
        "pairs_used": 102
      }
    },
    "https://www.perplexity.ai/|proxy": {
      "n": 102,
      "median": 0.2363845,
      "p95": 0.437075,
      "p99": 0.549309,
      "max": 1.221624,
      "count_over_1s": 1,
      "count_over_2s": 0,
      "max_probe_gap_sec": 9.17908787727356,
      "count_probe_gaps_over_threshold": 5,
      "probe_gap_threshold_sec": 4.0,
      "lag_event_count_at_p95_or_higher": 6,
      "top_spikes": [
        {
          "timestamp_utc": "2026-02-20T12:52:00.793026Z",
          "t_rel_sec": 72.776523,
          "time_total": 1.221624,
          "http_code": 403,
          "sector15_tod_utc": 9,
          "house12_2h_utc": 7
        },
        {
          "timestamp_utc": "2026-02-20T12:51:17.837477Z",
          "t_rel_sec": 29.820976,
          "time_total": 0.549309,
          "http_code": 403,
          "sector15_tod_utc": 9,
          "house12_2h_utc": 7
        },
        {
          "timestamp_utc": "2026-02-20T12:56:22.785735Z",
          "t_rel_sec": 334.769231,
          "time_total": 0.481946,
          "http_code": 403,
          "sector15_tod_utc": 9,
          "house12_2h_utc": 7
        },
        {
          "timestamp_utc": "2026-02-20T12:54:08.054456Z",
          "t_rel_sec": 200.037953,
          "time_total": 0.469418,
          "http_code": 403,
          "sector15_tod_utc": 9,
          "house12_2h_utc": 7
        },
        {
          "timestamp_utc": "2026-02-20T12:53:57.377971Z",
          "t_rel_sec": 189.361464,
          "time_total": 0.450553,
          "http_code": 403,
          "sector15_tod_utc": 9,
          "house12_2h_utc": 7
        }
      ],
      "top_probe_gaps": [
        {
          "gap_sec": 9.17908787727356,
          "prev_timestamp_utc": "2026-02-20T12:51:51.613938Z",
          "next_timestamp_utc": "2026-02-20T12:52:00.793026Z",
          "prev_t_rel_sec": 63.597427,
          "next_t_rel_sec": 72.776523,
          "prev_time_total": 0.213602,
          "next_time_total": 1.221624,
          "sector15_prev": 9,
          "sector15_next": 9
        },
        {
          "gap_sec": 8.41330599784851,
          "prev_timestamp_utc": "2026-02-20T12:52:32.836111Z",
          "next_timestamp_utc": "2026-02-20T12:52:41.249417Z",
          "prev_t_rel_sec": 104.819607,
          "next_t_rel_sec": 113.232914,
          "prev_time_total": 0.198498,
          "next_time_total": 0.180027,
          "sector15_prev": 9,
          "sector15_next": 9
        },
        {
          "gap_sec": 4.43972110748291,
          "prev_timestamp_utc": "2026-02-20T12:52:28.396390Z",
          "next_timestamp_utc": "2026-02-20T12:52:32.836111Z",
          "prev_t_rel_sec": 100.379895,
          "next_t_rel_sec": 104.819607,
          "prev_time_total": 0.195559,
          "next_time_total": 0.198498,
          "sector15_prev": 9,
          "sector15_next": 9
        },
        {
          "gap_sec": 4.2583630084991455,
          "prev_timestamp_utc": "2026-02-20T12:53:21.805867Z",
          "next_timestamp_utc": "2026-02-20T12:53:26.064230Z",
          "prev_t_rel_sec": 153.789366,
          "next_t_rel_sec": 158.047735,
          "prev_time_total": 0.268531,
          "next_time_total": 0.413269,
          "sector15_prev": 9,
          "sector15_next": 9
        },
        {
          "gap_sec": 4.079499959945679,
          "prev_timestamp_utc": "2026-02-20T12:53:28.995533Z",
          "next_timestamp_utc": "2026-02-20T12:53:33.075033Z",
          "prev_t_rel_sec": 160.979029,
          "next_t_rel_sec": 165.058526,
          "prev_time_total": 0.230495,
          "next_time_total": 0.287861,
          "sector15_prev": 9,
          "sector15_next": 9
        }
      ],
      "sector15_all_top": [
        {
          "bucket": 9,
          "count": 102
        }
      ],
      "sector15_lag_top": [
        {
          "bucket": 9,
          "count": 6
        }
      ],
      "house12_all_top": [
        {
          "bucket": 7,
          "count": 102
        }
      ],
      "house12_lag_top": [
        {
          "bucket": 7,
          "count": 6
        }
      ],
      "system_context_correlation": {
        "lag_vs_cpu_pearson": -0.03228715380974329,
        "lag_vs_mem_pearson": -0.041678334058039314,
        "lag_vs_swap_pearson": -0.08963216361157307,
        "pairs_used": 102
      }
    }
  },
  "focused_compare": {
    "https://claude.ai/": {
      "median_delta_proxy_minus_direct": 0.05431899999999998,
      "p95_delta_proxy_minus_direct": 0.165373,
      "max_delta_proxy_minus_direct": 0.7166959999999999,
      "direct_count_over_1s": 0,
      "proxy_count_over_1s": 1,
      "direct_gap_events": 6,
      "proxy_gap_events": 7
    },
    "https://www.perplexity.ai/": {
      "median_delta_proxy_minus_direct": 0.04685299999999998,
      "p95_delta_proxy_minus_direct": -0.045304999999999984,
      "max_delta_proxy_minus_direct": -4.019869,
      "direct_count_over_1s": 2,
      "proxy_count_over_1s": 1,
      "direct_gap_events": 7,
      "proxy_gap_events": 5
    }
  },
  "cross_webapp_spike_synchrony": {
    "direct": {
      "a_spikes": 6,
      "b_spikes": 6,
      "a_spikes_overlapping_b": 3,
      "overlap_ratio_vs_a": 0.5,
      "tolerance_sec": 5.0
    },
    "proxy": {
      "a_spikes": 6,
      "b_spikes": 6,
      "a_spikes_overlapping_b": 0,
      "overlap_ratio_vs_a": 0.0,
      "tolerance_sec": 5.0
    }
  },
  "sector15_sample_top": [
    {
      "bucket": 9,
      "count": 375
    }
  ],
  "sector15_probe_top": [
    {
      "bucket": 9,
      "count": 408
    }
  ],
  "system_context": {
    "event_rows_total": 783,
    "sample_rows": 375,
    "probe_rows": 408,
    "cpu_percent_max": 100.0,
    "mem_percent_max": 75.1,
    "swap_percent_max": 45.7
  },
  "paths": {
    "json": "reports_runtime/federation_dual_webapp_lag_gap_analysis_20260220T130344Z.json",
    "md": "reports_runtime/federation_dual_webapp_lag_gap_analysis_20260220T130344Z.md"
  }
}
