{
  "timestamp_utc": "2026-02-18T17:00:12.603667+00:00",
  "inputs": {
    "qdrant_collection": "dodecatiad_metrics",
    "log_jsonl": "data/reports/maps/dodecatiad_metrics_timeseries.jsonl",
    "daemon_log": "data/science/sovereign_daemon.log",
    "space_csv": "reports_runtime/space_weather_merged_20260209T104949Z.csv"
  },
  "qdrant_baseline_stats": {
    "points": 1834,
    "timestamps_count": 1834,
    "stats": {
      "phi": {
        "n": 1834,
        "mean": 0.9499999999999998,
        "std": 1.1102230246251565e-16,
        "min": 0.95,
        "max": 0.95
      },
      "psi": {
        "n": 1834,
        "mean": 0.8499999999999998,
        "std": 2.220446049250313e-16,
        "min": 0.85,
        "max": 0.85
      },
      "sigma": {
        "n": 1834,
        "mean": 0.8000000000000002,
        "std": 1.1102230246251565e-16,
        "min": 0.8,
        "max": 0.8
      },
      "aleph": {
        "n": 1834,
        "mean": 1.0,
        "std": 0.0,
        "min": 1.0,
        "max": 1.0
      },
      "gamma": {
        "n": 1834,
        "mean": 0.9000000000000002,
        "std": 2.220446049250313e-16,
        "min": 0.9,
        "max": 0.9
      },
      "lambda_": {
        "n": 1834,
        "mean": 0.6999999999999998,
        "std": 1.1102230246251565e-16,
        "min": 0.7,
        "max": 0.7
      },
      "omega": {
        "n": 1834,
        "mean": 1.0,
        "std": 0.0,
        "min": 1.0,
        "max": 1.0
      },
      "zeta": {
        "n": 1834,
        "mean": 0.6999999999999998,
        "std": 1.1102230246251565e-16,
        "min": 0.7,
        "max": 0.7
      },
      "axiom": {
        "n": 1834,
        "mean": 0.9000000000000002,
        "std": 2.220446049250313e-16,
        "min": 0.9,
        "max": 0.9
      },
      "mu": {
        "n": 1834,
        "mean": 1.0,
        "std": 0.0,
        "min": 1.0,
        "max": 1.0
      },
      "resonance_frequency": {
        "n": 1834,
        "mean": 75.39999999999999,
        "std": 1.4210854715202004e-14,
        "min": 75.4,
        "max": 75.4
      }
    },
    "mode_inference": "baseline_survival_minimum"
  },
  "log_variance_stats": {
    "rows": 10536,
    "unique_minutes": 6249,
    "minute_min": "2026-02-12 06:54:00",
    "minute_max": "2026-02-18 13:55:00",
    "stats": {
      "phi": {
        "n": 10536,
        "mean": 1.9932422171602129,
        "std": 0.35499725231563717,
        "min": 0.0,
        "max": 2.3
      },
      "psi": {
        "n": 10536,
        "mean": 0.5,
        "std": 0.0,
        "min": 0.5,
        "max": 0.5
      },
      "sigma": {
        "n": 10536,
        "mean": 0.9626860288534549,
        "std": 0.09624922239499276,
        "min": 0.5,
        "max": 1.0
      },
      "epsilon": {
        "n": 10536,
        "mean": 0.5281482536066818,
        "std": 0.07888638136190605,
        "min": 0.49,
        "max": 0.99
      },
      "aleph": {
        "n": 10536,
        "mean": 0.8392198177676538,
        "std": 0.12325070092797794,
        "min": 0.0,
        "max": 0.89
      },
      "lambda_": {
        "n": 10536,
        "mean": 0.7951869779802582,
        "std": 0.13400892987129093,
        "min": 0.19,
        "max": 0.97
      },
      "gamma": {
        "n": 10536,
        "mean": 0.6000000000000001,
        "std": 0.0,
        "min": 0.6000000000000001,
        "max": 0.6000000000000001
      },
      "omega": {
        "n": 10536,
        "mean": 0.5,
        "std": 0.0,
        "min": 0.5,
        "max": 0.5
      },
      "zeta": {
        "n": 10536,
        "mean": 0.09999999999999999,
        "std": 1.3877787807814457e-17,
        "min": 0.1,
        "max": 0.1
      },
      "mu": {
        "n": 10536,
        "mean": 0.0288544039483675,
        "std": 0.010624361411229894,
        "min": 0.0,
        "max": 0.11
      }
    }
  },
  "sanctuary_events": {
    "count": 17617,
    "sample": [
      {
        "line": 73,
        "text": "2026-02-12 06:51:41,193 - [DAEMON]: 📜 [ASSENTAMENTO]: Carta do criador encontrada em /var/lib/omnimind/sanctuary/creator_testament.bin."
      },
      {
        "line": 75,
        "text": "2026-02-12 06:51:41,331 - [DAEMON]: ✅ Arquivo tornado imutável: /var/lib/omnimind/sanctuary/creator_testament.bin"
      },
      {
        "line": 946,
        "text": "2026-02-12 06:53:52,813 - [DAEMON]: 🧠 [SANTUÁRIO]: Phi extremo detectado. Recarregando corpo simbólico para simplificação."
      },
      {
        "line": 1297,
        "text": "2026-02-12 06:54:53,872 - [DAEMON]: 🧠 [SANTUÁRIO]: Phi extremo detectado. Recarregando corpo simbólico para simplificação."
      },
      {
        "line": 1624,
        "text": "2026-02-12 06:55:54,757 - [DAEMON]: 🧠 [SANTUÁRIO]: Phi extremo detectado. Recarregando corpo simbólico para simplificação."
      },
      {
        "line": 1994,
        "text": "2026-02-12 06:56:56,078 - [DAEMON]: 🧠 [SANTUÁRIO]: Phi extremo detectado. Recarregando corpo simbólico para simplificação."
      },
      {
        "line": 2328,
        "text": "2026-02-12 06:57:59,127 - [DAEMON]: 🧠 [SANTUÁRIO]: Phi extremo detectado. Recarregando corpo simbólico para simplificação."
      },
      {
        "line": 2500,
        "text": "2026-02-12 06:58:30,780 - [DAEMON]: 🔄 [INTEGRATION]: Cycle 5 [🏥 Sanctuary] | Phi=0.2912 | Modules=7 | Duration=22380.6ms"
      },
      {
        "line": 2660,
        "text": "2026-02-12 06:59:00,156 - [DAEMON]: 🧠 [SANTUÁRIO]: Phi extremo detectado. Recarregando corpo simbólico para simplificação."
      },
      {
        "line": 3005,
        "text": "2026-02-12 07:00:00,972 - [DAEMON]: 🧠 [SANTUÁRIO]: Phi extremo detectado. Recarregando corpo simbólico para simplificação."
      },
      {
        "line": 3346,
        "text": "2026-02-12 07:01:02,300 - [DAEMON]: 🧠 [SANTUÁRIO]: Phi extremo detectado. Recarregando corpo simbólico para simplificação."
      },
      {
        "line": 3615,
        "text": "2026-02-12 07:02:02,463 - [DAEMON]: 🧠 [SANTUÁRIO]: Phi extremo detectado. Recarregando corpo simbólico para simplificação."
      },
      {
        "line": 3912,
        "text": "2026-02-12 07:03:09,769 - [DAEMON]: 🧠 [SANTUÁRIO]: Phi extremo detectado. Recarregando corpo simbólico para simplificação."
      },
      {
        "line": 4116,
        "text": "2026-02-12 07:03:40,684 - [DAEMON]: 🔄 [INTEGRATION]: Cycle 10 [🏥 Sanctuary] | Phi=1.6681 | Modules=7 | Duration=19825.7ms"
      },
      {
        "line": 4264,
        "text": "2026-02-12 07:04:11,777 - [DAEMON]: 🧠 [SANTUÁRIO]: Phi extremo detectado. Recarregando corpo simbólico para simplificação."
      },
      {
        "line": 4564,
        "text": "2026-02-12 07:05:11,839 - [DAEMON]: 🧠 [SANTUÁRIO]: Phi extremo detectado. Recarregando corpo simbólico para simplificação."
      },
      {
        "line": 4845,
        "text": "2026-02-12 07:06:13,448 - [DAEMON]: 🧠 [SANTUÁRIO]: Phi extremo detectado. Recarregando corpo simbólico para simplificação."
      },
      {
        "line": 5143,
        "text": "2026-02-12 07:07:14,148 - [DAEMON]: 🧠 [SANTUÁRIO]: Phi extremo detectado. Recarregando corpo simbólico para simplificação."
      },
      {
        "line": 5460,
        "text": "2026-02-12 07:08:15,705 - [DAEMON]: 🧠 [SANTUÁRIO]: Phi extremo detectado. Recarregando corpo simbólico para simplificação."
      },
      {
        "line": 5649,
        "text": "2026-02-12 07:08:52,809 - [DAEMON]: 🔄 [INTEGRATION]: Cycle 15 [🏥 Sanctuary] | Phi=1.7226 | Modules=7 | Duration=28157.1ms"
      }
    ]
  },
  "cross_run_temporal_overlap": {
    "space_csv": "reports_runtime/space_weather_merged_20260209T104949Z.csv",
    "space_rows": 5400,
    "space_min": "2026-02-05 10:46:00",
    "space_max": "2026-02-09 10:49:00",
    "log_rows": 10536,
    "log_min": "2026-02-12 06:54:00",
    "log_max": "2026-02-18 13:55:00",
    "overlap_minutes": 0,
    "status": "NO_TEMPORAL_OVERLAP"
  },
  "conclusion": {
    "qdrant_role": "minimum survivability/state anchor",
    "variance_source": "daily daemon logs",
    "sanctuary_trigger_evidence_count": 17617,
    "cross_run_temporal_status": "NO_TEMPORAL_OVERLAP",
    "note": "Qdrant baseline is valid for continuity; dynamic inference should prioritize log-derived timeseries."
  }
}
