{
  "timestamp_utc": "2026-02-18T18:22:11.240057+00:00",
  "source_zip": "data/runtime/rehydrated_datasets/HIV_acquisition_meta.zip",
  "source_member": "HIV_acquisition_meta_sample_size1_filtered_annotated.txt",
  "collection": "bio_hiv_acquisition_meta_15houses_live",
  "qdrant_url": "http://127.0.0.1:6333",
  "vector_size": 13,
  "rows_scanned": 5347926,
  "rows_valid_p": 5347926,
  "rows_genome_wide_sig_p_lt_5e8": 4,
  "parse_fail_rows": 0,
  "top_n_materialized": 1500,
  "chromosome_counts_top": {
    "2": 456922,
    "1": 413220,
    "4": 397788,
    "3": 392400,
    "6": 356618,
    "5": 353474,
    "7": 310857,
    "8": 303809,
    "10": 274125,
    "11": 268729,
    "12": 263028,
    "9": 229883,
    "13": 207136,
    "14": 177606,
    "18": 156182,
    "15": 150078,
    "16": 148866,
    "17": 129129,
    "20": 119118,
    "19": 95981,
    "21": 75048,
    "22": 67929
  },
  "house_counts": {
    "Aleph": 105,
    "Axe": 89,
    "Epsilon": 103,
    "Gamma": 96,
    "Isfet": 109,
    "Lambda": 104,
    "Ma'at": 113,
    "Omega": 90,
    "Phi": 115,
    "Plit": 94,
    "Psi": 90,
    "Rekh": 90,
    "Seshet": 116,
    "Sigma": 80,
    "Zeta": 106
  },
  "best_hit": {
    "CHR_BP_hg19": "6_31323455",
    "CHR": 6,
    "BP": 31323455,
    "A1": "A",
    "A2": "G",
    "Neff": 15588.88,
    "Z": -5.616,
    "P": 1.958e-08,
    "Direction": "--+?",
    "HetISq": 60.6,
    "HetChiSq": 5.07,
    "HetDf": 2,
    "HetPVal": 0.07925,
    "RSID": "rs41557415",
    "MAF_dbsnp151": 0.043331,
    "BETA": -0.156057824643105,
    "SE": 0.027788074188587
  },
  "top_hits_sample": [
    {
      "CHR_BP_hg19": "6_31323455",
      "CHR": 6,
      "BP": 31323455,
      "A1": "A",
      "A2": "G",
      "Neff": 15588.88,
      "Z": -5.616,
      "P": 1.958e-08,
      "Direction": "--+?",
      "HetISq": 60.6,
      "HetChiSq": 5.07,
      "HetDf": 2,
      "HetPVal": 0.07925,
      "RSID": "rs41557415",
      "MAF_dbsnp151": 0.043331,
      "BETA": -0.156057824643105,
      "SE": 0.027788074188587
    },
    {
      "CHR_BP_hg19": "6_31322987",
      "CHR": 6,
      "BP": 31322987,
      "A1": "T",
      "A2": "C",
      "Neff": 15588.88,
      "Z": 5.613,
      "P": 1.987e-08,
      "Direction": "++-?",
      "HetISq": 60.3,
      "HetChiSq": 5.041,
      "HetDf": 2,
      "HetPVal": 0.08041,
      "RSID": "rs1140487",
      "MAF_dbsnp151": 0.031719,
      "BETA": 0.181206477566192,
      "SE": 0.0322833560602515
    },
    {
      "CHR_BP_hg19": "6_31322611",
      "CHR": 6,
      "BP": 31322611,
      "A1": "T",
      "A2": "C",
      "Neff": 15588.88,
      "Z": 5.612,
      "P": 1.998e-08,
      "Direction": "++-?",
      "HetISq": 60.2,
      "HetChiSq": 5.022,
      "HetDf": 2,
      "HetPVal": 0.08121,
      "RSID": "rs41561016",
      "MAF_dbsnp151": 0.043331,
      "BETA": 0.155946896536619,
      "SE": 0.0277881141369598
    },
    {
      "CHR_BP_hg19": "6_31322690",
      "CHR": 6,
      "BP": 31322690,
      "A1": "A",
      "A2": "G",
      "Neff": 15588.88,
      "Z": -5.476,
      "P": 4.35e-08,
      "Direction": "--+?",
      "HetISq": 57.7,
      "HetChiSq": 4.733,
      "HetDf": 2,
      "HetPVal": 0.09379,
      "RSID": "rs41543314",
      "MAF_dbsnp151": 0.03774,
      "BETA": -0.162583519148784,
      "SE": 0.0296901970688064
    },
    {
      "CHR_BP_hg19": "6_29559238",
      "CHR": 6,
      "BP": 29559238,
      "A1": "T",
      "A2": "C",
      "Neff": 17014.55,
      "Z": 5.422,
      "P": 5.904e-08,
      "Direction": "++++",
      "HetISq": 0.0,
      "HetChiSq": 0.458,
      "HetDf": 3,
      "HetPVal": 0.9281,
      "RSID": "rs1233385",
      "MAF_dbsnp151": 0.017372,
      "BETA": 0.224770823194995,
      "SE": 0.0414553344144218
    },
    {
      "CHR_BP_hg19": "6_29274136",
      "CHR": 6,
      "BP": 29274136,
      "A1": "T",
      "A2": "C",
      "Neff": 17014.55,
      "Z": 5.381,
      "P": 7.416e-08,
      "Direction": "++++",
      "HetISq": 0.0,
      "HetChiSq": 1.683,
      "HetDf": 3,
      "HetPVal": 0.6408,
      "RSID": "rs3117427",
      "MAF_dbsnp151": 0.044728,
      "BETA": 0.140998753146337,
      "SE": 0.0262030762212111
    },
    {
      "CHR_BP_hg19": "6_29659255",
      "CHR": 6,
      "BP": 29659255,
      "A1": "A",
      "A2": "C",
      "Neff": 16084.39,
      "Z": -5.332,
      "P": 9.725e-08,
      "Direction": "-?--",
      "HetISq": 0.0,
      "HetChiSq": 0.456,
      "HetDf": 2,
      "HetPVal": 0.796,
      "RSID": "rs3131894",
      "MAF_dbsnp151": 0.017372,
      "BETA": -0.227336874135912,
      "SE": 0.0426363229812288
    },
    {
      "CHR_BP_hg19": "6_29607101",
      "CHR": 6,
      "BP": 29607101,
      "A1": "T",
      "A2": "C",
      "Neff": 16084.39,
      "Z": 5.292,
      "P": 1.211e-07,
      "Direction": "+?++",
      "HetISq": 0.0,
      "HetChiSq": 0.408,
      "HetDf": 2,
      "HetPVal": 0.8155,
      "RSID": "rs3131856",
      "MAF_dbsnp151": 0.017572,
      "BETA": 0.224369500381318,
      "SE": 0.0423978647734917
    },
    {
      "CHR_BP_hg19": "6_29523957",
      "CHR": 6,
      "BP": 29523957,
      "A1": "A",
      "A2": "G",
      "Neff": 17014.55,
      "Z": 5.271,
      "P": 1.36e-07,
      "Direction": "++++",
      "HetISq": 0.0,
      "HetChiSq": 0.572,
      "HetDf": 3,
      "HetPVal": 0.9027,
      "RSID": "rs404240",
      "MAF_dbsnp151": 0.047597,
      "BETA": 0.134095227594644,
      "SE": 0.0254401873638103
    },
    {
      "CHR_BP_hg19": "6_29266483",
      "CHR": 6,
      "BP": 29266483,
      "A1": "A",
      "A2": "G",
      "Neff": 16084.39,
      "Z": -5.247,
      "P": 1.548e-07,
      "Direction": "-?--",
      "HetISq": 0.0,
      "HetChiSq": 1.652,
      "HetDf": 2,
      "HetPVal": 0.4378,
      "RSID": "rs3117439",
      "MAF_dbsnp151": 0.04393,
      "BETA": -0.142625426875145,
      "SE": 0.0271822807080512
    },
    {
      "CHR_BP_hg19": "6_29452136",
      "CHR": 6,
      "BP": 29452136,
      "A1": "T",
      "A2": "G",
      "Neff": 17014.55,
      "Z": 5.247,
      "P": 1.55e-07,
      "Direction": "++++",
      "HetISq": 0.0,
      "HetChiSq": 0.624,
      "HetDf": 3,
      "HetPVal": 0.8909,
      "RSID": "rs1234844",
      "MAF_dbsnp151": 0.01857,
      "BETA": 0.210522799809349,
      "SE": 0.0401225080635313
    },
    {
      "CHR_BP_hg19": "6_29442701",
      "CHR": 6,
      "BP": 29442701,
      "A1": "T",
      "A2": "C",
      "Neff": 17014.55,
      "Z": -5.226,
      "P": 1.729e-07,
      "Direction": "----",
      "HetISq": 0.0,
      "HetChiSq": 0.636,
      "HetDf": 3,
      "HetPVal": 0.8881,
      "RSID": "rs2746150",
      "MAF_dbsnp151": 0.017971,
      "BETA": -0.213082419104234,
      "SE": 0.0407735206858465
    },
    {
      "CHR_BP_hg19": "6_29484215",
      "CHR": 6,
      "BP": 29484215,
      "A1": "T",
      "A2": "G",
      "Neff": 17014.55,
      "Z": -5.217,
      "P": 1.819e-07,
      "Direction": "----",
      "HetISq": 0.0,
      "HetChiSq": 0.711,
      "HetDf": 3,
      "HetPVal": 0.8705,
      "RSID": "rs2523431",
      "MAF_dbsnp151": 0.01877,
      "BETA": -0.20822409391837,
      "SE": 0.0399126114468795
    },
    {
      "CHR_BP_hg19": "6_27884012",
      "CHR": 6,
      "BP": 27884012,
      "A1": "T",
      "A2": "C",
      "Neff": 17014.55,
      "Z": -5.215,
      "P": 1.834e-07,
      "Direction": "----",
      "HetISq": 0.0,
      "HetChiSq": 0.378,
      "HetDf": 3,
      "HetPVal": 0.9447,
      "RSID": "rs13218875",
      "MAF_dbsnp151": 0.019968,
      "BETA": -0.201927215140692,
      "SE": 0.0387204631142266
    },
    {
      "CHR_BP_hg19": "6_27795418",
      "CHR": 6,
      "BP": 27795418,
      "A1": "A",
      "A2": "G",
      "Neff": 17014.55,
      "Z": -5.21,
      "P": 1.884e-07,
      "Direction": "----",
      "HetISq": 0.0,
      "HetChiSq": 0.283,
      "HetDf": 3,
      "HetPVal": 0.9632,
      "RSID": "rs200493",
      "MAF_dbsnp151": 0.106829,
      "BETA": -0.0913596557321477,
      "SE": 0.0175354425589535
    },
    {
      "CHR_BP_hg19": "6_29519554",
      "CHR": 6,
      "BP": 29519554,
      "A1": "T",
      "A2": "G",
      "Neff": 16084.39,
      "Z": -5.204,
      "P": 1.948e-07,
      "Direction": "-?--",
      "HetISq": 0.0,
      "HetChiSq": 0.582,
      "HetDf": 2,
      "HetPVal": 0.7474,
      "RSID": "rs408623",
      "MAF_dbsnp151": 0.017971,
      "BETA": -0.218225956745026,
      "SE": 0.0419342730101894
    },
    {
      "CHR_BP_hg19": "6_29526562",
      "CHR": 6,
      "BP": 29526562,
      "A1": "A",
      "A2": "G",
      "Neff": 16084.39,
      "Z": -5.199,
      "P": 2.006e-07,
      "Direction": "-?--",
      "HetISq": 0.0,
      "HetChiSq": 0.573,
      "HetDf": 2,
      "HetPVal": 0.7509,
      "RSID": "rs413670",
      "MAF_dbsnp151": 0.017971,
      "BETA": -0.21801663730762,
      "SE": 0.0419343407016003
    },
    {
      "CHR_BP_hg19": "6_29356331",
      "CHR": 6,
      "BP": 29356331,
      "A1": "A",
      "A2": "G",
      "Neff": 17014.55,
      "Z": 5.198,
      "P": 2.017e-07,
      "Direction": "++++",
      "HetISq": 0.0,
      "HetChiSq": 0.391,
      "HetDf": 3,
      "HetPVal": 0.942,
      "RSID": "rs9257809",
      "MAF_dbsnp151": 0.024561,
      "BETA": 0.18190448443994,
      "SE": 0.0349950912735551
    },
    {
      "CHR_BP_hg19": "7_77439916",
      "CHR": 7,
      "BP": 77439916,
      "A1": "A",
      "A2": "G",
      "Neff": 17014.55,
      "Z": 5.197,
      "P": 2.021e-07,
      "Direction": "++++",
      "HetISq": 0.0,
      "HetChiSq": 0.255,
      "HetDf": 3,
      "HetPVal": 0.9683,
      "RSID": "rs10953354",
      "MAF_dbsnp151": 0.172324,
      "BETA": 0.074538387884725,
      "SE": 0.0143425799277901
    },
    {
      "CHR_BP_hg19": "6_29435355",
      "CHR": 6,
      "BP": 29435355,
      "A1": "T",
      "A2": "C",
      "Neff": 17014.55,
      "Z": 5.196,
      "P": 2.036e-07,
      "Direction": "++++",
      "HetISq": 0.0,
      "HetChiSq": 0.687,
      "HetDf": 3,
      "HetPVal": 0.8763,
      "RSID": "rs2746149",
      "MAF_dbsnp151": 0.037141,
      "BETA": 0.148830340295864,
      "SE": 0.0286432525588653
    }
  ],
  "source_disclaimer": "Summary-statistics ingestion for computational analysis only."
}
