{
  "timestamp_utc": "2026-02-18T20:53:35.995273+00:00",
  "qdrant_url": "http://127.0.0.1:6333",
  "collections_total": 159,
  "collections": [
    {
      "collection": "astro_desi_lya_sample_live",
      "count": 22
    },
    {
      "collection": "bio_16s_gut_microbiome_meta_live",
      "count": 458
    },
    {
      "collection": "bio_colorectal_activity_bmi_live",
      "count": 4545
    },
    {
      "collection": "bio_diabetes_t2_15houses_live",
      "count": 15
    },
    {
      "collection": "bio_diabetes_t2_wave_20260218",
      "count": 3
    },
    {
      "collection": "bio_external_dm2_lupus_15houses_live",
      "count": 27
    },
    {
      "collection": "bio_hiv_acquisition_meta_15houses_live",
      "count": 1500
    },
    {
      "collection": "bio_hiv_cohabitation_monthly_safe_live",
      "count": 6
    },
    {
      "collection": "bio_hiv_dual_strain_sim_live",
      "count": 6
    },
    {
      "collection": "bio_hiv_gwas_ccr5_15houses_live",
      "count": 79
    },
    {
      "collection": "bio_hiv_sle_12m_extensions_live",
      "count": 5
    },
    {
      "collection": "bio_hiv_wrapper_functional_cure_live",
      "count": 3
    },
    {
      "collection": "bio_insectsound_18682538_live",
      "count": 2
    },
    {
      "collection": "bio_lupus_wave_20260218",
      "count": 247
    },
    {
      "collection": "bio_lupus_wrapper_tolerance_live",
      "count": 4
    },
    {
      "collection": "bio_microbiome_ship_trend_glaucoma_live",
      "count": 80
    },
    {
      "collection": "bio_mosites_microbiome_kenya_live",
      "count": 602
    },
    {
      "collection": "bio_phagocytosis_15houses_live",
      "count": 15
    },
    {
      "collection": "bio_phagocytosis_threshold_house_sweep_live",
      "count": 8
    },
    {
      "collection": "bio_reproductive_obesity_microbiome_live",
      "count": 3
    },
    {
      "collection": "climate_nicam_highresmip_mcs_sa_live",
      "count": 10002
    },
    {
      "collection": "code_embeddings",
      "count": 2462
    },
    {
      "collection": "cryo_lakeice_18682467_live",
      "count": 2
    },
    {
      "collection": "development_system_embeddings",
      "count": 17698
    },
    {
      "collection": "dodecatiad_metrics",
      "count": 2068
    },
    {
      "collection": "dodecatiad_metrics_dynamic_logs_live",
      "count": 10536
    },
    {
      "collection": "erika_reeds_light_map",
      "count": 1000
    },
    {
      "collection": "infra_scewero_deliverable_summer_live",
      "count": 12
    },
    {
      "collection": "kb_reeds_neurais",
      "count": 0
    },
    {
      "collection": "kb_theory_sovereign",
      "count": 22
    },
    {
      "collection": "kb_zenodo_ciência_e_inteligência_fractal",
      "count": 0
    },
    {
      "collection": "kb_zenodo_conjunto_de_dados_de_metadados_gotriple",
      "count": 0
    },
    {
      "collection": "kb_zenodo_coswara_audio_signals",
      "count": 0
    },
    {
      "collection": "kb_zenodo_coswara_audio_signals.1",
      "count": 0
    },
    {
      "collection": "kb_zenodo_dados_de_oceanografia_física_e_meteorológicos_do_observatório_w1m3a",
      "count": 0
    },
    {
      "collection": "kb_zenodo_dados_para_o_infra_finder",
      "count": 0
    },
    {
      "collection": "kb_zenodo_event_galaxies_ms250601e",
      "count": 0
    },
    {
      "collection": "kb_zenodo_root",
      "count": 13
    },
    {
      "collection": "kb_zenodo_scientific_datasets",
      "count": 0
    },
    {
      "collection": "knowledge_links",
      "count": 50
    },
    {
      "collection": "neurocore_adapter_20260211",
      "count": 1500
    },
    {
      "collection": "neurocore_adapter_20260211_10000",
      "count": 2601
    },
    {
      "collection": "neurocore_adapter_20260211_10kstack",
      "count": 10000
    },
    {
      "collection": "neurocore_adapter_20260211_124411",
      "count": 2000
    },
    {
      "collection": "neurocore_adapter_20260211_4000",
      "count": 2601
    },
    {
      "collection": "neurocore_adapter_coremesh_20260211_10k",
      "count": 10000
    },
    {
      "collection": "neurocore_adapter_coremesh_20260211_4k",
      "count": 4000
    },
    {
      "collection": "omnimind_1000g_seed_1000g_2504_high_coverage_sequence_8a861b0a_20260217",
      "count": 6
    },
    {
      "collection": "omnimind_1000g_seed_all_wgs_integrated_sv_map_v2_20130502_svs_genotypes_vcf_7401b850_20260217",
      "count": 120
    },
    {
      "collection": "omnimind_1000g_seed_all_wgs_integrated_sv_map_v2_20130502_svs_genotypes_vcf_gz_a596f9a9_20260217",
      "count": 10
    },
    {
      "collection": "omnimind_1000g_seed_na06985_final_cram_b26a8efd_20260217",
      "count": 25
    },
    {
      "collection": "omnimind_1000g_seed_readme_phase3_sv_callset_20150224_05319b14_20260217",
      "count": 1
    },
    {
      "collection": "omnimind_agent_graph",
      "count": 3607
    },
    {
      "collection": "omnimind_ahxiom_zenodo_16422989_20260217",
      "count": 35
    },
    {
      "collection": "omnimind_atlasj1013_informacional_fallback_20260212",
      "count": 68
    },
    {
      "collection": "omnimind_backup_structure_20260211",
      "count": 3
    },
    {
      "collection": "omnimind_backup_structure_20260211_tempfagocitose",
      "count": 32
    },
    {
      "collection": "omnimind_bio_hiv_lupus_phagocytosis_cephia_18635252_zip_analysis_20260217t184037z_6d512280_20260217",
      "count": 1
    },
    {
      "collection": "omnimind_bio_hiv_lupus_phagocytosis_cephia_18635252_zip_analysis_20260217t184037z_bb0a4701_20260217",
      "count": 2
    },
    {
      "collection": "omnimind_bio_hiv_lupus_phagocytosis_hiv_18408552_zip_analysis_20260217t184039z_5865d023_20260217",
      "count": 2
    },
    {
      "collection": "omnimind_bio_hiv_lupus_phagocytosis_hiv_18408552_zip_analysis_20260217t184039z_e1cbe8e6_20260217",
      "count": 1
    },
    {
      "collection": "omnimind_bio_hiv_lupus_phagocytosis_pbmc_18161013_zip_analysis_20260217t184036z_183559c2_20260217",
      "count": 2
    },
    {
      "collection": "omnimind_bio_hiv_lupus_phagocytosis_pbmc_18161013_zip_analysis_20260217t184036z_4fc6e5c7_20260217",
      "count": 1
    },
    {
      "collection": "omnimind_bio_hiv_lupus_phagocytosis_shiv_song_zip_analysis_20260217t184042z_3dc20a04_20260217",
      "count": 2
    },
    {
      "collection": "omnimind_bio_hiv_lupus_phagocytosis_shiv_song_zip_analysis_20260217t184042z_9ac67db0_20260217",
      "count": 1
    },
    {
      "collection": "omnimind_bio_hiv_lupus_phagocytosis_trimrepo_hiv_zip_analysis_20260217t184040z_7bb76552_20260217",
      "count": 1
    },
    {
      "collection": "omnimind_bio_hiv_lupus_phagocytosis_trimrepo_hiv_zip_analysis_20260217t184040z_93cb8a1c_20260217",
      "count": 2
    },
    {
      "collection": "omnimind_bio_nuclear_rich_cephia_public_use_data_18635252_zip_zip_analysis_20260217t210547z_0588efd7_20260217",
      "count": 1
    },
    {
      "collection": "omnimind_bio_nuclear_rich_cephia_public_use_data_18635252_zip_zip_analysis_20260217t210547z_a11c6339_20260217",
      "count": 2
    },
    {
      "collection": "omnimind_bio_nuclear_rich_ensdf_260101_zip_zip_analysis_20260217t210544z_2ba281ed_20260217",
      "count": 1
    },
    {
      "collection": "omnimind_bio_nuclear_rich_ensdf_260101_zip_zip_analysis_20260217t210544z_973aae2f_20260217",
      "count": 2
    },
    {
      "collection": "omnimind_bio_nuclear_rich_ensdf_260202_zip_zip_analysis_20260217t210545z_918e2e3a_20260217",
      "count": 1
    },
    {
      "collection": "omnimind_bio_nuclear_rich_ensdf_260202_zip_zip_analysis_20260217t210545z_e5bc86d1_20260217",
      "count": 2
    },
    {
      "collection": "omnimind_bio_nuclear_rich_matriz_de_express_o_g_nica_de_pbmc_18161013_zip_zip_analysis_20260217t210546z_78b213a4_20260217",
      "count": 1
    },
    {
      "collection": "omnimind_bio_nuclear_rich_matriz_de_express_o_g_nica_de_pbmc_18161013_zip_zip_analysis_20260217t210546z_dd98de64_20260217",
      "count": 2
    },
    {
      "collection": "omnimind_bio_nuclear_rich_nndc_endf_archives_analysis_20260217t210253z_0a419808_20260217",
      "count": 2
    },
    {
      "collection": "omnimind_bio_nuclear_rich_nndc_endf_archives_analysis_20260217t210253z_bd7202c1_20260217",
      "count": 1
    },
    {
      "collection": "omnimind_bio_nuclear_rich_rojected_the_epidemiological_and_economic_impact_of_preference_driven_hiv_184085_0adfce1f_20260217",
      "count": 1
    },
    {
      "collection": "omnimind_bio_nuclear_rich_rojected_the_epidemiological_and_economic_impact_of_preference_driven_hiv_184085_dec083d6_20260217",
      "count": 2
    },
    {
      "collection": "omnimind_bio_triade_ahxiohm_16422989_zip_analysis_20260217t192652z_9da1352b_20260217",
      "count": 2
    },
    {
      "collection": "omnimind_bio_triade_cancer_genes_14241784_zip_analysis_20260217t192655z_e8bdfba3_20260217",
      "count": 2
    },
    {
      "collection": "omnimind_bio_triade_dosage_sensitivity_7689948_zip_analysis_20260217t192653z_eeb51ca3_20260217",
      "count": 2
    },
    {
      "collection": "omnimind_bio_triade_ldna_5009529_zip_analysis_20260217t192654z_21f707ae_20260217",
      "count": 2
    },
    {
      "collection": "omnimind_bio_triade_volcano_csv_14885613_zip_analysis_20260217t192657z_cf3abd41_20260217",
      "count": 2
    },
    {
      "collection": "omnimind_bio_triade_xanthomonas_qs_6403185_zip_analysis_20260217t192656z_d3bdff16_20260217",
      "count": 2
    },
    {
      "collection": "omnimind_biozip_cancer_genes_14241784_e72dac46_20260217",
      "count": 1
    },
    {
      "collection": "omnimind_biozip_ldna_linkage_disequilibrium_network_analysis_ldna_gives_a_global5009529_5bf936ee_20260217",
      "count": 1
    },
    {
      "collection": "omnimind_biozip_precise_modulation_of_transcription_factor_levels_reveals_drivers_of_dosage_sens_9caf13ff_20260217",
      "count": 1
    },
    {
      "collection": "omnimind_biozip_rich_cancer_genes_14241784_zip_analysis_20260217t175035z_906414cb_20260217",
      "count": 2
    },
    {
      "collection": "omnimind_biozip_rich_cancer_genes_14241784_zip_analysis_20260217t175035z_aafc3187_20260217",
      "count": 1
    },
    {
      "collection": "omnimind_biozip_rich_dosage_sensitivity_7689948_zip_analysis_20260217t175033z_50efb8a7_20260217",
      "count": 2
    },
    {
      "collection": "omnimind_biozip_rich_dosage_sensitivity_7689948_zip_analysis_20260217t175033z_85faf441_20260217",
      "count": 1
    },
    {
      "collection": "omnimind_biozip_rich_ldna_5009529_zip_analysis_20260217t175034z_47ce69bf_20260217",
      "count": 2
    },
    {
      "collection": "omnimind_biozip_rich_ldna_5009529_zip_analysis_20260217t175034z_a1d4b785_20260217",
      "count": 1
    },
    {
      "collection": "omnimind_biozip_rich_volcano_csv_14885613_zip_analysis_20260217t175036z_3d33bd9d_20260217",
      "count": 2
    },
    {
      "collection": "omnimind_biozip_rich_volcano_csv_14885613_zip_analysis_20260217t175036z_a871f3ac_20260217",
      "count": 1
    },
    {
      "collection": "omnimind_biozip_volcano_csv_14885613_aae01e56_20260217",
      "count": 1
    },
    {
      "collection": "omnimind_codebase",
      "count": 0
    },
    {
      "collection": "omnimind_codebase_20260127",
      "count": 4761
    },
    {
      "collection": "omnimind_cold_storage_v1",
      "count": 31
    },
    {
      "collection": "omnimind_config",
      "count": 0
    },
    {
      "collection": "omnimind_consciousness",
      "count": 1589
    },
    {
      "collection": "omnimind_corpo_simbolico",
      "count": 69435
    },
    {
      "collection": "omnimind_docs",
      "count": 0
    },
    {
      "collection": "omnimind_docs_20260127",
      "count": 2572
    },
    {
      "collection": "omnimind_embeddings",
      "count": 0
    },
    {
      "collection": "omnimind_episodes",
      "count": 0
    },
    {
      "collection": "omnimind_erika_feedback",
      "count": 26
    },
    {
      "collection": "omnimind_external_hd_20260127",
      "count": 0
    },
    {
      "collection": "omnimind_fagocitose_bridge_digital_phagocytosis_hiv_lupus_bridge_20260217t210713z_9675262b_20260217",
      "count": 1
    },
    {
      "collection": "omnimind_fagocitose_bridge_digital_phagocytosis_hiv_lupus_bridge_20260217t210713z_f0ed56cc_20260217",
      "count": 2
    },
    {
      "collection": "omnimind_hd_externo_20260127",
      "count": 48871
    },
    {
      "collection": "omnimind_ide_soberano",
      "count": 228703
    },
    {
      "collection": "omnimind_kernel_vida",
      "count": 1077553
    },
    {
      "collection": "omnimind_knowledge_base",
      "count": 3150
    },
    {
      "collection": "omnimind_localfirst_probe_20260217_sovereign_dynamic_thresholds_20260217t142050z_9cf5c971_20260217",
      "count": 2
    },
    {
      "collection": "omnimind_mega_corpus",
      "count": 45269
    },
    {
      "collection": "omnimind_memories",
      "count": 0
    },
    {
      "collection": "omnimind_narratives",
      "count": 0
    },
    {
      "collection": "omnimind_necromancy_residues",
      "count": 3402
    },
    {
      "collection": "omnimind_omnidna",
      "count": 3
    },
    {
      "collection": "omnimind_omnidna_20260206",
      "count": 0
    },
    {
      "collection": "omnimind_ops_rich_autonomous_ops_recheck_20260217t201838z_6f046132_20260217",
      "count": 1
    },
    {
      "collection": "omnimind_ops_rich_autonomous_ops_recheck_20260217t201838z_758a3f8f_20260217",
      "count": 2
    },
    {
      "collection": "omnimind_ops_rich_core_services_recheck_tzfix_20260217t201955z_2def1437_20260217",
      "count": 2
    },
    {
      "collection": "omnimind_ops_rich_core_services_recheck_tzfix_20260217t201955z_7be0ea75_20260217",
      "count": 1
    },
    {
      "collection": "omnimind_ops_rich_gdrive_symlink_offload_batch_20260217t202431z_1b19d2d9_20260217",
      "count": 2
    },
    {
      "collection": "omnimind_ops_rich_gdrive_symlink_offload_batch_20260217t202431z_a4981d6c_20260217",
      "count": 1
    },
    {
      "collection": "omnimind_ops_rich_hf_collection_materialize_20260217t181750z_8a389746_20260217",
      "count": 1
    },
    {
      "collection": "omnimind_ops_rich_hf_collection_materialize_20260217t181750z_fa0e6085_20260217",
      "count": 2
    },
    {
      "collection": "omnimind_ops_rich_runtime_error_map_20260217t202008z_7aa5cb3a_20260217",
      "count": 1
    },
    {
      "collection": "omnimind_ops_rich_runtime_error_map_20260217t202008z_c68d95cf_20260217",
      "count": 2
    },
    {
      "collection": "omnimind_projects_20260127",
      "count": 108236
    },
    {
      "collection": "omnimind_quantum_commands",
      "count": 4480
    },
    {
      "collection": "omnimind_quantum_lexicon_events",
      "count": 572
    },
    {
      "collection": "omnimind_quantum_signals",
      "count": 1274
    },
    {
      "collection": "omnimind_scientific_graph",
      "count": 48
    },
    {
      "collection": "omnimind_system",
      "count": 0
    },
    {
      "collection": "omnimind_system_logs",
      "count": 0
    },
    {
      "collection": "omnimind_system_logs_20260127",
      "count": 11995
    },
    {
      "collection": "omnimind_triad_bio_epigenetics_knowledge_20260217",
      "count": 3
    },
    {
      "collection": "omnimind_triad_bio_local_20260217_cephia_public_use_data_18635252_5e54ebf7_20260217",
      "count": 1
    },
    {
      "collection": "omnimind_triad_bio_local_20260217_matriz_de_express_o_g_nica_de_pbmc_18161013_2fbd5416_20260217",
      "count": 1
    },
    {
      "collection": "omnimind_triad_bio_local_20260217_ml_dadddos_unimol_genai17640622_784c8757_20260217",
      "count": 1
    },
    {
      "collection": "omnimind_triad_bio_local_20260217_rojected_the_epidemiological_and_economic_impact_of_preference_driven_hiv_184085_4245679e_20260217",
      "count": 1
    },
    {
      "collection": "omnimind_triad_bio_local_20260217_shiv_song_v1_0_f5a5800c_20260217",
      "count": 1
    },
    {
      "collection": "omnimind_triad_bio_local_20260217_trimrepo_with_experimental_data_75ee915f_20260217",
      "count": 200
    },
    {
      "collection": "omnimind_var_migration_20260217",
      "count": 7
    },
    {
      "collection": "orchestrator_semantic_cache",
      "count": 0
    },
    {
      "collection": "phys_accelerated_structure_horizon_thermo_live",
      "count": 3
    },
    {
      "collection": "phys_emergent_hydrodynamics_longrange_magnet_live",
      "count": 6752
    },
    {
      "collection": "phys_linf_330028100_live",
      "count": 1
    },
    {
      "collection": "psychoanalytic_sessions",
      "count": 0
    },
    {
      "collection": "stats_uncertainty_weighted_param_fit_live",
      "count": 1
    },
    {
      "collection": "test_cache",
      "count": 0
    },
    {
      "collection": "test_collection",
      "count": 0
    },
    {
      "collection": "test_episodes",
      "count": 203
    },
    {
      "collection": "test_points",
      "count": 2
    },
    {
      "collection": "universal_machine_embeddings",
      "count": 58799
    }
  ]
}
